episode,total_reward,success_rate,avg_util,avg_imbalance,avg_response_time,deployed_pods,avg_available_nodes,min_available_nodes,safety_compliance_rate,safety_compliance_rate_after,z3_unsafe_prevented,epsilon,minikube_avg_cpu,minikube_avg_mem,minikube-m02_avg_cpu,minikube-m02_avg_mem,minikube-m03_avg_cpu,minikube-m03_avg_mem,minikube-m04_avg_cpu,minikube-m04_avg_mem,minikube_avg_rt,minikube-m02_avg_rt,minikube-m03_avg_rt,minikube-m04_avg_rt
1,8.21154640873249,10.0,0,0,0,2,4,4,100.0,100,0,1,11.0,11.0,4.0,4.333333333333334,1.0,1.0,10.333333333333334,32.33333333333333,100.0,55.76412000009441,100.0,137.80300600046758
2,4.292391406890985,5.0,6.583333333333334,5.20397113150195,1800.6692006668648,3,4.0,4,100.0,100,0,0.999100269973,11.0,11.0,10.0,11.0,7.000000000000001,18.0,15.0,48.0,100.0,100.0,11.622099998930935,100.0
3,42.35624712920848,50.0,10.75,3.5188294047909157,1256.7849920005756,13,4.0,4,85.71428571428571,100.0,2,0.9931227222546445,18.1875,27.749999999999996,13.25,23.0,21.625,50.0625,23.25,63.74999999999999,20.194526499981293,46.12166619976051,12.973786700058554,28.79113840055652
4,4.89103803333266,15.0,19.078125,6.252581879838156,2062.23673337513,16,4.0,4,20.0,100.0,8,0.9889597307439081,35.99999999999999,79.0,22.333333333333336,58.08333333333332,22.833333333333336,49.333333333333336,24.333333333333332,57.99999999999999,100.0,40.539596999709225,100.0,16.588431000855053
5,1.8758771985063407,10.0,26.375,6.002584064191726,2248.3212658329044,18,4.0,4,100.0,100,0,0.9868847835089506,36.00000000000001,79.0,23.0,59.0,28.333333333333332,59.66666666666667,25.0,55.00000000000001,100.0,100.0,13.065565999568207,100.0
6,6.608215241942467,15.0,28.083333333333332,5.346279376117103,2375.232804666666,21,4.0,4,66.66666666666666,100.0,1,0.9851097226602945,31.599999999999994,57.800000000000004,23.000000000000004,59.0,20.200000000000003,47.0,15.8,44.400000000000006,40.98390899998776,100.0,100.0,13.472708000335842
7,20.438973483666178,20.0,22.650000000000002,6.837352020857554,3239.095343599547,25,4.0,4,100.0,100,0,0.9827479403134837,20.0,21.000000000000004,13.999999999999998,16.599999999999998,13.0,35.0,16.0,44.39999999999999,100.0,9.065595999345533,100.0,35.20858425044935
8,9.490414905390224,10.0,15.75,4.106843442225479,4072.7012190003734,27,4.0,4,100,100,0,0.9815691733628665,35.0,41.0,10.0,11.0,13.0,35.0,26.0,69.0,13.400751499830221,100.0,100.0,100.0
9,7.883597767715734,15.0,21.000000000000004,10.159751576829624,5135.876708500291,30,4.0,4,100.0,100,0,0.9800977027500946,40.00000000000001,48.0,15.0,48.0,15.333333333333336,34.99999999999999,26.0,69.0,100.0,12.551703001008718,40.046108000024105,100.0
10,15.079075250304633,15.0,24.083333333333336,10.427398784311372,4613.728333333711,33,4.0,4,100.0,100,0,0.9786284380193153,50.0,62.0,20.333333333333332,55.33333333333332,23.0,59.0,26.0,69.0,11.781774333333791,45.695233999625394,100.0,100.0
11,5.255144284148501,5.0,29.833333333333336,11.899163885504045,3768.255736666712,34,4.0,4,100,100,0,0.9777479366283534,40.0,48.0,32.0,69.0,23.0,59.0,26.0,69.0,100.0,13.146896000762354,100.0,100.0
12,-8.162724068680312,15.0,30.25,6.495190528383291,3284.535077000328,37,4.0,4,23.52941176470588,100.0,13,0.9718981384415531,28.789473684210527,45.36842105263158,28.315789473684205,56.368421052631575,22.57894736842106,58.42105263157894,20.473684210526315,56.315789473684205,28.060261000670533,39.044164666120196,100.0,100.0
13,5.174700119904096,5.0,25.039473684210527,4.742151812546797,1473.663579315766,38,4.0,4,100,100,0,0.9713150870293208,35.0,72.0,18.0,21.0,1.0,1.0,10.0,11.0,100.0,100.0,100.0,15.269906998582883
14,22.42472591481897,40.0,16.0,12.509996003196802,4925.7494400008,46,4.0,4,83.33333333333334,100.0,1,0.9686956811532723,35.0,72.0,7.750000000000002,22.874999999999996,7.000000000000001,16.125,21.25,56.75,100.0,35.62292462484038,27.662917999759884,37.19544774980932
15,9.177308936899259,60.0,17.75,12.982456171116228,5441.396712374626,58,4.0,4,53.84615384615385,100.0,6,0.9640563891646851,41.13333333333335,60.133333333333326,24.59999999999999,63.53333333333332,27.133333333333336,64.66666666666667,33.06666666666666,71.93333333333332,80.14352841710206,15.50665591670016,63.434315666290786,20.71847099959996
16,16.945797551733172,40.0,31.483333333333334,7.527901117448723,5111.62628873329,66,4.0,4,71.42857142857143,100.0,2,0.9611681213036641,34.88888888888889,50.88888888888889,27.333333333333332,59.33333333333333,18.22222222222222,21.000000000000004,14.555555555555555,44.22222222222222,45.382283124899914,20.987461625736614,33.633147499040206,24.16834637433567
17,1.2096871458403538,60.0,23.75,8.779998297978178,6341.421766333548,78,4.0,4,53.333333333333336,100.0,7,0.9554175190036465,40.88235294117647,66.70588235294117,30.76470588235294,72.17647058823529,33.58823529411765,71.6470588235294,27.23529411764706,62.35294117647059,34.74316441640136,22.45207258371617,14.403425417034063,28.993752499688224
18,32.61865943306511,60.0,33.11764705882353,6.593310721733007,4257.439403176678,90,4.0,4,66.66666666666666,100.0,5,0.9497013221589079,47.94117647058824,59.29411764705882,23.588235294117645,64.76470588235294,35.17647058823529,79.23529411764704,41.29411764705882,61.05882352941177,11.455073500352833,20.921469333461573,25.411449165646143,32.802568499604
19,9.190057319026991,20.0,37.0,9.566451946423825,2970.86409558816,94,4.0,4,66.66666666666666,100.0,2,0.9471402034684092,62.125,74.75,21.000000000000004,64.99999999999999,18.0,46.0,35.62500000000001,48.00000000000001,13.006368999413098,100.0,100.0,34.1988787498849
20,9.334605159096494,10.0,34.1875,17.67826082744411,6120.6863971247,96,4.0,4,100,100,0,0.9460041465776737,39.0,45.0,30.5,72.0,1.0,1.0,28.000000000000004,35.0,100.0,11.730135499419703,100.0,100.0
21,20.281249960667033,20.0,24.625000000000004,14.423247348391735,2565.1449289989614,100,4.0,4,100.0,100,0,0.944019324923992,30.5,38.49999999999999,18.0,38.0,7.999999999999999,24.5,33.5,48.5,33.816191499590786,100.0,54.87576649993571,10.351740999794856
22,9.924288321521985,10.0,22.5,11.40625032777474,4680.9455182497,102,4.0,4,100.0,100,0,0.9426041452991516,31.0,41.0,27.500000000000004,45.0,15.0,48.0,41.0,59.0,100.0,11.189685999852372,100.0,100.0
23,0.6445810562751682,15.0,28.625,9.595194641300267,2376.5274285005944,105,4.0,4,29.411764705882355,100.0,12,0.9369646099818429,31.36842105263159,46.47368421052631,33.526315789473685,55.736842105263165,16.157894736842103,50.21052631578947,34.36842105263159,50.89473684210526,15.005254999778117,71.23698099991695,40.10672199898787,100.0
24,6.834336150536545,15.0,28.85526315789474,7.709209477116829,943.6838409476063,108,4.0,4,66.66666666666666,100.0,1,0.9347182546525445,36.0,79.0,28.400000000000002,45.60000000000001,16.599999999999998,46.8,25.599999999999994,51.0,100.0,100.0,87.7168960001048,14.919884665990443
25,33.15127118270246,60.0,26.650000000000002,9.14774007501797,10826.661337400583,120,4.0,4,53.333333333333336,100.0,7,0.9291259000728042,37.588235294117645,57.17647058823528,28.17647058823529,66.29411764705883,28.058823529411757,58.352941176470594,39.29411764705882,81.41176470588235,41.11592900050406,17.54378050009109,19.633694333727664,28.15989708287816
26,9.15102452849149,10.0,33.279411764705884,7.149509277187617,3584.5377325293907,122,4.0,4,100.0,100,0,0.9280114506203649,49.66666666666668,63.0,26.666666666666668,50.66666666666667,23.0,59.0,34.66666666666667,62.0,100.0,100.0,100.0,27.829922999444534
27,2.466290782701712,35.0,33.5,12.2468202155628,8091.255750334312,129,4.0,4,66.66666666666666,100.0,2,0.9255088243570071,35.5,55.50000000000001,21.625,42.25,9.5,22.249999999999996,34.75,62.0,51.01631542867316,17.517788714290614,49.92190185678607,100.0
28,22.977060960677438,30.0,25.34375,12.067016515704243,7213.874852874824,135,4.0,4,50.0,100.0,3,0.9230129470817245,28.375,61.74999999999999,32.75,63.87499999999999,30.500000000000004,68.75,26.625,46.5,100.0,27.005584000350307,12.263098332671992,70.34640850003295
29,5.123922565210411,5.0,29.562500000000004,4.9243783147746285,3185.797571375133,136,4.0,4,100,100,0,0.9224592223846408,34.0,68.0,25.0,55.00000000000001,33.0,72.0,11.0,14.000000000000002,11.415210999984993,100.0,100.0,100.0
30,22.02800080228119,40.0,25.750000000000007,9.202581159652983,8620.311107000816,144,4.0,4,80.0,100.0,2,0.918868099963192,31.333333333333336,50.74999999999999,28.249999999999996,55.83333333333332,32.75,71.24999999999999,12.916666666666668,18.91666666666667,24.544017374819305,10.384690750925074,37.30470925065674,47.28487062525346
31,42.711097278746735,85.0,26.3125,9.655618478775112,3866.3262167497123,161,4.0,4,72.22222222222221,100.0,5,0.9133705757611884,38.24999999999999,61.849999999999994,23.299999999999997,51.1,24.65,41.75,7.15,10.45,17.54328794143957,39.74272988285948,13.310693999836289,28.364298117530243
32,8.583704725562422,60.0,23.3375,12.91238017708502,3794.5764629499536,173,4.0,4,62.5,100.0,6,0.9079059428657316,43.94444444444445,59.66666666666667,29.33333333333333,55.44444444444444,36.388888888888886,68.72222222222223,23.83333333333334,70.83333333333334,17.52036600022014,71.00340633320836,41.82364783328012,12.41166441589788
33,3.980356980594391,20.0,33.375,8.665015768250623,4087.392205444606,177,4.0,4,66.66666666666666,100.0,1,0.9062729373514374,34.400000000000006,41.2,28.999999999999996,67.60000000000001,17.2,31.4,22.200000000000003,68.39999999999999,34.09754200029056,9.113869999055169,55.76420975039582,100.0
34,13.55555281864289,65.0,25.7,7.262236735674074,6971.020818199395,190,4.0,4,46.666666666666664,100.0,8,0.9008507691350092,43.11764705882353,64.58823529411765,28.999999999999996,62.41176470588235,30.411764705882355,67.0,15.176470588235293,31.588235294117645,31.521648000433252,25.71608438520343,12.78606576810349,19.43407915381473
35,19.052910448133638,35.0,29.426470588235297,10.922109229701723,4488.025296764724,197,4.0,4,83.33333333333334,100.0,1,0.8984213887726265,33.25,64.0,18.0,32.25,14.750000000000002,26.75,28.000000000000004,57.74999999999999,68.26036185666453,42.720901856695754,75.00859542830896,40.89008700066188
36,15.07022528097245,40.0,23.5,9.819100093884693,9040.619701750302,205,4.0,4,75.0,100.0,3,0.894386971578094,36.0,78.99999999999999,22.285714285714285,47.071428571428584,20.142857142857146,33.5,9.928571428571429,22.99999999999999,100.0,22.082081251437558,35.04570299983243,11.344627999733348
37,-17.121852991866234,35.0,22.089285714285715,11.122759096176194,1981.1239959999511,212,4.0,4,13.333333333333334,100.0,13,0.8890359162716752,33.58823529411764,68.64705882352942,41.588235294117645,76.47058823529412,41.11764705882353,83.64705882352942,24.88235294117647,75.99999999999999,63.17210228584632,90.60974171443377,100.0,11.413403285457337
38,-1.4118748545864537,50.0,35.294117647058826,8.070061756758042,1997.7263637062124,222,4.0,4,47.05882352941176,100.0,9,0.8837168759585448,36.421052631578945,65.84210526315788,33.05263157894737,76.0,19.26315789473684,46.68421052631578,20.157894736842106,60.0,21.451756300266425,12.03274839954247,65.0194890001876,29.051185099997383
39,3.8000837708421735,40.0,27.22368421052631,9.504876353434963,4134.28051942097,230,4.0,4,35.294117647058826,100.0,11,0.8784296590952151,36.368421052631575,73.36842105263159,34.05263157894737,72.15789473684208,28.631578947368432,72.42105263157895,25.31578947368421,67.05263157894736,10.763521000626497,55.16251900012321,21.587164999982633,34.51991312513201
40,0.8690751879950795,10.0,31.092105263157894,5.454791174111118,2009.5608722631848,232,4.0,4,50.0,100.0,1,0.876586616213304,35.0,72.0,44.5,68.5,36.0,82.0,26.0,69.0,100.0,9.696164999695611,100.0,100.0
41,15.775650024655448,25.0,35.375,6.629013834801982,1675.874985000064,237,4.0,4,80.0,100.0,1,0.874222670502961,34.57142857142858,61.71428571428571,32.714285714285715,49.85714285714286,23.28571428571429,46.28571428571429,3.8571428571428577,4.714285714285714,12.33888000024308,46.723289800356724,27.32826679959544,65.16622840004857
42,1.7441647150717063,10.0,23.607142857142858,13.44492262637878,4638.885041714145,239,4.0,4,100.0,100,0,0.872650249424687,39.0,75.0,31.0,45.0,25.0,62.0,11.0,14.000000000000002,11.308628000733734,100.0,100.0,100.0
43,-5.3865389262682095,40.0,26.5,10.351772878095078,3197.677901500356,247,4.0,4,25.0,100.0,12,0.8674292434214438,44.00000000000001,82.0,30.444444444444446,62.5,24.666666666666664,73.0,27.833333333333332,65.8888888888889,100.0,22.658287250305875,48.730221875848656,11.798473999988346
44,11.50642969652817,30.0,31.73611111111111,8.134810378607595,2487.700143444575,253,4.0,4,71.42857142857143,100.0,2,0.8648304659706199,26.444444444444443,43.222222222222214,30.555555555555557,61.44444444444444,20.111111111111114,61.66666666666666,23.888888888888893,46.77777777777778,45.8849926670761,99.87371550032549,11.503405999974348,36.35939833317631
45,26.728908466917304,75.0,25.25,6.21831525427986,8896.72954622256,268,4.0,4,66.66666666666666,100.0,5,0.8596562451901905,17.41176470588235,27.47058823529412,20.529411764705884,59.29411764705881,14.88235294117647,34.11764705882353,13.411764705882353,29.705882352941178,20.48163766640452,42.94505586648787,65.87507026682336,65.61231513325765
46,-12.25641013634696,55.00000000000001,16.558823529411764,8.742695284187088,10057.465734647312,279,4.0,4,41.17647058823529,100.0,10,0.8545129814143279,32.21052631578948,68.94736842105263,17.210526315789473,50.526315789473685,31.63157894736843,75.42105263157893,22.789473684210527,58.31578947368421,11.407537636015066,48.0442916361922,24.682069636963373,59.57566172728548
47,16.158003985560114,65.0,25.960526315789473,7.803005488052314,4012.90858868436,292,4.0,4,66.66666666666666,100.0,4,0.8496553860452314,35.78571428571429,64.28571428571429,28.214285714285715,57.285714285714285,24.285714285714295,49.07142857142858,21.857142857142858,50.28571428571428,33.540467846306946,14.730053615774242,25.727407154045068,67.06797107763123
48,20.25277440457096,70.0,27.53571428571428,7.6034167267083745,7674.961719856973,306,4.0,4,64.70588235294117,100.0,6,0.8445719567169815,34.473684210526315,61.94736842105263,23.842105263157894,56.73684210526315,26.157894736842106,57.315789473684205,18.736842105263154,44.78947368421052,47.0386941426893,14.334373713869095,18.44232635745097,32.412795142902596
49,-10.2815610344648,50.0,25.802631578947366,7.528115377376274,4820.829102842158,316,4.0,4,41.66666666666667,100.0,7,0.8402749618084034,31.571428571428573,66.85714285714285,31.5,66.85714285714285,26.92857142857143,53.071428571428555,23.214285714285708,60.7142857142857,100.0,23.505693699516996,48.69843540007423,27.817073400728987
50,22.457730360378545,25.0,28.303571428571427,6.369779725732835,7979.105926142698,321,4.0,4,100.0,100,0,0.838008939997511,23.57142857142857,35.857142857142854,3.0000000000000004,7.714285714285715,33.14285714285714,49.42857142857143,1.0,1.0,31.64289660009672,100.0,24.76844499942672,100.0
51,-9.656048339052981,50.0,15.178571428571427,14.438005101545018,5227.708350857159,331,4.0,4,40.0,100.0,9,0.8329951905493411,43.23529411764706,70.0,26.470588235294123,64.6470588235294,23.235294117647058,46.705882352941174,8.294117647058822,15.941176470588236,13.423931999568595,20.036738599956152,41.951229000078456,75.1147784000932
52,5.025808558941919,60.0,25.308823529411768,13.958753933360303,2943.526840882495,343,4.0,4,60.0,100.0,6,0.8280114380168717,40.41176470588235,63.05882352941177,21.588235294117645,44.88235294117647,19.941176470588236,58.647058823529406,13.294117647058822,26.05882352941176,24.798659750225244,99.473203333946,49.00087133304017,34.535064999454335
53,5.677779217009185,75.0,23.808823529411764,12.088148820740379,8235.339593882172,358,4.0,4,56.25,100.0,7,0.8230575029306327,48.55555555555556,62.5,21.833333333333336,54.49999999999999,17.333333333333336,53.388888888888886,10.500000000000002,15.666666666666664,137.88221286636448,17.656847599573666,18.015616334353883,23.639850866384222
54,5.2347028613863245,60.0,24.55555555555556,15.70299730135699,7227.521933944445,370,4.0,4,44.44444444444444,100.0,10,0.8181332068949091,34.45,51.94999999999999,22.349999999999998,58.44999999999998,24.05,63.89999999999999,29.69999999999999,70.05,15.248622582930693,88.9349697498498,20.603293417449702,93.05816466664207
55,-1.5306093577134137,55.00000000000001,27.6375,6.717915813055864,3420.1154597499226,381,4.0,4,33.33333333333333,100.0,8,0.8139707264850318,38.714285714285715,66.64285714285715,29.78571428571429,53.142857142857146,20.64285714285714,45.928571428571416,26.0,78.64285714285715,58.21573145460041,28.794869454048406,19.05267754439344,11.825571000372292
56,11.673546492091928,55.00000000000001,28.78571428571429,8.340639660575668,5107.657873143061,392,4.0,4,64.70588235294117,100.0,6,0.8091007960034393,36.84210526315789,61.421052631578945,33.26315789473684,48.52631578947367,18.36842105263158,46.21052631578948,25.631578947368418,77.73684210526316,15.745597728461938,70.81246490908433,35.382809090746875,45.47926845493335
57,13.352720822731024,15.0,28.52631578947368,8.86130816758976,4912.019673947725,395,4.0,4,100.0,100,0,0.8074032127679657,15.333333333333332,22.33333333333334,20.333333333333332,26.5,10.333333333333334,32.33333333333333,13.666666666666668,39.33333333333333,9.755158000189112,58.40868999972978,100.0,100.0
58,9.428417216170732,10.0,14.916666666666664,6.308287855580928,4337.36844266635,397,4.0,4,100,100,0,0.8066767678535423,27.999999999999996,48.0,31.0,45.0,1.0,1.0,1.0,1.0,14.710131999891018,100.0,100.0,100.0
59,28.604962532252728,80.0,15.25,14.526379730487793,4979.576563499904,413,4.0,4,58.82352941176471,100.0,7,0.8018504766212683,40.21052631578948,77.78947368421053,34.05263157894736,65.94736842105262,29.105263157894733,45.73684210526315,14.578947368421053,30.10526315789474,15.16956918806045,27.403492874987023,33.54635681241689,35.668715125848394
60,2.132241532885631,10.0,29.486842105263158,11.696040261615225,4445.874363421019,415,4.0,4,99,100.0,1,0.8008886889619868,30.666666666666664,38.99999999999999,32.0,59.0,51.0,76.00000000000001,34.99999999999999,69.0,12.90244849951705,100.0,100.0,100.0
61,-0.17219207354395538,60.0,37.166666666666664,8.796388465068183,2131.6923110001276,427,4.0,4,47.05882352941176,100.0,9,0.7960970274048432,41.31578947368421,55.63157894736843,31.68421052631579,56.84210526315789,32.05263157894737,65.63157894736842,30.736842105263147,67.63157894736842,83.04838624914434,11.691829416273928,34.63400249947881,55.81281416665055
62,9.498095199903872,10.0,33.94736842105263,6.936896576292434,3862.7355508947644,429,4.0,4,100,100,0,0.7953807550048818,47.0,65.0,29.000000000000004,67.0,1.0,1.0,27.0,82.0,12.476633000005677,100.0,100.0,100.0
63,-5.891448890251579,55.00000000000001,26.0,16.698413334935456,6231.976802499958,440,4.0,4,35.294117647058826,100.0,11,0.7906220470351286,51.52631578947368,73.26315789473684,37.99999999999999,66.15789473684211,21.789473684210524,50.1578947368421,20.157894736842106,60.68421052631577,59.660816454826005,12.157211545358718,19.145472727243693,75.25925363624992
64,-5.61532399000035,70.0,32.868421052631575,13.876796711914864,3477.808684999936,454,4.0,4,50.0,100.0,8,0.7858918100855738,40.666666666666664,76.33333333333331,20.277777777777782,41.111111111111114,17.77777777777778,53.444444444444436,18.333333333333336,47.444444444444436,18.98515057133149,32.48546771413073,37.04345399990935,24.433831856523675
65,-3.4236375535418544,15.0,24.26388888888889,11.123975552615489,4972.573598111214,457,4.0,4,25.0,100.0,6,0.7833022537777036,32.9,50.2,26.899999999999995,69.99999999999999,27.0,82.0,35.0,79.0,13.284176999756406,100.0,100.0,100.0
66,0.9135154641914558,10.0,30.45,4.90181295004113,1593.6033081999994,459,4.0,4,100.0,100,0,0.7821280051576056,48.0,65.0,26.0,69.0,22.333333333333336,66.33333333333333,34.99999999999999,79.0,13.319890000275336,100.0,100.0,100.0
67,28.531707798851656,75.0,32.83333333333333,10.097728487335022,3149.542765999892,474,4.0,4,76.47058823529412,100.0,4,0.7774485874723135,38.578947368421055,52.578947368421055,15.368421052631579,40.526315789473685,29.263157894736842,55.78947368421051,19.421052631578952,42.526315789473685,20.335105399620563,51.36364366660322,25.64574326701404,40.07764686631466
68,26.585134909784866,35.0,25.657894736842106,13.028979375750449,7467.511731842024,481,4.0,4,80.0,100.0,1,0.774886852042707,27.42857142857143,46.28571428571429,9.857142857142858,17.285714285714285,17.857142857142858,39.42857142857142,16.571428571428573,23.85714285714286,42.6183608575749,14.88005257124314,57.2729011427977,45.497433570770745
69,1.84866605879826,5.0,17.928571428571427,8.476838942726408,15519.537548857053,482,4.0,4,100.0,100,0,0.7741896630743968,21.0,24.0,14.333333333333334,18.666666666666668,18.666666666666668,43.0,4.666666666666667,7.666666666666668,100.0,228.91920500114793,100.0,100.0
70,14.847521998792796,80.0,14.666666666666666,7.487317524282988,8352.31702099918,498,4.0,4,58.82352941176471,100.0,7,0.7695577399399853,33.157894736842096,69.15789473684208,40.05263157894737,72.52631578947367,20.52631578947369,50.52631578947368,15.31578947368421,45.42105263157895,13.736528061826903,668.9217331242844,30.836514437214646,44.98552856293827
71,6.333806896943095,50.0,27.26315789473684,11.21460280770276,4753.768266947622,508,4.0,4,37.5,100.0,10,0.7649535292808837,31.499999999999993,57.611111111111114,21.833333333333336,60.72222222222222,30.555555555555557,72.0,25.722222222222218,74.8888888888889,55.88294799999858,15.239665901026456,20.287918200083368,39.03181270005007
72,22.760796619027957,65.0,27.402777777777782,6.139519239353651,5059.114705111117,521,4.0,4,52.94117647058824,100.0,8,0.7603768652952714,32.84210526315789,55.99999999999999,20.789473684210524,55.26315789473685,39.94736842105264,70.73684210526315,14.315789473684212,39.63157894736842,58.7353433849505,17.575867461905894,20.592861769210476,39.69989669212037
73,6.390613313685748,70.0,26.973684210526315,11.20307827914663,5167.193128736854,535,4.0,4,43.75,100.0,9,0.7558275831733088,47.111111111111114,68.44444444444444,24.88888888888889,62.33333333333335,29.888888888888893,47.94444444444445,27.72222222222222,56.277777777777786,249.05816821353386,15.060119000476593,49.104287785251344,20.089831999523863
74,12.01491578964643,20.0,32.40277777777778,11.928414265842093,5583.918298888824,539,4.0,4,50.0,100.0,1,0.7542417730487345,18.5,20.75,26.0,41.99999999999999,36.0,82.0,20.25,44.0,100.0,56.165291499200976,11.19600699894363,32.42328775004353
75,9.894539566573233,10.0,25.1875,7.676910958695267,5240.468303999933,541,4.0,4,100,100,0,0.7533370901301816,11.0,11.0,18.0,41.5,36.0,82.0,27.500000000000004,55.00000000000001,100.0,100.0,100.0,10.97111700073583
76,6.735606170577813,15.0,23.125,10.091007223779464,8943.040374000702,544,4.0,4,80.0,100.0,1,0.7515309783847178,18.000000000000004,34.5,22.833333333333336,47.666666666666664,35.99999999999999,82.0,33.0,65.0,39.57359200091256,10.220031667510435,100.0,100.0
77,24.608620579054662,25.0,27.458333333333336,7.62036828122909,1375.6347929999417,549,4.0,4,100.0,100,0,0.7499541830136756,20.0,21.0,37.5,69.0,11.833333333333334,24.16666666666666,39.666666666666664,74.33333333333333,18.012067999734427,48.20705799960706,64.0191694002715,30.088398400694132
78,0.17746320810987104,25.0,27.250000000000004,11.904584667549674,2984.28853983296,554,4.0,4,50.0,100.0,2,0.7483806959342588,40.33333333333333,51.33333333333333,38.99999999999999,67.66666666666667,28.166666666666668,35.0,43.0,79.0,10.244507799507119,100.0,27.571100799759733,100.0
79,5.408689172389373,5.0,37.625,7.531726801365044,2307.5019668337213,555,4.0,4,100.0,100,0,0.7474830431438946,50.0,65.0,36.0,52.0,37.0,45.0,43.0,79.0,100.0,12.845551000282285,100.0,100.0
80,4.46413054555086,40.0,41.5,5.879648505145019,1676.6039074991568,563,4.0,4,40.0,100.0,9,0.7430109038668479,54.11764705882353,69.23529411764706,37.882352941176464,57.82352941176471,37.29411764705882,45.76470588235294,34.88235294117648,70.8235294117647,13.627246999021736,23.182477499130982,66.01847837487185,44.97399374995439
81,11.873179334508736,45.0,41.04411764705882,8.664424517021507,3199.1191193527116,572,4.0,4,42.857142857142854,100.0,4,0.7403404736871894,21.666666666666668,33.44444444444445,42.11111111111111,62.22222222222222,23.555555555555557,40.0,27.111111111111114,70.44444444444444,22.55181933384544,10.036326000772533,31.0959937779747,60.86801244479526
82,24.99975894786872,25.0,28.61111111111111,10.93683691621093,5312.457729555616,577,4.0,4,100.0,100,0,0.739008859894498,26.0,47.599999999999994,31.0,45.0,32.599999999999994,58.00000000000001,10.8,15.0,12.68420580017846,100.0,27.090327200421598,46.35942100016109
83,-5.244080735275267,45.0,25.1,9.001607014208536,2983.3166193995567,586,4.0,4,50.0,100.0,7,0.7345874210689172,42.9375,75.06250000000001,29.000000000000004,64.375,35.5,61.12499999999999,32.25,62.87499999999999,29.66763688822943,12.857190444063033,52.06425100028961,20.502980445356418
84,13.69047590902895,20.0,34.921875,7.0376176668186075,3464.0399205623,590,4.0,4,100.0,100,0,0.7328262613083731,34.0,55.00000000000001,26.25,50.5,28.749999999999996,55.25,23.0,33.5,100.0,100.0,36.15291150063058,13.032548500632402
85,26.35404796199431,35.0,28.000000000000004,6.319190460639009,10344.704084749537,597,4.0,4,85.71428571428571,100.0,1,0.7306307480976956,22.777777777777775,25.55555555555556,32.88888888888889,54.11111111111111,40.55555555555556,76.22222222222221,20.0,25.0,37.28784471438433,36.203134713962626,29.026062000411912,100.0
86,10.371748595465256,10.0,29.05555555555555,9.253763831129575,5326.994286777739,599,4.0,4,100.0,100,0,0.7297543856616802,30.0,34.0,41.0,59.0,36.0,52.0,5.5,6.0,100.0,100.0,15.569560499898216,100.0
87,4.170230332964835,5.0,28.125,13.804190075579085,9357.988742499401,600,4.0,4,100,100,0,0.7288790743874469,30.0,34.0,41.0,59.0,41.0,59.0,10.0,11.0,100.0,100.0,100.0,53.47590600104013
88,8.410126852236731,10.0,30.5,12.65898890117216,5486.349296001208,602,4.0,4,100,100,0,0.7282232799981687,25.0,27.500000000000004,25.5,33.0,35.5,50.0,10.0,11.0,100.0,100.0,95.07871050027461,100.0
89,5.1931386823988905,5.0,24.0,9.831219129387831,22429.62062300012,603,4.0,4,100,100,0,0.727786411570265,11.0,11.0,11.0,14.000000000000002,40.0,55.00000000000001,18.0,21.0,100.0,100.0,100.0,14.753072000530665
90,6.693258943266869,50.0,20.0,11.89537725337032,2625.644102001388,613,4.0,4,35.714285714285715,100.0,9,0.7234321158757502,30.8125,66.5625,15.250000000000002,46.875,39.3125,69.37500000000001,12.000000000000002,29.874999999999996,18.89049549932679,33.74831000055565,28.75359529945854,63.75065979987994
91,-12.690918830920372,25.0,24.34375,11.810653195458812,2653.6172765001993,618,4.0,4,11.76470588235294,100.0,15,0.7191038716308007,34.684210526315795,75.42105263157893,25.736842105263165,78.42105263157895,37.57894736842105,66.57894736842105,41.52631578947368,81.47368421052632,100.0,100.0,30.014366599716595,11.520993000885937
92,11.175797789268634,20.0,34.88157894736843,6.946316614297762,2467.4713637895798,622,4.0,4,100.0,100,0,0.7180258628227102,17.0,21.0,10.0,11.0,15.0,48.0,12.5,28.999999999999996,32.044375750410836,28.27174300000479,100.0,56.43051699989883
93,2.050550705778363,35.0,13.625000000000002,5.300406625963582,8002.887643249323,629,4.0,4,60.0,100.0,4,0.7150160277797317,31.416666666666664,70.25,13.833333333333334,20.0,14.500000000000002,37.833333333333336,27.66666666666666,71.16666666666666,12.477224427649551,22.63994714220254,49.27238171445164,75.47289971470101
94,0.4667761499407863,40.0,21.854166666666668,8.370658648163237,2584.2872619167188,637,4.0,4,28.57142857142857,100.0,5,0.7124462130306005,36.0,79.0,25.111111111111107,58.333333333333336,37.55555555555555,56.999999999999986,28.22222222222222,71.88888888888889,100.0,32.95546562517302,11.219344000210185,77.27397975004351
95,5.042117976511066,55.00000000000001,31.722222222222225,6.659619202337448,3263.3858745551456,648,4.0,4,46.666666666666664,100.0,8,0.7081836966814987,34.11764705882353,72.3529411764706,30.823529411764707,68.29411764705881,40.29411764705882,58.17647058823528,37.29411764705882,71.0,36.202897636592915,13.376910726616519,22.48651045487019,29.144112818043638
96,15.644456099671801,40.0,35.63235294117647,6.200326635362012,5321.300091176454,656,4.0,4,55.55555555555556,100.0,4,0.7052151182256218,34.72727272727273,63.45454545454546,18.999999999999996,50.0,29.090909090909093,41.54545454545454,16.18181818181818,36.45454545454545,44.23219687473647,18.257424000239553,26.059034875243015,100.0
97,21.258897899333093,30.0,24.750000000000004,10.09393119763001,6674.525107363562,662,4.0,4,100.0,100,0,0.7028913960104636,34.0,68.0,36.0,82.0,13.25,16.75,15.625,38.49999999999999,100.0,13.021237999055302,42.39616999911959,28.684537000056782
98,4.948224006919039,5.0,24.71875,10.770415150661606,2849.0255875001367,663,4.0,4,100,100,0,0.702469724433083,34.0,68.0,36.0,82.0,11.0,14.000000000000002,22.0,45.0,100.0,100.0,100.0,18.5863340011565
99,5.248554180786397,5.0,25.75,10.059199769365355,3352.654825999707,664,4.0,4,100.0,100,0,0.7018376913289522,27.0,44.5,36.0,82.0,16.0,21.000000000000004,13.0,35.0,100.0,100.0,9.8422759983805,100.0
100,10.03505974392749,10.0,23.0,9.962461843867649,2632.86607200007,666,4.0,4,100,100,0,0.7012062268839833,15.5,16.0,22.0,35.0,32.5,55.00000000000001,13.0,35.0,100.0,100.0,17.74491000105627,100.0
101,20.008297334289175,30.0,20.75,7.749004267875141,9250.309654000375,672,4.0,4,80.0,100.0,1,0.6995250979193273,12.428571428571429,20.14285714285715,4.714285714285714,8.42857142857143,33.57142857142858,54.42857142857142,6.571428571428571,16.857142857142858,30.07687083293907,69.5257386668042,59.42582950077243,100.0
102,28.28084042504909,30.0,14.321428571428571,11.708032876773713,14728.303517714656,678,4.0,4,100.0,100,0,0.6978479994302824,14.666666666666666,25.166666666666664,1.6666666666666667,3.0000000000000004,37.99999999999999,51.66666666666667,5.166666666666667,10.333333333333334,90.71243766666157,100.0,19.847261834001984,29.98148699977416
103,10.740548730059217,20.0,14.875000000000002,14.550886527505046,6338.9990250000965,682,4.0,4,66.66666666666666,100.0,1,0.6968018553059458,33.0,55.00000000000001,7.000000000000001,18.0,40.0,52.0,12.5,24.5,185.63796499984164,56.30261350033834,100.0,52.74889075044484
104,28.561976876730505,65.0,23.125,13.976506584206,4524.600135250239,695,4.0,4,75.0,100.0,4,0.6926329380655947,25.55555555555556,39.33333333333333,16.88888888888889,50.5,34.77777777777777,55.11111111111112,18.611111111111107,37.333333333333336,264.68976053872143,17.988137539102283,89.68601638410361,32.01574807681027
105,17.34745094378156,35.0,23.958333333333336,8.536228529116295,12452.249411388948,702,4.0,4,85.71428571428571,100.0,1,0.6905578421718445,25.88888888888889,37.111111111111114,3.5555555555555554,7.333333333333333,32.88888888888889,55.66666666666668,9.88888888888889,12.555555555555555,34.534907714519896,52.359860713789075,100.0,50.13428714373731
106,9.23915989006919,10.0,18.055555555555554,14.119812285912284,8393.619026555623,704,4.0,4,100,100,0,0.6899365265458621,41.0,55.00000000000001,10.0,11.0,17.5,40.0,11.0,14.000000000000002,100.0,100.0,20.519828502074233,100.0
107,4.876279008391153,80.0,19.875,12.680668498846831,9564.725305999673,720,4.0,4,52.94117647058824,100.0,8,0.6858086840919954,30.736842105263158,50.473684210526315,13.368421052631577,35.68421052631579,19.105263157894736,42.57894736842105,17.315789473684212,51.47368421052633,44.32313231322951,107.99564693797947,36.55401143710151,57.23754662531064
108,12.448342367373002,20.0,20.13157894736842,8.756837465171024,8433.17009284223,724,4.0,4,100.0,100,0,0.6845751539321001,31.75,65.5,1.0,1.0,21.000000000000004,47.5,12.25,24.499999999999996,91.18093799770577,100.0,58.47695399988879,37.001589999272255
109,27.867610962373224,60.0,16.5,12.151038931470689,10535.81486100029,736,4.0,4,76.92307692307693,100.0,3,0.6810921872913179,31.933333333333337,57.8,20.2,51.2,28.866666666666674,57.400000000000006,18.4,41.53333333333332,49.974097915765014,13.493622250280168,26.949785333696735,40.86934816671904
110,17.98092117954347,80.0,24.85,8.025311247936768,7175.71747660016,752,4.0,4,58.82352941176471,100.0,7,0.6770172599066591,33.42105263157895,49.89473684210527,22.10526315789474,51.631578947368425,17.842105263157894,54.89473684210526,24.0,51.84210526315789,20.371966312586665,47.97882312464026,28.112857749147224,35.962043749350414
111,10.703370864147166,20.0,24.342105263157897,8.430480668294527,10100.142346473724,756,4.0,4,100.0,100,0,0.6757995424466211,13.0,13.599999999999998,14.799999999999999,20.6,12.6,30.8,1.0,1.0,100.0,469.87922550033545,40.897353751824994,100.0
112,8.133940440726345,10.0,10.350000000000001,6.94934435400493,14413.814817599632,758,4.0,4,100,100,0,0.675394123543112,28.999999999999996,48.0,10.0,11.0,23.0,48.0,1.0,1.0,40.847311000106856,100.0,100.0,100.0
113,29.851711863309305,30.0,15.75,11.100992654560887,8013.492327998392,764,4.0,4,100.0,100,0,0.6737748786189869,36.28571428571429,52.85714285714286,4.8571428571428585,5.2857142857142865,12.571428571428573,20.857142857142858,9.571428571428573,16.428571428571427,34.42804633256552,100.0,20.516029499049182,57.25815233308822
114,7.4086466767695285,10.0,15.82142857142857,14.589856499520534,8328.235696714339,766,4.0,4,100.0,100,0,0.6727648225165573,31.25,41.25,1.0,1.0,15.75,24.5,22.0,45.0,100.0,100.0,61.40935550138238,100.0
115,11.47238587540203,20.0,17.5,11.716892455590955,7883.955996750046,770,4.0,4,100.0,100,0,0.6711518812930314,23.0,27.285714285714285,1.0,1.0,18.714285714285715,28.857142857142858,5.714285714285714,12.142857142857144,55.86869075013965,100.0,611.2898649989802,100.0
116,40.10727097357806,45.0,12.107142857142856,10.32460938654104,9317.344752572224,779,4.0,4,100.0,100,0,0.6689403992983886,26.3,27.999999999999996,6.999999999999999,7.999999999999999,30.799999999999994,51.800000000000004,4.8,12.5,100.0,63.873657777245775,53.17509299978459,44.34980289014574
117,47.68127051021977,50.0,17.224999999999998,12.95255641734273,9042.320504800227,789,4.0,4,100.0,100,0,0.6663362225410426,22.499999999999996,34.5,7.249999999999999,8.666666666666668,32.583333333333336,46.416666666666664,5.083333333333334,12.25,97.29990820051171,75.55047310008376,40.81832260009833,24.727583602507366
118,24.19057862226304,25.0,16.85416666666667,12.666469977961178,13228.119839500323,794,4.0,4,100.0,100,0,0.6649381752196684,28.666666666666668,33.5,7.666666666666668,9.666666666666668,27.333333333333336,38.33333333333333,2.666666666666667,3.166666666666667,21.794841202063253,100.0,30.78870260025724,72.27180239948211
119,28.849725797558797,30.0,16.583333333333332,12.193508746455171,10529.24595266692,800,4.0,4,100.0,100,0,0.6633439982383332,23.285714285714285,26.0,5.0,14.428571428571429,31.571428571428573,52.85714285714286,6.142857142857143,15.57142857142857,31.727982501494505,72.27649366638313,14.176810832699024,57.65469500038307
120,22.512619647296184,75.0,16.5,11.599286049819087,10019.856086286642,815,4.0,4,64.70588235294117,100.0,6,0.659375257039553,21.736842105263158,30.631578947368425,13.842105263157894,40.05263157894737,32.94736842105264,55.05263157894738,11.947368421052632,35.105263157894726,27.529609532163402,32.98615933260104,44.45550480120195,45.38980926619843
121,20.895861700544245,50.0,20.118421052631582,9.812572371257906,11057.974722105044,825,4.0,4,70.0,100.0,3,0.6568083172635245,27.833333333333332,62.08333333333334,9.500000000000002,25.75,22.083333333333336,35.916666666666664,14.833333333333332,42.00000000000001,47.48198719971697,50.928193901636405,54.4285474994831,108.06990369797859
122,4.787750278396782,5.0,18.5625,8.580138872008728,9947.519706083767,826,4.0,4,100,100,0,0.656414291385915,11.0,11.0,13.0,35.0,21.0,28.000000000000004,15.0,48.0,100.0,100.0,60.571787998924265,100.0
123,39.99246522779128,40.0,15.0,3.741657386773941,9586.056313997688,834,4.0,4,100.0,100,0,0.6546440980933994,24.0,45.0,6.249999999999999,18.625,22.499999999999996,31.374999999999996,10.75,30.5,19.50204500099062,70.14158687525196,37.80785462568019,48.88781249983367
124,36.735230635561074,50.0,15.875,8.156394884203,8383.272106375898,844,4.0,4,80.0,100.0,2,0.6520955766610316,30.000000000000004,62.000000000000014,19.500000000000004,43.75000000000001,20.58333333333334,35.41666666666667,17.666666666666664,45.33333333333333,25.83127699836041,20.444166600427707,47.125133698937134,67.66677440005878
125,10.613059832078264,10.0,21.9375,7.178577197162257,6844.77816783298,846,4.0,4,100,100,0,0.6511180200060196,17.5,28.000000000000004,10.0,11.0,32.5,62.0,31.0,55.00000000000001,100.0,100.0,16.162784999323776,100.0
126,1.204272821251812,10.0,22.75,9.78233613202892,7232.264254500478,848,4.0,4,100,100,0,0.6503370299154277,30.0,64.99999999999999,1.0,1.0,25.0,55.00000000000001,31.0,55.00000000000001,14.335916499476298,100.0,100.0,100.0
127,9.854977425707531,10.0,21.75,12.356312290037916,6669.011078498443,850,4.0,4,100,100,0,0.6497519021619429,35.0,72.0,1.0,1.0,34.0,67.0,31.0,55.00000000000001,100.0,100.0,17.170566998174763,100.0
128,1.1769316093049726,30.0,25.25,14.083709571541132,7681.678683999053,856,4.0,4,100.0,100.0,0,0.6483886505846665,12.333333333333334,32.5,8.333333333333332,24.666666666666668,10.5,23.333333333333332,8.166666666666664,16.5,138.62638250005452,844.2628870009988,1523.7743010010793,828.7268439991749
129,21.339304554202048,35.0,9.833333333333334,3.594267958951077,36386.105701999135,863,4.0,4,83.33333333333334,100.0,1,0.6468341507826668,17.5,30.25,6.25,18.625,21.875,54.125,9.75,23.874999999999996,87.26982657213479,80.78561685709117,76.0224268591888,65.3563875708122
130,5.528317152866106,5.0,13.84375,8.324889672845567,13037.82876949981,864,4.0,4,100,100,0,0.6462521746747186,25.0,57.99999999999999,15.0,48.0,11.0,14.000000000000002,23.0,48.0,100.0,100.0,38.67421099857893,100.0
131,10.86531825906621,10.0,18.5,5.722761571129799,12519.583051001973,866,4.0,4,100,100,0,0.645283377865202,25.0,57.99999999999999,15.0,48.0,21.500000000000004,36.5,17.0,31.0,100.0,100.0,26.004166498751147,100.0
132,15.335956302894575,15.0,19.625,4.74469568222982,12530.822055001408,869,4.0,4,100.0,100,0,0.6439295017476593,25.0,57.99999999999999,25.75,67.0,32.0,59.0,11.0,14.000000000000002,100.0,43.567807000605775,15.00094799848739,100.0
133,1.5341993227999593,10.0,23.4375,8.291381349004437,3864.831610750116,871,4.0,4,100,100,0,0.6433501390396659,25.0,57.99999999999999,19.0,44.99999999999999,32.0,59.0,30.0,69.0,100.0,100.0,100.0,23.554264500489808
134,13.863185151437827,15.0,26.5,5.887749260378663,8587.279016999673,874,4.0,4,100.0,100,0,0.6427712976016974,19.000000000000004,24.333333333333332,8.333333333333332,14.333333333333334,29.000000000000004,55.333333333333336,25.0,62.0,85.90348899815581,100.0,44.16496933287514,100.0
135,31.332051661779673,40.0,20.33333333333333,8.186831650690793,12434.269541001413,882,4.0,4,100.0,100,0,0.6402689968358007,26.0,59.909090909090914,6.636363636363636,10.090909090909092,15.454545454545453,21.363636363636367,5.0,8.90909090909091,307.6163767500475,57.057091999740805,35.975922374655056,23.317631125974003
136,23.285361864968813,80.0,13.272727272727272,10.062903121595633,4562.5484028178935,898,4.0,4,53.333333333333336,100.0,7,0.6368203466664241,32.411764705882355,55.529411764705884,21.11764705882353,41.8235294117647,32.88235294117647,65.88235294117646,18.23529411764706,45.64705882352941,22.642743062851878,34.26820425083861,22.423190126119152,46.714636500473716
137,1.4814485912760702,10.0,26.161764705882355,11.288922290096796,9504.376167881514,900,4.0,4,100,100,0,0.6362473802787239,38.5,65.0,30.0,69.0,15.0,48.0,11.0,14.000000000000002,100.0,30.69686650087533,100.0,100.0
138,1.1749411805408574,10.0,23.625,11.686640654810873,8956.57338250021,902,4.0,4,100.0,100,0,0.635674929406087,33.0,55.00000000000001,35.0,76.0,1.0,1.0,29.000000000000004,67.0,100.0,100.0,100.0,17.89809050023905
139,7.085849506218884,50.0,24.5,13.843566574950264,5363.569725999696,912,4.0,4,50.0,100.0,6,0.6328203915495999,34.214285714285715,61.857142857142854,26.642857142857153,54.214285714285715,19.42857142857143,57.92857142857144,33.285714285714285,70.28571428571428,19.653759397624526,32.31497850094456,41.10996619936486,22.25567370056524
140,32.351323617306875,60.0,28.392857142857146,8.375103265365182,5917.30669007146,924,4.0,4,69.23076923076923,100.0,4,0.6297896785714687,21.6,38.86666666666667,20.400000000000002,52.13333333333332,20.533333333333335,52.866666666666674,29.133333333333333,63.99999999999999,62.07991491658807,61.694160333596905,46.216027999920094,28.05331849819292
141,2.2712543706828043,10.0,22.916666666666664,8.533642549372573,9176.971230266887,926,4.0,4,100.0,100,0,0.6292230378869633,25.0,57.99999999999999,19.5,52.0,22.0,35.0,11.0,14.000000000000002,100.0,16.89003200044681,100.0,100.0
142,15.192387834154584,65.0,19.374999999999996,5.9238985693006825,7087.1029984991765,939,4.0,4,37.5,100.0,10,0.6254584400307746,28.61111111111111,59.11111111111109,24.66666666666667,58.00000000000001,23.5,47.88888888888889,21.88888888888889,61.38888888888887,56.477468307723306,25.062323615174346,20.769921153539773,33.13160369020457
143,-13.89796584724679,60.0,24.666666666666664,5.860959703944413,6699.50420811094,951,4.0,4,18.75,100.0,13,0.6217163655028264,41.05555555555556,64.8888888888889,25.38888888888889,56.99999999999999,27.22222222222222,49.0,23.166666666666664,68.94444444444444,50.153564584737374,64.34441325012206,16.510559751623077,36.88401491526747
144,9.323125191943902,10.0,29.208333333333343,8.736432374236795,6286.808774166881,953,4.0,4,100.0,100,0,0.620784350331463,27.500000000000004,41.0,32.75,67.5,17.75,53.25,1.0,1.0,100.0,100.0,14.269457000409602,100.0
145,-7.228968829803274,60.0,19.75,12.795677168074715,5013.542825749937,965,4.0,4,40.0,100.0,9,0.6170702405584619,33.23529411764706,69.88235294117648,20.941176470588236,62.058823529411754,27.117647058823525,64.99999999999999,26.52941176470588,56.76470588235293,16.63645441749395,30.336322666941367,75.30681483367516,23.968431915636756
146,13.267885791816497,45.0,26.95588235294118,6.887980285248034,4072.8245499997097,974,4.0,4,50.0,100.0,4,0.6148524494267567,31.599999999999994,64.39999999999999,19.5,59.00000000000001,23.4,43.49999999999999,19.0,41.6,34.549957222851745,25.268007778181023,19.112494665427626,53.683388888344375
147,24.943615877388392,30.0,23.375000000000004,8.206617238625366,9267.835915700198,980,4.0,4,100.0,100,0,0.6133783520469968,19.499999999999996,34.5,8.0,21.0,7.166666666666667,10.833333333333334,13.166666666666668,27.500000000000004,217.484751500524,28.878140831632965,65.24104366678027,17.16553199730697
148,26.572497511479938,35.0,11.958333333333334,8.924356236731146,17587.546024834108,987,4.0,4,83.33333333333334,100.0,1,0.6115406991868789,29.625,38.5,11.375,26.25,23.625,49.25000000000001,4.5,12.75,22.263415428252692,53.58527457106642,14.014895571952886,74.43924199989331
149,35.76922175598118,35.0,17.28125,10.669712574784551,3298.1931297499614,994,4.0,4,62.5,100.0,3,0.6095256392832435,42.699999999999996,56.60000000000001,23.000000000000004,59.0,24.700000000000003,48.0,18.2,53.599999999999994,25.10978585653772,10.61471999855712,49.88285928536373,37.29978414298135
150,5.032485030208496,5.0,27.149999999999995,9.652615264576133,2912.5557534003747,995,4.0,4,100,100,0,0.6091599787569811,50.0,65.0,23.0,59.0,41.0,69.0,15.0,48.0,100.0,100.0,16.008308997697895,100.0
151,13.92159474897325,15.0,32.24999999999999,13.91716565971678,3702.274793999095,998,4.0,4,100.0,100,0,0.6082467868683781,50.0,65.0,23.0,59.0,36.5,63.99999999999999,22.5,58.5,100.0,100.0,11.016698001185432,41.153840334300185
152,6.113105311905919,15.0,32.99999999999999,12.049335173485433,3238.880135249019,1001,4.0,4,100.0,100,0,0.607152763456798,41.8,51.99999999999999,13.4,28.200000000000003,31.4,48.4,29.39999999999999,56.80000000000002,14.952517001802335,100.0,43.4489126666449,100.0
153,4.12612782665101,5.0,28.999999999999996,11.600008612280908,12709.062350998283,1002,4.0,4,100.0,100,0,0.6064245079375746,11.0,11.0,7.000000000000001,18.0,22.0,35.0,6.0,7.500000000000001,100.0,32.120094998390414,100.0,100.0
154,15.875794056048496,15.0,11.5,7.445617378675731,6755.966563499896,1005,4.0,4,100.0,100,0,0.6051521620403266,11.0,11.0,22.249999999999996,46.0,16.0,21.000000000000004,1.0,1.0,100.0,37.090435002028244,39.38020466545519,100.0
155,13.699351606189502,65.0,12.562500000000002,8.04098680621837,3097.533675249906,1018,4.0,4,58.82352941176471,100.0,7,0.6015315785671987,22.789473684210527,35.421052631578945,31.36842105263158,56.78947368421052,36.84210526315789,70.10526315789473,32.94736842105264,54.94736842105263,58.84317761559102,54.37095884565049,13.274920461788916,25.363343460496534
156,40.722469022267575,65.0,30.986842105263158,9.506560354858077,4608.2177110532175,1031,4.0,4,64.70588235294117,100.0,6,0.5979326567942317,27.473684210526315,52.47368421052631,31.89473684210526,56.26315789473683,29.94736842105264,65.89473684210526,19.736842105263158,39.368421052631575,46.57249630746754,31.22666215416617,17.684497308856898,19.756378845900493
157,9.960985678791861,10.0,27.263157894736835,6.157854807306377,4341.101000158233,1033,4.0,4,100,100,0,0.5970362957870139,34.0,68.0,43.0,79.0,36.0,82.0,38.0,72.0,100.0,100.0,100.0,12.342235000687651
158,18.304975775314958,35.0,37.74999999999999,3.983572020135653,3891.9140255002276,1040,4.0,4,66.66666666666666,100.0,2,0.5954262308325183,39.0,75.0,33.75,67.25,19.875,45.875,35.25,67.375,48.092630855639335,22.932776285493414,62.3850407134991,14.23453300023019
159,54.01640875324488,80.0,31.968749999999996,8.284043739375498,3968.702320999455,1056,4.0,4,75.0,100.0,4,0.5918638369321961,36.77777777777778,61.16666666666666,15.444444444444446,29.61111111111111,39.166666666666664,53.55555555555556,34.94444444444444,57.94444444444444,16.473221750493394,61.930407312638636,12.956588499264399,53.39457106215377
160,10.199536663677323,10.0,31.583333333333336,11.226844400701633,6980.010663444369,1058,4.0,4,100,100,0,0.5915087718977822,11.0,11.0,15.0,48.0,27.999999999999996,52.0,5.5,6.0,100.0,100.0,17.836528000771068,100.0
161,6.865281485281391,15.0,14.875,8.341055605377958,11046.227318000092,1061,4.0,4,100.0,100,0,0.5907992807223635,24.0,45.0,10.333333333333334,32.33333333333333,34.99999999999999,76.00000000000001,13.0,30.333333333333336,12.251988999196328,100.0,100.0,44.357253333631284
162,7.24739930918911,40.0,20.583333333333336,11.204903775751546,8223.53069466529,1069,4.0,4,57.14285714285714,100.0,3,0.5886759091525109,27.88888888888889,54.77777777777778,14.888888888888888,41.44444444444444,19.222222222222218,44.77777777777777,20.333333333333332,42.44444444444444,13.33358012334429,48.89404587465833,100.0,66.04839337505837
163,39.06492730545516,55.00000000000001,20.583333333333336,9.341346369210985,8294.96728988872,1080,4.0,4,81.81818181818183,100.0,2,0.5862082858090298,21.69230769230769,39.769230769230774,13.307692307692312,28.23076923076923,17.769230769230766,43.23076923076924,26.076923076923087,46.53846153846154,52.872699637108866,36.0843592716926,14.933059544339564,43.329171546594644
164,-0.9812203406594762,65.0,19.71153846153846,7.622345926868176,5411.999355077289,1093,4.0,4,43.75,100.0,9,0.5828759050068577,32.44444444444444,67.44444444444446,30.22222222222223,61.66666666666667,23.77777777777778,38.44444444444444,29.11111111111111,68.11111111111111,53.44631576943077,17.047982460420688,13.787988539171728,35.20436923136003
165,43.76208017874203,85.0,28.888888888888893,6.057277994573225,5351.349819555253,1110,4.0,4,61.111111111111114,100.0,7,0.5793885988367249,40.35000000000001,62.949999999999996,18.749999999999996,52.449999999999996,19.8,40.55,20.6,46.05,20.84597664874951,17.51129741246319,28.797665941794335,40.123650529387625
166,14.774977530137567,65.0,24.875000000000004,11.40574734899327,7244.261611500406,1123,4.0,4,47.05882352941176,100.0,9,0.5759221569778801,35.89473684210526,57.94736842105262,21.263157894736842,62.894736842105246,27.210526315789473,53.05263157894737,27.421052631578945,55.94736842105264,37.93648346131354,17.064691461060786,28.69709738403729,45.63997784638419
167,18.31752024789458,20.0,27.94736842105263,7.005301530810707,6119.119145579278,1127,4.0,4,100.0,100,0,0.5750587919168788,36.75000000000001,42.25,1.0,1.0,9.5,21.25,10.0,11.0,37.50115750099212,100.0,35.140519501510425,100.0
168,0.2095874571004288,45.0,14.3125,13.603997934211822,6278.5487787487,1136,4.0,4,27.77777777777778,100.0,13,0.5716182549929563,38.9,59.3,18.7,56.65,26.99999999999999,82.0,24.699999999999996,73.2,52.382152999537844,22.27981200056901,10.075531001348281,33.24799355476797
169,19.92527261842374,20.0,27.324999999999992,8.675410770345197,2507.78112675016,1140,4.0,4,75.0,100.0,1,0.5704189364759559,31.33333333333333,42.00000000000001,20.000000000000004,58.50000000000001,22.5,52.83333333333333,18.666666666666668,57.166666666666664,100.0,100.0,33.24033399931068,31.508759002463194
170,15.167945201065699,15.0,23.125,7.22847159560252,8385.875403667038,1143,4.0,4,100.0,100,0,0.5695638212942948,14.333333333333334,15.333333333333332,22.666666666666668,66.33333333333333,23.0,42.0,21.666666666666668,57.333333333333336,100.0,12.445738999910342,100.0,41.355360666057095
171,14.922323957220314,15.0,20.416666666666668,5.356164432603324,5144.949239331861,1146,4.0,4,100.0,100,0,0.5683688132071228,11.0,11.0,26.0,69.0,30.666666666666664,57.666666666666664,23.0,70.66666666666666,100.0,100.0,10.991593332922397,39.87146733367505
172,-11.950357492246296,55.00000000000001,22.666666666666664,8.085289364218745,3919.272835001417,1157,4.0,4,12.5,100.0,14,0.5649683019624784,39.50000000000001,67.55555555555556,27.94444444444444,70.99999999999999,41.77777777777777,66.66666666666666,25.555555555555554,77.49999999999999,20.206480452841127,35.244153546029175,11.762602727354864,60.31269318105346
173,5.6642116167511345,5.0,33.69444444444444,8.762786445681721,3413.9441824443365,1158,4.0,4,100,100,0,0.5646293718284482,45.0,79.0,21.0,31.0,33.0,55.00000000000001,23.0,59.0,100.0,100.0,100.0,10.618031999911182
174,-2.7157962216401152,55.00000000000001,30.5,9.526279441628827,2782.381290999183,1169,4.0,4,46.15384615384615,100.0,7,0.5615881357410939,27.066666666666674,46.33333333333334,29.53333333333334,68.39999999999999,28.066666666666666,52.79999999999999,21.533333333333335,48.86666666666667,129.11365927244663,20.114284546633083,16.46583963652533,58.800174272090025
175,15.5382718431703,80.0,26.55,6.062805709618925,4912.345375667064,1185,4.0,4,58.82352941176471,100.0,7,0.5582281928201042,40.05263157894737,55.36842105263159,25.0,75.94736842105263,18.684210526315788,50.894736842105246,28.052631578947366,49.57894736842105,17.057056437670326,10.03464875066129,34.0402811893,28.43494781272966
176,1.7467030286005834,10.0,27.94736842105263,10.255971952286998,4029.769805789041,1187,4.0,4,100,100,0,0.557725938153106,57.99999999999999,72.0,31.0,75.49999999999999,26.0,69.0,45.0,82.0,100.0,11.097789500126964,100.0,100.0
177,-4.1091419576828745,20.0,40.0,12.664850940871839,3967.255468498479,1191,4.0,4,33.33333333333333,100.0,2,0.5567227840933426,59.4,74.0,20.8,38.2,26.0,69.0,33.8,60.60000000000001,12.626981999346754,33.06597200062242,100.0,100.0
178,16.203659170371548,25.0,35.0,15.804686750456423,5023.005852398637,1196,4.0,4,75.0,100.0,1,0.5552214350960321,42.66666666666666,56.333333333333336,39.49999999999999,60.333333333333336,25.166666666666664,62.66666666666666,13.666666666666666,23.333333333333332,28.08339419963886,9.861992999503855,47.035906601231545,100.0
179,5.742048083069676,15.0,30.25,12.08893786245413,5740.887893499651,1199,4.0,4,100.0,100,0,0.554056518926316,40.0,48.0,41.75,59.5,12.75,27.999999999999996,9.25,16.0,100.0,43.48569666569043,13.35526133455763,100.0
180,16.85747474174557,25.0,25.937500000000004,15.540584416887487,4993.27034000089,1204,4.0,4,66.66666666666666,100.0,1,0.5530599648694261,40.0,48.0,38.0,52.0,22.199999999999996,51.800000000000004,16.6,32.599999999999994,100.0,100.0,14.31101619891706,33.60215739914565
181,-8.455898501680448,65.0,29.200000000000003,10.519569699195996,4288.671865598735,1217,4.0,4,25.0,100.0,12,0.5497510454041074,41.05555555555556,64.3888888888889,33.05555555555555,59.38888888888889,29.22222222222223,68.88888888888889,38.94444444444444,73.33333333333333,17.0234480774245,25.13715476933822,10.886123538512038,30.26669238371631
182,47.70190869553774,65.0,35.56944444444444,7.758979591308942,5519.446431222605,1230,4.0,4,85.71428571428571,100.0,2,0.5464619229747766,27.0625,43.5,16.8125,25.687499999999996,21.9375,49.18749999999999,19.937500000000004,47.3125,58.22236538392295,79.63462215383726,17.83766976989752,13.4387298458023
183,-11.994899020541338,55.00000000000001,21.4375,7.560925701840516,4994.36461162486,1241,4.0,4,23.52941176470588,100.0,13,0.543192479137138,38.578947368421055,69.73684210526315,39.526315789473685,70.10526315789473,38.05263157894737,67.26315789473682,29.68421052631579,69.52631578947368,52.10837663616985,20.08629454589523,26.807696635594105,45.807073909302495
184,20.957996817209963,20.0,36.46052631578947,5.800316649259794,3217.486119789292,1245,4.0,4,100.0,100,0,0.5417276181556939,32.375,53.75,23.375,37.125,14.625,18.875000000000004,31.0,75.49999999999999,11.131982999359025,100.0,35.062061249300314,100.0
185,9.98519724941376,10.0,25.34375,8.709769985988167,3739.389562249471,1247,4.0,4,100,100,0,0.5410778374883188,29.000000000000004,51.5,11.0,14.000000000000002,29.5,64.99999999999999,26.0,69.0,100.0,100.0,16.75039450128679,100.0
186,-1.3625294097295715,15.0,23.875,8.580045843103997,6184.91310400168,1250,4.0,4,50.0,100.0,1,0.5402667075560711,32.25,60.0,21.5,50.0,31.0,75.5,23.25,63.74999999999999,11.1862733331994,41.97998799936613,100.0,100.0
187,5.2587526824157855,5.0,26.999999999999996,5.740844123420846,5544.808926249061,1251,4.0,4,100,100,0,0.5396186791926816,35.0,65.0,15.0,48.0,26.0,69.0,10.0,11.0,100.0,100.0,100.0,12.650560998736182
188,13.228271059100322,55.00000000000001,21.5,9.7082439194738,8422.112870001001,1262,4.0,4,35.714285714285715,100.0,9,0.5363901780086336,36.1875,75.5,32.1875,66.5625,23.812499999999996,55.49999999999999,34.375,68.62499999999999,11.340419272693742,19.56616045354167,69.34454927243429,29.26909863520202
189,5.683237299892841,80.0,31.640625,7.3672600035109985,4590.601214249318,1278,4.0,4,47.05882352941176,100.0,9,0.5331809927235666,34.10526315789473,55.736842105263165,29.42105263157895,73.94736842105264,34.94736842105263,65.31578947368422,19.42105263157895,43.89473684210527,21.605096625262377,35.833942438694066,12.958835312474548,72.79254037493956
190,-9.971983328586072,50.0,29.47368421052631,9.542205725954773,5117.8788778949975,1288,4.0,4,25.0,100.0,12,0.5299910077717944,47.72222222222222,67.77777777777777,24.22222222222223,73.72222222222221,35.27777777777777,64.55555555555556,33.27777777777778,74.8888888888889,19.64864809975552,73.857860500284,11.757535598735558,65.01867179991677
191,17.811793645638694,70.0,35.125,9.35581655747368,4716.005389833097,1302,4.0,4,46.666666666666664,100.0,8,0.5268201082790533,42.70588235294118,68.94117647058823,23.94117647058824,72.47058823529412,17.352941176470594,41.882352941176464,38.529411764705884,62.882352941176464,12.419270998309782,23.602750858325244,42.68521914127632,18.48632549923163
192,-3.8248749652584735,20.0,30.632352941176467,11.728136215158578,4489.319817352439,1306,4.0,4,50.0,100.0,1,0.5260303521125123,37.5,57.99999999999999,18.0,41.5,24.25,36.5,31.25,41.5,100.0,13.04285024980345,64.94334950075427,100.0
193,5.83478281378197,5.0,27.749999999999996,9.95636771376155,12520.363373249893,1307,4.0,4,100,100,0,0.5253993996895604,31.0,41.0,23.0,48.0,21.0,28.000000000000004,23.0,59.0,100.0,100.0,100.0,9.845189000770915
194,15.253534153264411,15.0,24.5,3.840572873934304,7443.686527996761,1310,4.0,4,100.0,100,0,0.524926682073492,15.0,17.666666666666668,11.0,14.000000000000002,23.666666666666668,31.666666666666664,15.0,48.0,100.0,100.0,34.522718998535616,100.0
195,19.818839293378616,35.0,16.16666666666667,5.516287185951,9853.004100000058,1317,4.0,4,60.0,100.0,2,0.5236681800583629,19.0,37.857142857142854,25.0,46.14285714285714,31.285714285714285,43.857142857142854,11.0,34.57142857142856,48.204561713750344,11.97771671494203,45.67216157187691,100.0
196,2.5745897665471027,10.0,21.571428571428573,8.62353417057702,4575.8866781434335,1319,4.0,4,100,100,0,0.52319702007258,25.0,57.99999999999999,35.0,79.0,38.0,52.0,19.0,45.0,100.0,100.0,100.0,17.45420249972085
197,-4.2680349551783205,55.00000000000001,29.25,7.814503277510088,4231.334085499839,1330,4.0,4,31.25,100.0,11,0.5200667685376966,37.111111111111114,73.22222222222223,33.72222222222222,75.77777777777777,50.33333333333333,66.83333333333333,32.77777777777777,75.44444444444444,19.62157581954009,100.0,36.475948090876706,13.108888908225873
198,26.3830853597181,35.0,38.48611111111111,7.959998076332016,3733.6871334997945,1337,4.0,4,100.0,100,0,0.5185086728183642,28.777777777777775,48.55555555555556,14.888888888888888,22.444444444444443,37.111111111111114,54.333333333333336,15.444444444444446,30.000000000000004,22.578997428562225,10.09678828683848,62.00072414223022,35.76010357199785
199,5.006625753015084,5.0,24.055555555555554,10.741532743707854,5920.720804222785,1338,4.0,4,100,100,0,0.5178867423496708,24.0,45.0,23.0,48.0,31.0,45.0,25.0,62.0,100.0,100.0,100.0,9.14289499996812
200,-5.097727168473706,10.0,25.75,3.112474899497183,3030.833151002298,1340,4.0,4,27.77777777777778,100.0,13,0.514788261838618,21.999999999999996,40.31578947368421,20.894736842105264,45.263157894736835,33.68421052631579,64.26315789473684,23.421052631578952,59.789473684210535,57.004544999290374,100.0,11.370299002010142,100.0
201,20.09015356472448,45.0,25.0,5.718617763709871,725.484461052187,1349,4.0,4,55.55555555555556,100.0,4,0.5129380788824952,34.0,75.18181818181819,25.0,59.0,30.0,68.54545454545455,14.90909090909091,37.45454545454546,32.87937922011932,40.52127211018362,10.810773221843798,22.85634800112651
202,15.261756899996943,15.0,25.977272727272734,9.41834821161188,4989.983107909872,1352,4.0,4,100.0,100,0,0.5123228301190058,36.00000000000001,79.0,34.99999999999999,79.0,44.333333333333336,73.33333333333333,13.333333333333334,15.666666666666664,100.0,100.0,17.02738833409967,39.151236000664845
203,-0.4689177927898962,15.0,32.16666666666667,11.536034444478389,4136.883464000372,1355,4.0,4,99,100.0,1,0.5117083193218647,32.33333333333333,72.00000000000001,34.99999999999999,79.0,42.333333333333336,59.33333333333333,20.333333333333336,34.99999999999999,100.0,100.0,100.0,10.250361998866234
204,5.640131076098295,5.0,32.49999999999999,8.41437606076567,4714.931435332498,1356,4.0,4,100,100,0,0.5112479199819051,25.0,57.99999999999999,35.0,79.0,47.0,59.0,20.0,25.0,100.0,100.0,14.221819001249969,100.0
205,-5.126448717385387,60.0,31.749999999999996,10.328964130056798,3616.493296001863,1368,4.0,4,25.0,100.0,9,0.5087994437209908,26.21428571428572,49.28571428571429,22.07142857142857,47.857142857142854,27.92857142857143,37.21428571428571,29.28571428571429,67.28571428571428,42.944664581773395,21.137190582036663,34.363107249858636,11.918634666168751
206,3.4693756959919546,5.0,26.375,8.619697049502822,6284.04590014335,1369,4.0,4,100,100,0,0.5084942098467082,35.0,65.0,15.0,48.0,20.0,25.0,10.0,11.0,100.0,100.0,129.97129700306687,100.0
207,1.3435244843856928,35.0,20.0,9.354143466934852,13771.206246001384,1376,4.0,4,57.14285714285714,100.0,3,0.5069707849720615,32.333333333333336,49.666666666666664,27.77777777777778,69.99999999999999,36.00000000000001,75.33333333333334,5.0,5.444444444444444,39.220349857870524,30.312488713285088,15.694390859737593,100.0
208,4.969063827906346,5.0,25.27777777777778,13.102078950372459,5604.493597110883,1377,4.0,4,100.0,100,0,0.5065146481340104,41.0,55.00000000000001,26.0,69.0,33.0,72.0,6.0,7.500000000000001,100.0,100.0,100.0,20.86885500102653
209,1.8067385190991234,10.0,26.5,13.002048954322074,1765.585638999255,1379,4.0,4,50.0,100.0,1,0.5059071040194602,33.666666666666664,41.00000000000001,21.333333333333336,52.99999999999999,29.666666666666668,67.66666666666666,19.666666666666664,41.333333333333336,100.0,100.0,100.0,15.059985997140757
210,5.042902324286478,5.0,26.083333333333332,7.105188484167721,8646.385940664914,1380,4.0,4,100,100,0,0.5056036052886879,40.0,48.0,12.0,21.0,10.0,11.0,23.0,48.0,19.01342199926148,100.0,100.0,100.0
211,19.40923846258019,20.0,21.25,11.903255857117415,4077.058995000698,1384,4.0,4,100.0,100,0,0.5045427928307437,39.800000000000004,47.199999999999996,9.8,17.0,22.599999999999998,57.4,23.000000000000004,48.0,34.49828700049693,100.0,13.85097999991558,100.0
212,48.476438152667264,65.0,23.799999999999997,11.331249077183811,8445.768546198815,1397,4.0,4,75.0,100.0,3,0.5018251982001234,26.92857142857144,39.28571428571429,19.28571428571428,43.0,21.357142857142854,51.35714285714285,16.285714285714285,39.42857142857144,19.779110230816652,33.473914614632335,33.29024276989423,53.60227007751326
213,13.606767356736757,70.0,20.96428571428571,8.376800187154297,10999.753304214339,1411,4.0,4,66.66666666666666,100.0,5,0.4988228127953077,44.1764705882353,60.35294117647059,12.058823529411763,29.29411764705882,20.294117647058822,52.82352941176471,28.058823529411764,61.64705882352941,11.171647428324961,121.0902009300688,57.91102371372939,100.80474528471574
214,6.948605853171071,15.0,26.147058823529413,13.287629923386412,6879.383057234758,1414,4.0,4,100.0,100,0,0.49807502738198445,42.66666666666667,64.0,11.0,14.000000000000002,27.0,82.0,37.333333333333336,63.0,43.506276668146405,100.0,100.0,11.86867866757287
215,10.380901992069582,55.00000000000001,29.500000000000004,12.274345758092712,5533.027155666787,1425,4.0,4,35.294117647058826,100.0,11,0.49509507898943966,39.10526315789474,64.73684210526316,28.736842105263154,67.15789473684208,23.63157894736842,71.68421052631577,47.421052631578945,69.57894736842107,34.90602654650998,12.527121454860952,44.305109636744334,18.219906453569738
216,9.862679421530098,10.0,34.723684210526315,10.074856368077057,4438.820545420305,1427,4.0,4,100,100,0,0.49464962708065296,27.500000000000004,41.0,13.0,35.0,22.5,46.5,48.0,65.0,100.0,100.0,19.253951499194955,100.0
217,5.954270287414104,15.0,27.749999999999996,13.12200964116504,8346.012617499582,1430,4.0,4,50.0,100.0,1,0.4936117972842752,20.333333333333332,42.333333333333336,1.0,1.0,36.333333333333336,66.66666666666666,38.00000000000001,52.0,41.95198466719982,100.0,11.889956000231905,100.0
218,9.248685439641482,70.0,23.916666666666668,15.241998729862317,4758.205843001633,1444,4.0,4,43.75,100.0,9,0.49065855208828524,33.27777777777778,71.44444444444444,22.22222222222222,38.94444444444444,47.94444444444444,70.5,38.11111111111111,64.33333333333333,13.571197999616354,29.785117071618775,43.09314828528191,17.116101571549994
219,12.57486642140543,55.00000000000001,35.388888888888886,11.045758940609133,4089.9388414438563,1455,4.0,4,58.82352941176471,100.0,7,0.4877229759537635,29.052631578947373,59.31578947368421,26.842105263157894,59.00000000000001,32.99999999999999,59.36842105263159,26.36842105263158,61.684210526315795,19.086391999867786,51.02755063589112,17.84176918094586,27.289194272452733
220,-11.789258498758583,40.0,28.815789473684212,5.210915535327807,4198.444139842698,1463,4.0,4,25.0,100.0,12,0.48495044830242967,33.38888888888889,56.888888888888886,27.444444444444443,67.0,31.000000000000007,63.222222222222214,32.49999999999999,72.83333333333331,30.25679049978862,32.03470524967997,13.443110499792965,78.08307262503149
221,9.931994579832914,25.0,31.08333333333333,4.557022068241796,3747.83581249964,1468,4.0,4,50.0,100.0,2,0.48378778856866356,31.33333333333333,39.00000000000001,25.333333333333336,55.99999999999999,23.0,59.0,19.666666666666664,36.00000000000001,65.45020440040389,12.292661601532018,100.0,29.922645401093177
222,-4.493319194051981,55.00000000000001,24.833333333333332,5.712357050326811,3236.467121666768,1479,4.0,4,40.0,100.0,9,0.48089331973641597,31.000000000000007,65.29411764705884,29.000000000000004,66.94117647058823,26.29411764705883,52.41176470588235,38.588235294117645,71.05882352941177,10.419638727564069,26.44677045622798,20.134133999950294,43.76401199908948
223,8.800817286690954,35.0,31.220588235294116,6.273530707680389,3638.095233940797,1486,4.0,4,40.0,100.0,6,0.4790212079498741,42.58333333333333,74.5,34.833333333333336,62.83333333333333,37.083333333333336,67.24999999999999,46.66666666666668,67.33333333333333,75.58992014185476,12.461587000871077,50.33252428630866,22.971682000206783
224,33.92900402135115,50.0,40.291666666666664,6.572575018773663,4813.182114166314,1496,4.0,4,72.72727272727273,100.0,3,0.4767270723450168,36.61538461538462,58.38461538461538,28.46153846153846,56.53846153846154,31.769230769230777,60.53846153846154,37.99999999999999,54.92307692307693,64.98280799947679,9.546367999064387,19.675352798876702,28.61868109932402
225,-2.20502320932978,35.0,33.71153846153847,5.9479368309230605,5144.93590915439,1503,4.0,4,18.75,100.0,13,0.4738748472889159,41.111111111111114,63.944444444444436,25.0,55.000000000000014,29.388888888888886,70.16666666666667,41.44444444444445,76.8888888888889,35.354596142652944,100.0,23.627828143175325,21.697906428016722
226,0.0657467884464431,25.0,34.236111111111114,9.19860160345573,1548.2835667777788,1508,4.0,4,50.0,100.0,2,0.4728806052853932,50.99999999999999,79.0,21.833333333333336,46.166666666666664,25.0,76.33333333333333,28.666666666666668,62.0,100.0,10.51476200009347,100.0,30.17876800033264
227,6.39016467881199,65.0,31.624999999999996,11.824582277567087,3819.5764736665296,1521,4.0,4,46.666666666666664,100.0,8,0.4700513933753065,34.352941176470594,57.705882352941174,28.8235294117647,61.0,17.41176470588235,53.05882352941176,28.294117647058826,46.17647058823529,24.646621999720363,13.023195385568005,66.80502746116522,16.61332015210064
228,10.579382308999707,10.0,27.220588235294112,8.850260282111257,3327.692447529604,1523,4.0,4,100,100,0,0.46962847402245356,36.0,79.0,35.0,76.0,24.5,58.5,32.0,52.0,100.0,100.0,9.647162500186823,100.0
229,8.329271256756682,10.0,31.874999999999996,4.510294850004885,3799.28679349905,1525,4.0,4,50.0,100.0,3,0.468081022628186,36.0,79.0,26.25,63.74999999999999,26.0,69.0,31.000000000000007,56.25,100.0,100.0,100.0,11.903377000635373
230,8.132952956344191,60.0,29.812499999999996,4.605945524901741,1502.9639738759215,1537,4.0,4,29.411764705882355,100.0,12,0.46528052628872235,33.631578947368425,55.84210526315788,18.157894736842103,48.578947368421055,22.42105263157895,50.421052631578945,29.73684210526315,65.94736842105262,39.83624816573865,12.492348498199135,55.55528816706404,17.168483834029757
231,24.37550786312086,65.0,25.986842105263154,8.236803764934427,3623.660092209703,1550,4.0,4,66.66666666666666,100.0,4,0.46305219776403334,45.0,56.64285714285715,30.285714285714292,69.5,29.78571428571429,50.07142857142858,33.5,63.28571428571428,21.94442354039683,11.92288707534317,23.921385922865458,32.2833293847977
232,-7.090547827722089,45.0,34.642857142857146,7.8358822955068,9691.530669285774,1559,4.0,4,25.0,100.0,12,0.4602817885354394,40.44444444444445,71.66666666666666,22.88888888888889,69.94444444444444,16.777777777777775,52.388888888888886,28.222222222222214,70.0,19.852924889225203,40.82213966596302,14.075731221560595,46.8966856653828
233,-16.800000000000004,20.0,27.083333333333336,9.417590716490976,3013.3132076114434,1563,4.0,4,13.333333333333334,100.0,13,0.45752795447338374,38.87500000000001,63.81250000000001,24.625000000000004,74.8125,26.125,79.06249999999999,21.750000000000004,67.12499999999999,18.314306500542443,100.0,34.248682749785075,100.0
234,4.5515305268961574,20.0,27.84375,7.363592162914785,1967.9793878119654,1567,4.0,4,50.0,100.0,1,0.45684207419331874,29.000000000000004,41.25,6.5,12.75,27.0,82.0,16.25,39.75,56.622310500461026,12.963472748197091,100.0,34.190507498715306
235,20.87284357727073,80.0,19.6875,9.966891680959202,5575.887903500188,1583,4.0,4,58.82352941176471,100.0,7,0.4541088197039401,40.842105263157904,77.57894736842105,19.947368421052634,41.473684210526315,19.105263157894736,58.47368421052631,30.78947368421052,60.526315789473685,11.807142876023136,18.983976563367833,72.65575387518766,23.453573998904176
236,6.38848849225587,15.0,27.671052631578945,10.31253392540371,4232.180668842806,1586,4.0,4,50.0,100.0,1,0.45342806504973104,38.666666666666664,56.66666666666668,15.0,48.0,27.0,82.0,40.666666666666664,64.0,39.22793266538065,100.0,100.0,13.523806001709696
237,8.99385786420752,50.0,30.333333333333336,10.648682668217168,4716.122606333859,1596,4.0,4,44.44444444444444,100.0,5,0.4517984146867131,34.63636363636364,65.36363636363637,14.272727272727273,43.272727272727266,21.36363636363636,65.36363636363636,41.81818181818181,60.272727272727266,66.69957000063732,30.469155500541092,100.0,11.64633129919821
238,2.0209895106177465,10.0,28.02272727272727,11.55527977477131,8357.405493272712,1598,4.0,4,100,100,0,0.45139191808686857,24.0,45.0,19.5,52.0,1.0,1.0,41.0,59.0,100.0,10.512415001358022,100.0,100.0
239,10.017972513909854,10.0,21.375,14.510329373045309,3236.7992760009656,1600,4.0,4,100,100,0,0.45071523634060706,24.0,45.0,26.0,69.0,21.000000000000004,64.99999999999999,41.0,59.0,100.0,100.0,19.449002500550705,100.0
240,-11.462529409729575,20.0,28.000000000000004,8.033791434835777,5718.9116299996385,1604,4.0,4,11.11111111111111,100.0,8,0.4490953360628427,28.000000000000004,55.18181818181819,21.727272727272727,59.0,23.36363636363636,70.36363636363636,28.363636363636363,63.45454545454546,122.95796249818522,441.87228700029664,100.0,80.3597499980242
241,3.3394649672857266,5.0,25.363636363636367,4.871196490303312,9355.264738999804,1605,4.0,4,100,100,0,0.44869127150400134,20.0,21.0,15.0,48.0,10.0,11.0,1.0,1.0,100.0,100.0,158.56405300291954,100.0
242,10.651580781996051,20.0,11.5,7.017834423809101,10996.141249001084,1609,4.0,4,100.0,100,0,0.4478842327062719,20.0,21.0,11.5,36.25,32.0,38.0,1.0,1.0,100.0,100.0,158.09263300070597,100.0
243,21.7297637053734,85.0,16.125,12.070160150032914,12593.660143249508,1626,4.0,4,58.82352941176471,100.0,7,0.44520457236209726,32.68421052631579,68.89473684210526,16.842105263157897,41.526315789473685,22.36842105263158,32.63157894736842,24.052631578947363,55.42105263157894,22.35091305757284,57.65043994042036,18.656711941516466,143.73138205846772
244,1.1200961894323331,10.0,23.986842105263158,11.166618796748534,6924.441282421053,1628,4.0,4,66.66666666666666,100.0,1,0.4441372026310538,27.0,60.8,35.0,79.0,29.2,62.0,35.0,79.0,100.0,100.0,14.396197999303695,100.0
245,8.712391688766784,65.0,31.55,3.952627944162882,2095.137404399429,1641,4.0,4,50.0,100.0,7,0.44147996050830296,24.625,39.25,19.375,47.0625,26.25,46.31249999999999,22.375,64.93749999999999,75.61299261651584,60.916320692530675,27.88821061526855,11.577392306767601
246,17.08770460723603,20.0,23.15625,7.5166480026344,8762.937198874852,1645,4.0,4,100.0,100,0,0.44095042290719544,16.0,17.5,8.0,24.5,24.5,48.5,29.500000000000004,59.00000000000001,100.0,100.0,40.51710874991841,120.87664799946651
247,5.291037808960072,15.0,19.5,8.43579493969974,12981.49765574908,1648,4.0,4,99,100.0,1,0.4404215204653162,24.0,49.333333333333336,1.0,1.0,17.666666666666668,28.999999999999996,36.00000000000001,76.00000000000001,44.421538000460714,100.0,78.08185199974105,100.0
248,12.165660225187041,45.0,19.666666666666664,14.590311095546134,7202.492336999664,1657,4.0,4,57.14285714285714,100.0,3,0.43870696489618966,32.55555555555556,47.44444444444445,17.22222222222222,35.333333333333336,20.88888888888889,30.0,33.55555555555556,71.33333333333334,21.89385211200311,14.047970333194826,36.049359556798464,71.33764099950592
249,-0.2569436967484109,75.0,26.05555555555556,8.186702936873615,6735.808497333184,1672,4.0,4,38.88888888888889,100.0,11,0.43608221150971244,36.45000000000001,56.50000000000001,26.349999999999994,56.14999999999999,32.15,66.19999999999997,31.65,73.99999999999999,35.3802654670532,25.987470867839875,14.392009201401379,29.271430533456925
250,67.19575907358897,85.0,31.650000000000006,7.663360851238322,4574.743595000655,1689,4.0,4,87.5,100.0,2,0.4334731618409582,27.94444444444445,41.722222222222214,18.944444444444443,25.555555555555554,25.277777777777782,58.83333333333333,6.777777777777779,11.055555555555555,54.204011882264986,41.38427235135596,21.621420942349634,12.709034942364429
251,8.975225512908205,10.0,19.736111111111114,10.993474715964588,8212.835573833621,1691,4.0,4,100.0,100,0,0.4326934951043902,23.0,31.0,1.0,1.0,53.0,82.0,14.333333333333334,43.66666666666667,100.0,100.0,100.0,11.478460999569506
252,-15.396350950854453,65.0,22.833333333333336,19.605783671731988,2541.814017999665,1704,4.0,4,37.5,100.0,10,0.4301047198911892,39.66666666666667,69.99999999999999,21.833333333333336,49.77777777777778,45.27777777777778,72.33333333333333,29.33333333333334,67.16666666666667,11.608496309166254,21.775042461712683,86.29829761563226,65.77230323085902
253,5.474040934162775,55.00000000000001,34.02777777777778,11.107301630511595,4051.9005120556053,1715,4.0,4,42.857142857142854,100.0,8,0.4277880674803545,39.0,56.56250000000001,24.375000000000004,61.9375,32.8125,67.81250000000001,34.1875,64.99999999999999,47.56408299978251,75.24481081887974,20.602582362004217,11.794440547171028
254,5.437960339059279,5.0,32.59375,7.7087383093409425,4884.755826563151,1716,4.0,4,100,100,0,0.4275314331407924,44.0,82.0,15.0,48.0,33.0,55.00000000000001,33.0,65.0,100.0,100.0,31.26600300311111,100.0
255,15.423159040359561,15.0,31.25,10.401322031357362,4540.89142399971,1719,4.0,4,100.0,100,0,0.42689052065395494,34.66666666666667,70.66666666666667,15.0,48.0,25.666666666666664,41.66666666666667,14.333333333333334,20.0,100.0,100.0,97.36479999992298,42.14009733477724
256,23.311115820692727,75.0,22.41666666666667,8.631566218227103,11113.532797332786,1734,4.0,4,47.05882352941176,100.0,9,0.4243364642349815,37.368421052631575,65.84210526315788,25.8421052631579,60.578947368421055,29.578947368421055,61.0,27.052631578947373,59.63157894736844,18.556728865563247,53.42239833378699,11.261058265517931,35.122373733029235
257,24.508350574318964,45.0,29.960526315789473,7.324930580199582,3403.9200444209487,1743,4.0,4,52.94117647058824,100.0,8,0.42179768855867067,41.1578947368421,61.94736842105263,27.421052631578945,59.42105263157894,27.26315789473685,54.473684210526315,24.105263157894736,64.78947368421052,31.753786554327235,61.41084888885315,41.35116166604954,16.58409233358624
258,-22.413458710382777,45.0,29.98684210526315,7.646048202610579,4636.005757578938,1752,4.0,4,11.76470588235294,100.0,15,0.41927410220139777,35.36842105263158,77.21052631578947,38.526315789473685,65.84210526315789,30.526315789473692,61.89473684210527,26.999999999999996,82.0,20.90342133241292,118.1868791107263,11.886071000642712,100.0
259,25.428643350160755,40.0,32.85526315789474,6.240228419554055,1781.3863769477298,1760,4.0,4,87.5,100.0,1,0.4177672034328321,22.299999999999994,41.60000000000001,31.2,46.00000000000001,19.400000000000002,30.299999999999994,25.4,54.699999999999996,100.0,13.1197245009389,55.78184712503571,35.51319362459253
260,12.14746731509112,85.0,24.575,8.339509896748867,7948.314349600696,1777,4.0,4,35.294117647058826,100.0,11,0.4152677311889189,27.368421052631586,52.05263157894735,26.31578947368421,64.10526315789473,22.15789473684211,59.68421052631578,28.842105263157897,65.10526315789474,23.304305999515826,35.26630494174349,13.549323705185945,19.41031153041609
261,6.776471205942385,30.0,26.171052631578952,6.309194852044617,5161.502966631623,1783,4.0,4,60.0,100.0,2,0.4142721344810989,30.857142857142854,66.28571428571429,29.714285714285715,69.7142857142857,15.285714285714286,41.99999999999999,24.428571428571427,65.99999999999999,100.0,40.592678665416315,16.33110333265601,27.749435002624523
262,26.92143211204582,35.0,25.071428571428573,8.360728567874197,7707.735099856758,1790,4.0,4,100.0,100,0,0.4131549410205692,14.714285714285715,20.714285714285722,24.428571428571427,65.99999999999999,35.0,79.0,20.285714285714285,38.714285714285715,24.838923143189668,100.0,10.987860001478111,39.790854571973405
263,-10.95217095429216,70.0,23.607142857142858,8.211770631502388,6719.242111571865,1804,4.0,4,35.714285714285715,100.0,9,0.4106830636232268,28.875,39.37500000000001,29.374999999999996,65.875,29.312500000000004,68.625,29.9375,68.1875,24.992842285376224,13.201989286244498,93.52796235704902,19.694423355343
264,10.652327873689257,10.0,29.375,6.071956330888736,5123.419570125179,1806,4.0,4,100,100,0,0.4101904656713829,30.0,34.0,26.0,69.0,14.000000000000002,16.0,18.0,38.0,100.0,100.0,17.05628900162992,100.0
265,34.55809553995798,60.0,22.0,7.461202105179039,16854.312519501036,1818,4.0,4,73.33333333333333,100.0,4,0.4077363245247375,25.23529411764706,47.117647058823536,12.647058823529411,37.117647058823536,27.588235294117645,50.05882352941177,16.647058823529413,49.05882352941177,55.605816999377566,26.823813666487695,17.80626308330587,21.140956834460667
266,7.206713059478412,10.0,20.529411764705884,9.770374262138725,5294.610016588087,1820,4.0,4,37.5,100.0,5,0.4062708932898965,36.0,79.0,14.999999999999996,48.00000000000001,22.000000000000004,45.0,21.6,51.4,100.0,100.0,100.0,13.761091498963651
267,7.635326010049891,15.0,23.65,8.15041482282094,1434.5181160006177,1823,4.0,4,100.0,100,0,0.4055401539283438,31.500000000000007,54.75,22.250000000000004,50.5,10.0,11.0,35.0,79.0,39.21523399961492,10.818860334741961,100.0,100.0
268,5.532241532885631,5.0,24.6875,9.865257444937498,3294.8430824999377,1824,4.0,4,100,100,0,0.4052968663346007,34.0,57.99999999999999,20.0,25.0,20.0,25.0,35.0,79.0,100.0,100.0,11.818061000667512,100.0
269,20.007110794066133,55.00000000000001,27.249999999999996,7.2586155704789865,3688.2579359989904,1835,4.0,4,37.5,100.0,10,0.4028720032538606,43.72222222222223,75.94444444444444,31.555555555555554,66.77777777777779,20.833333333333336,61.38888888888889,27.499999999999996,65.94444444444443,19.61222518181206,27.25646908908278,10.870737454917451,68.09172372754388
270,1.708490283019151,10.0,30.90277777777778,9.558517603707449,3071.7119348335273,1837,4.0,4,100.0,100,0,0.40202673309451387,41.333333333333336,72.00000000000001,23.0,59.0,27.0,82.0,18.333333333333336,38.33333333333333,100.0,100.0,100.0,10.092798500409117
271,-30.651664944896226,60.0,27.41666666666667,8.77706034415949,2727.360119999503,1849,4.0,4,12.5,100.0,14,0.3996214349944624,37.72222222222222,69.44444444444444,28.388888888888886,61.61111111111111,24.72222222222222,67.38888888888889,32.99999999999999,76.77777777777777,18.72293450057138,26.076984749064042,32.94412325103622,12.616260665405813
272,-0.6882291452420146,20.0,30.958333333333343,6.9594399616109595,3065.102738388911,1853,4.0,4,13.333333333333334,100.0,13,0.3972305276263544,39.94117647058823,71.70588235294117,27.999999999999996,61.23529411764706,25.23529411764706,67.0,27.41176470588235,60.882352941176464,14.966863000154262,54.258917999322875,100.0,32.372971000222606
273,5.331210717812778,5.0,30.14705882352941,6.822021987337662,2374.273536764282,1854,4.0,4,100,100,0,0.3967540654547901,25.0,57.99999999999999,26.0,69.0,12.0,21.0,32.0,69.0,100.0,100.0,13.676899998245062,100.0
274,8.50975880641299,60.0,23.75,7.292976072907412,2458.3387290003884,1866,4.0,4,40.0,100.0,9,0.39438031336004614,29.117647058823533,64.11764705882352,25.411764705882355,76.47058823529412,28.117647058823536,54.64705882352941,34.35294117647059,72.05882352941177,11.625873500330878,19.60418041756687,27.21841291737898,33.664674583693944
275,-0.7327858128674998,50.0,29.25,5.439829209958903,2780.268367529489,1876,4.0,4,31.25,100.0,11,0.392020763259681,35.611111111111114,70.61111111111111,35.22222222222222,79.38888888888889,32.611111111111114,67.11111111111111,36.33333333333333,66.83333333333333,20.595770297732088,14.46339260073728,38.86285870001302,47.83177829980559
276,12.24482386538285,40.0,34.94444444444444,4.880229948715701,3264.302101833083,1884,4.0,4,31.25,100.0,11,0.38967533018414574,34.38888888888889,67.16666666666667,26.16666666666666,72.0,24.27777777777778,60.11111111111111,27.055555555555554,58.50000000000001,14.130214750366576,56.95837000057509,22.52619800010507,33.693793499787716
277,9.213426098091466,10.0,27.97222222222222,5.418695756639781,3029.4200447226303,1886,4.0,4,100.0,100,0,0.38909116779147024,25.0,57.99999999999999,27.0,82.0,21.999999999999996,45.0,12.0,21.0,100.0,100.0,31.84906499882345,100.0
278,9.400855665479408,10.0,21.5,6.560645113272854,2201.3532589990064,1888,4.0,4,100,100,0,0.3887410907845678,25.0,57.99999999999999,13.0,35.0,45.0,72.0,12.0,21.0,100.0,100.0,21.377900002335082,100.0
279,3.0175735364805414,5.0,23.75,13.319072242009838,3652.0284625003114,1889,4.0,4,100,100,0,0.38850788111679524,34.0,68.0,13.0,35.0,41.0,69.0,12.0,21.0,142.33854999838513,100.0,100.0,100.0
280,4.140311857933149,85.0,25.0,12.747548783981962,3718.651220002357,1906,4.0,4,41.17647058823529,100.0,10,0.3861834653718215,32.00000000000001,42.684210526315795,24.05263157894737,69.36842105263156,41.421052631578945,62.526315789473685,27.73684210526315,59.84210526315788,53.14611917689463,13.002478058992624,24.15270582333666,18.49194499950767
281,14.732861315500891,35.0,31.30263157894737,9.701636927686035,4224.6377971044385,1913,4.0,4,53.333333333333336,100.0,7,0.38387295644526276,43.294117647058826,70.70588235294117,33.0,64.70588235294117,27.999999999999996,69.58823529411764,26.588235294117652,67.05882352941175,100.0,36.50007914402522,13.607087999844225,24.361807999230223
282,10.40668648555614,10.0,32.720588235294116,7.678238426430734,3459.034113764467,1915,4.0,4,100,100,0,0.3834125161474698,11.0,11.0,17.5,40.0,16.0,28.000000000000004,26.0,69.0,100.0,100.0,11.224555002627312,100.0
283,5.686324062531295,5.0,17.625,6.555225240730997,8769.178944001396,1916,4.0,4,100,100,0,0.3830675483939643,11.0,11.0,13.0,35.0,32.0,59.0,26.0,69.0,100.0,100.0,9.785349000594579,100.0
284,-3.5748763108388912,70.0,20.5,8.789197915623474,2668.003630002204,1930,4.0,4,23.52941176470588,100.0,13,0.380775681782878,34.842105263157904,76.78947368421053,36.78947368421053,60.68421052631577,25.421052631578945,49.26315789473685,33.8421052631579,74.94736842105263,10.118237711659665,31.407901929456525,75.20897199979767,18.62173157091352
285,9.084501915179432,25.0,32.723684210526315,7.014394467965417,3677.379685368674,1935,4.0,4,50.0,100.0,3,0.3798627791258003,31.125000000000004,61.00000000000001,46.25,61.25000000000001,23.375,46.75,23.5,58.874999999999986,100.0,34.46040559967514,13.166472999728285,65.99637759878533
286,26.304126769827057,35.0,31.062499999999993,11.34913003824732,6072.711536874976,1942,4.0,4,100.0,100,0,0.37861111058416824,11.0,11.0,17.625,25.124999999999996,31.75,61.12499999999999,15.375,37.5,100.0,11.520566998764739,61.66898171515121,22.612747428814014
287,-1.2294023422452844,50.0,18.9375,9.787367771211825,5016.582474875577,1952,4.0,4,31.25,100.0,11,0.37634590653184863,31.11111111111111,69.66666666666667,30.722222222222218,65.55555555555556,31.166666666666664,68.77777777777777,30.22222222222223,73.44444444444443,11.695539299034863,39.5861406003678,27.955106900044484,22.337940999714192
288,36.629097776802475,55.00000000000001,30.805555555555546,4.062252164541894,2821.6553013333196,1963,4.0,4,56.25,100.0,7,0.37409425503848787,31.277777777777775,64.99999999999999,22.944444444444446,61.61111111111111,24.22222222222222,51.77777777777776,27.38888888888889,52.55555555555556,51.894660455053035,28.391134454167595,37.68438818131637,20.645599180253075
289,7.4987668853690845,60.0,26.458333333333332,6.202581797094261,5047.861302722191,1975,4.0,4,47.05882352941176,100.0,9,0.37185607502006424,35.36842105263158,77.21052631578947,27.789473684210524,61.68421052631579,38.73684210526316,70.57894736842104,45.84210526315789,71.0,16.79460666837258,33.51113583303231,9.854735834475528,26.290293667079823
290,12.262334689277301,45.0,36.934210526315795,8.49562557254662,3141.559108157181,1984,4.0,4,62.5,100.0,3,0.3704084438878126,25.3,52.2,41.1,63.99999999999999,26.3,37.8,33.099999999999994,49.69999999999999,40.50268700027826,31.185850889434935,11.42596744547417,100.0
291,9.138751475472157,10.0,31.45,9.511497062322675,6596.15698000016,1986,4.0,4,100,100,0,0.36996415373570585,25.0,57.99999999999999,32.0,59.0,45.49999999999999,67.0,21.0,31.0,100.0,100.0,12.721917999442667,100.0
292,-15.119349466228472,60.0,30.874999999999996,9.354142075464045,3833.2508620005683,1998,4.0,4,12.5,100.0,14,0.3677506838273291,31.11111111111111,69.66666666666667,28.388888888888886,56.94444444444445,46.0,67.2222222222222,31.555555555555546,73.0,47.84069991637807,19.571767334249063,77.1959492496535,11.721502167347353
293,4.649656838798053,5.0,34.26388888888889,8.432775314968813,3015.6691921666707,1999,4.0,4,100,100,0,0.3675300665145943,36.0,79.0,30.0,38.0,28.000000000000004,35.0,35.0,79.0,100.0,100.0,17.101225999795133,100.0
294,10.755474823099474,10.0,32.25,3.3447720400649117,8531.089701002202,2001,4.0,4,100,100,0,0.3670892288613225,29.5,55.00000000000001,30.0,38.0,45.0,62.0,28.499999999999996,62.0,100.0,100.0,11.10674099982134,100.0
295,5.191879908410599,5.0,33.25,7.40875294834209,3565.1429719982843,2002,4.0,4,100.0,100,0,0.3667589476595277,23.0,31.0,35.5,48.5,50.0,69.0,22.0,45.0,100.0,13.983281998662278,100.0,100.0
296,13.916297148944162,65.0,32.62500000000001,11.596445285401874,1690.512649998709,2015,4.0,4,37.5,100.0,10,0.36456465427711476,34.77777777777778,71.11111111111111,35.111111111111114,59.55555555555557,26.16666666666667,42.77777777777778,30.944444444444446,71.61111111111111,15.100530230903622,53.04127899955627,58.92294269220796,20.80345853962801
297,4.1472110942070355,40.0,31.750000000000007,7.7468819269150515,4444.738523999857,2023,4.0,4,23.076923076923077,100.0,10,0.36249223687109516,41.06666666666667,76.0,39.4,66.53333333333333,20.066666666666666,54.93333333333334,28.599999999999998,62.73333333333333,14.777147000131663,34.069423250366526,43.53838525057654,21.29144499913309
298,59.10255417841472,90.0,32.28333333333334,9.748336853061936,3976.9194563998703,2041,4.0,4,82.35294117647058,100.0,3,0.3603234709238204,26.36842105263158,49.89473684210526,32.68421052631579,46.99999999999999,29.736842105263158,56.63157894736841,32.36842105263158,55.89473684210526,45.01098677788428,9.891041888800423,23.724350776683423,22.438338390283107
299,8.981058427401063,10.0,30.289473684210527,5.996109878655946,8990.153458525463,2043,4.0,4,100,100,0,0.3597833099112858,33.0,45.0,11.0,14.000000000000002,24.000000000000004,30.0,18.0,41.5,100.0,100.0,33.8283169985516,100.0
300,9.432983989654097,10.0,21.5,8.649026209982278,4202.1073260002595,2045,4.0,4,100.0,100,0,0.359351764183526,23.0,31.0,1.0,1.0,33.0,41.5,13.0,35.0,100.0,100.0,15.072764001160976,100.0
301,16.62254628453065,45.0,17.5,11.950266839098381,5035.733940499995,2054,4.0,4,71.42857142857143,100.0,2,0.35816768055300124,35.22222222222223,53.444444444444436,5.222222222222221,12.888888888888891,41.0,69.0,26.555555555555554,56.333333333333336,265.97765977704614,40.99858644266432,11.075369002355728,32.27891999865986
302,5.56953185876726,5.0,27.0,14.056717146020189,5339.142482777081,2055,4.0,4,100,100,0,0.3580602302488354,34.0,51.0,20.0,25.0,32.0,59.0,35.0,69.0,100.0,20.508139998128172,100.0,100.0
303,4.573311715159154,5.0,30.25,6.015604707757982,7768.715086000157,2056,4.0,4,100,100,0,0.3578454263361068,34.0,51.0,20.0,25.0,31.0,55.00000000000001,22.0,35.0,100.0,100.0,51.087460000417195,100.0
304,-17.698690503155007,65.0,26.75,5.889609494694874,3233.920004997344,2069,4.0,4,25.0,100.0,12,0.35570446193442834,36.555555555555564,61.38888888888889,30.944444444444454,69.77777777777777,27.77777777777778,60.111111111111114,33.166666666666664,73.11111111111111,25.407117153652226,18.487895692557615,33.08005892490306,18.449606383812633
305,4.7769051363626955,5.0,32.11111111111111,5.7263050543742,4014.9039761658464,2070,4.0,4,100,100,0,0.3554910712706693,44.0,82.0,1.0,1.0,22.0,45.0,32.0,69.0,100.0,100.0,11.982273001194699,100.0
306,10.037456237250925,10.0,24.75,15.769828787910159,2588.363621998724,2072,4.0,4,100,100,0,0.3551712252795167,44.0,82.0,1.0,1.0,32.0,60.00000000000001,18.0,21.0,100.0,100.0,15.033803500045906,100.0
307,17.772303468387545,25.0,23.75,16.04239604581789,4611.95982999925,2077,4.0,4,66.66666666666666,100.0,1,0.3544260366445095,36.00000000000001,70.80000000000001,12.8,26.6,29.2,39.800000000000004,32.0,69.0,100.0,46.68849900030182,30.891893399093533,11.891554000612814
308,-0.6361723972570239,65.0,27.500000000000004,9.272969754894788,5233.383059600601,2090,4.0,4,33.33333333333333,100.0,10,0.35230553021453187,32.88235294117647,65.64705882352942,35.588235294117645,67.0,24.352941176470587,36.76470588235294,31.88235294117647,71.05882352941177,25.916405154174964,17.19930738416644,65.77631200013387,10.2994902296744
309,10.045126865912486,10.0,31.176470588235293,6.987322417370617,4738.712693058915,2092,4.0,4,100.0,100,0,0.3515663541257047,44.0,82.0,18.0,21.0,36.5,57.00000000000001,21.0,28.000000000000004,100.0,100.0,11.339088499880745,100.0
310,7.713413383955171,25.0,29.874999999999996,10.914552234791882,3020.1899425010197,2097,4.0,4,75.0,100.0,1,0.3509340091130534,41.16666666666667,67.0,15.999999999999998,19.500000000000004,50.0,71.99999999999999,25.83333333333333,34.833333333333336,47.88772360101575,27.749084001989104,10.885234998568194,64.04975300116348
311,3.7947802728351947,5.0,33.25,14.105220381247424,3570.5645583342025,2098,4.0,4,100,100,0,0.3507234802916464,43.0,68.0,10.0,11.0,50.0,72.0,31.0,45.0,100.0,100.0,100.0,60.87579300219659
312,8.349878083837728,85.0,33.5,15.173990905493518,6643.171474002884,2115,4.0,4,52.94117647058824,100.0,8,0.34862512599989187,21.631578947368425,34.15789473684211,21.578947368421055,51.05263157894737,19.42105263157895,29.63157894736842,37.89473684210527,67.57894736842105,45.498851588148256,174.01351558912532,32.50416982392541,21.214860117812776
313,9.361069719778644,10.0,25.13157894736842,10.985164363314945,7357.97851857933,2117,4.0,4,100.0,100,0,0.34799807122879706,11.000000000000002,11.000000000000002,20.0,25.0,16.400000000000002,26.6,20.0,25.0,100.0,100.0,12.147349500082782,100.0
314,9.430539796371178,10.0,16.85,4.351060528596401,1597.4673161988903,2119,4.0,4,100.0,100,0,0.3476849669147744,11.0,11.0,1.0,1.0,35.5,52.0,10.0,11.0,100.0,100.0,27.25397550057096,100.0
315,11.879371921434663,15.0,14.374999999999998,12.824336727147006,13505.822053499287,2122,4.0,4,100.0,100,0,0.3472679326668117,11.0,11.0,1.0,1.0,42.0,76.00000000000001,9.000000000000002,23.666666666666668,100.0,100.0,79.98829699863563,48.08735700062243
316,7.522493337746037,15.0,15.75,15.784756428503757,10060.800086333378,2125,4.0,4,100.0,100,0,0.34695548528037723,11.0,11.0,10.333333333333334,32.33333333333333,27.666666666666668,58.333333333333336,13.0,30.33333333333333,100.0,84.77647999825422,100.0,50.11322233306904
317,5.673535091058312,55.00000000000001,15.5,9.164241881529646,6972.503525333498,2136,4.0,4,33.33333333333333,100.0,8,0.34539746006743705,32.5,69.28571428571428,21.000000000000004,53.428571428571416,27.857142857142858,59.14285714285714,22.142857142857146,53.35714285714286,21.556477363165786,35.659635364506606,71.01052054581073,69.19670600023396
318,15.390344875563008,15.0,25.874999999999996,8.221403084800947,6469.16850992862,2139,4.0,4,100.0,100,0,0.3450866956013649,11.0,11.0,22.0,45.0,22.333333333333336,66.33333333333333,18.666666666666668,33.666666666666664,100.0,100.0,40.00678333298614,13.441963333510406
319,-1.885879021700923,65.0,18.499999999999996,6.218390271522139,4798.245720332488,2152,4.0,4,35.294117647058826,100.0,11,0.34302206580201294,31.473684210526322,65.68421052631578,24.0,53.105263157894726,28.578947368421055,73.47368421052632,34.0,63.21052631578947,15.97344669314155,57.987735846948524,72.99212876851715,27.94282392345709
320,10.842705957183068,10.0,29.513157894736835,6.333980427828132,5374.323440210757,2154,4.0,4,100,100,0,0.34281628343451764,24.0,45.0,26.0,69.0,36.0,52.0,20.0,25.0,100.0,100.0,12.957347000337904,100.0
321,10.310528863476094,10.0,26.5,5.954900713615519,6894.711543000085,2156,4.0,4,100,100,0,0.34219967674123913,24.0,45.0,13.0,35.0,37.5,58.5,20.0,25.0,100.0,100.0,13.888296001823619,100.0
322,55.12005646760282,85.0,23.625,8.991185608731739,3479.4946545007406,2173,4.0,4,88.23529411764706,100.0,2,0.34015231977577476,26.05263157894737,34.8421052631579,7.3157894736842115,18.1578947368421,30.473684210526315,53.73684210526316,8.315789473684212,11.368421052631582,34.717430822082164,72.98330288347857,127.38155146982857,40.125070940078274
323,33.496101955609134,55.00000000000001,18.039473684210524,11.85801736348407,9017.368409842578,2184,4.0,4,78.57142857142857,100.0,3,0.33832017366061723,37.0,48.125,26.375,57.62500000000001,16.5625,36.4375,29.875,50.87499999999999,54.88997290971879,12.380473274044396,84.08061218228382,83.87915691008939
324,52.83657801447119,80.0,27.453125,9.781729688987136,5902.541495499236,2200,4.0,4,81.25,100.0,3,0.3362960274933929,25.77777777777778,32.05555555555556,9.333333333333332,27.500000000000007,33.27777777777778,75.6111111111111,18.000000000000004,25.777777777777782,38.86933006183426,59.02237499940384,10.521744187599325,41.89437056197676
325,-12.868333687645727,70.0,21.59722222222222,11.069431102550093,5229.985336889109,2214,4.0,4,31.25,100.0,11,0.3342839916524963,38.94444444444444,70.66666666666666,22.777777777777775,68.44444444444444,23.277777777777782,40.38888888888889,39.888888888888886,74.33333333333334,18.98527764346259,36.957330571593566,42.833580071341466,11.899822570610143
326,-3.6272736041993765,35.0,31.222222222222218,9.882537537590935,3846.9498456662322,2221,4.0,4,25.0,100.0,12,0.3322839936826837,36.888888888888886,59.16666666666666,22.055555555555554,45.55555555555555,42.38888888888889,73.66666666666666,31.88888888888889,67.1111111111111,35.65224857021739,48.38114885684003,24.793607715192984,52.09760800062213
327,27.73691909291236,55.00000000000001,33.30555555555555,8.833712222739711,3295.743759999823,2232,4.0,4,62.5,100.0,6,0.33029596156220636,38.99999999999999,58.111111111111114,19.27777777777778,47.77777777777777,30.88888888888889,52.166666666666664,27.333333333333332,58.22222222222221,38.01680454694592,100.0,23.48799163552361,18.618749091282634
328,49.679229780476035,75.0,29.125,9.468271716085567,4585.3690397222335,2247,4.0,4,73.33333333333333,100.0,4,0.3285169042762605,35.94117647058823,51.11764705882352,12.588235294117647,22.058823529411764,40.94117647058824,64.88235294117646,30.82352941176471,51.0,11.908953734382521,35.21224866674553,23.39196160256203,40.85813160005879
329,8.715920371203119,10.0,30.07352941176471,11.748082801793947,4913.405105058808,2249,4.0,4,100.0,100,0,0.3281228613547802,34.0,68.0,23.0,42.0,41.0,64.0,23.0,48.0,100.0,100.0,21.401100500952452,100.0
330,-3.1884750153552925,25.0,30.250000000000004,8.06210384197477,4597.919972001061,2254,4.0,4,66.66666666666666,100.0,1,0.3274344231881601,24.000000000000004,50.6,19.8,41.400000000000006,29.2,53.0,7.6,14.399999999999999,100.0,15.334849598730216,100.0,238.5397590008506
331,-11.485851816606836,70.0,20.150000000000002,9.257311694221308,10663.913195400528,2268,4.0,4,18.75,100.0,13,0.325475405712074,34.66666666666667,75.22222222222221,28.999999999999993,61.88888888888889,21.5,53.94444444444443,29.777777777777786,65.77777777777779,21.751748856331687,62.32631821388038,46.090707715744166,17.21074542921477
332,4.32172892325425,25.0,28.736111111111107,6.491893449784966,4088.2978626666754,2273,4.0,4,13.333333333333334,100.0,13,0.32372231315475203,33.764705882352935,71.3529411764706,32.411764705882355,61.1764705882353,30.588235294117645,67.0,29.52941176470588,70.4705882352941,21.563167798740324,100.0,100.0,30.339865200512577
333,10.642989578377334,10.0,31.57352941176471,4.129570250226093,2942.2676617055804,2275,4.0,4,100,100,0,0.32343105046919685,35.0,65.0,23.0,48.0,10.0,11.0,27.0,52.0,100.0,100.0,100.0,14.884054500726052
334,-0.4146403705675521,40.0,23.75,9.283507027044427,3900.750908000191,2283,4.0,4,33.33333333333333,100.0,4,0.32255883381632194,33.5,60.74999999999999,15.875,38.125,1.0,1.0,37.125,61.5,77.44259799910651,14.204212499407731,100.0,23.07005075062989
335,6.674264054457316,30.0,21.875,15.008023915376459,8130.765521001649,2289,4.0,4,50.0,100.0,2,0.32168896932440516,29.666666666666668,58.50000000000001,23.0,54.166666666666664,1.0,1.0,39.666666666666664,64.33333333333333,28.98464683094062,16.143925002931308,100.0,48.339883998657264
336,2.1269669469374994,50.0,23.333333333333336,14.987851160385443,4293.149336334561,2299,4.0,4,50.0,100.0,4,0.3205327979577719,38.6,68.0,22.200000000000003,46.900000000000006,19.400000000000002,48.4,44.500000000000014,66.39999999999999,30.6639733981865,64.60981520009227,12.473673303611577,19.756652998476056
337,1.5433509205159694,10.0,31.175000000000008,12.681932599749624,4615.282703801495,2301,4.0,4,100,100,0,0.320244404974811,45.0,79.0,30.5,65.5,22.0,45.0,40.0,55.00000000000001,100.0,12.47506450090441,100.0,100.0
338,15.722465498578355,80.0,34.375,9.138040181873064,3772.5636739996844,2317,4.0,4,56.25,100.0,7,0.3183284048797204,35.666666666666664,62.55555555555555,14.388888888888888,34.888888888888886,18.833333333333332,43.777777777777786,36.66666666666667,57.333333333333336,39.88658918615329,152.8003509384689,17.70232174985722,725.2153855624783
339,0.18501869561443707,60.0,26.38888888888889,11.64808135684022,7116.665872777554,2329,4.0,4,33.33333333333333,100.0,10,0.31642386808049816,32.588235294117645,70.41176470588235,27.0,82.0,21.58823529411765,45.529411764705884,35.94117647058824,64.41176470588236,25.583223168359837,10.665949004760478,38.33732949812353,23.590268501235794
340,2.9957195817979985,70.0,29.27941176470588,6.962815672606004,3704.534738940471,2343,4.0,4,35.294117647058826,100.0,11,0.31453072599303883,37.578947368421055,59.578947368421055,27.89473684210527,71.42105263157895,24.947368421052634,52.052631578947384,36.05263157894737,70.57894736842104,23.464561357104685,13.935810217455062,100.0,18.62245128525371
341,5.829636911257877,60.0,31.61842105263158,9.785393724403612,4312.7467294735225,2355,4.0,4,50.0,100.0,8,0.31264891044357135,46.55555555555555,66.61111111111111,22.88888888888889,49.944444444444436,13.88888888888889,43.38888888888889,56.05555555555556,70.1111111111111,54.72215099944151,40.31612983320277,22.7108570029183,11.297921166866823
342,2.6257335486043933,35.0,34.84722222222223,18.431870401802318,4127.223703222424,2362,4.0,4,60.0,100.0,2,0.3118057706590748,33.71428571428572,57.14285714285714,35.0,79.0,13.428571428571429,35.0,30.714285714285722,64.42857142857143,36.77100271556161,18.76519899815321,51.187591999977094,23.05431700390597
343,7.209383816701566,85.0,28.214285714285715,9.598036167295728,6427.020741570492,2379,4.0,4,50.0,100.0,8,0.3099402583286421,36.33333333333334,51.66666666666667,22.72222222222222,58.94444444444444,19.11111111111111,52.55555555555556,35.5,65.0,11.905195943922187,22.532483529186507,31.72641188455814,78.62181500060936
344,21.39586334076251,60.0,28.416666666666668,9.405797264532326,6860.871076667536,2391,4.0,4,58.82352941176471,100.0,7,0.30808590722927837,23.315789473684216,37.526315789473685,16.68421052631579,48.473684210526315,19.157894736842103,54.78947368421052,31.6842105263158,59.31578947368421,33.20574250186231,26.85916891908467,54.5087085806396,34.36048183357343
345,-9.800000000000004,5.0,22.71052631578947,8.83741278119872,4599.3459428948545,2392,4.0,4,83,100.0,17,0.3062426505841114,33.0,55.000000000000014,22.27777777777778,56.33333333333332,26.0,69.0,33.55555555555556,71.33333333333334,15.650325003662147,100.0,100.0,100.0
346,6.413068623435159,15.0,28.708333333333343,5.153531236082416,581.6935375551111,2395,4.0,4,100.0,100,0,0.3058753247413701,38.33333333333333,61.66666666666667,10.000000000000002,11.0,10.333333333333334,32.33333333333333,27.999999999999996,59.66666666666667,41.763798666458264,100.0,100.0,15.101839332298065
347,9.587305609978282,10.0,21.666666666666668,12.690375373903114,6957.510880000579,2397,4.0,4,100.0,100,0,0.3055084394913238,41.0,65.0,10.0,11.0,1.0,1.0,24.000000000000004,30.0,100.0,100.0,100.0,15.981392498360947
348,9.232184106481952,10.0,19.0,15.211573167028636,5096.018238000397,2399,4.0,4,100,100,0,0.30505045170720746,33.0,55.00000000000001,5.5,6.0,1.0,1.0,36.5,62.0,100.0,100.0,100.0,13.284387499879813
349,5.224548390693792,5.0,19.0,16.130264891967457,4757.6841064983455,2400,4.0,4,100,100,0,0.3048674488907238,20.0,21.0,10.0,11.0,1.0,1.0,30.0,38.0,100.0,11.422379997384269,100.0,100.0
350,15.143213182929815,15.0,15.250000000000002,10.848386976873567,3443.5168729978614,2403,4.0,4,100.0,100,0,0.30441042201578994,20.000000000000004,21.0,18.000000000000004,21.0,1.0,1.0,40.0,51.66666666666667,100.0,10.488425999938045,100.0,40.444534667767584
351,8.943999150746466,60.0,19.75,13.964297967446493,3649.359318333154,2415,4.0,4,50.0,100.0,7,0.302589155544094,28.937500000000004,62.375,35.375,60.12500000000001,12.375000000000002,36.4375,47.25,61.375,9.067372004210483,22.450844583363505,44.200131916295504,27.850042166028288
352,6.746628408230623,15.0,30.984375000000004,13.850781759535968,3944.4651553126278,2418,4.0,4,100.0,100,0,0.302135544059331,23.333333333333336,45.66666666666667,33.33333333333333,65.33333333333334,27.0,82.0,43.99999999999999,72.33333333333333,39.74695466652823,100.0,100.0,19.697412998842385
353,-1.509170963553685,50.0,31.916666666666664,8.915901595855724,8109.8143440006725,2428,4.0,4,21.428571428571427,100.0,11,0.3003278880248925,31.125000000000004,69.37500000000001,24.375000000000004,64.75,24.8125,70.3125,43.3125,70.625,13.324550099787302,19.405072599474806,64.41592959978152,38.049808599753305
354,3.8744461344409244,45.0,30.906249999999996,8.528281376523388,3185.601775250234,2437,4.0,4,54.54545454545454,100.0,5,0.2989792469411128,32.0,64.23076923076924,24.23076923076923,66.76923076923077,34.15384615384616,71.76923076923077,36.46153846153846,59.38461538461538,70.37999566673534,31.02907999661208,12.06468644522829,39.994291554224525
355,8.143321963503599,25.0,31.711538461538463,6.283133092916056,4097.246783923765,2442,4.0,4,50.0,100.0,2,0.29817297098935214,26.500000000000007,57.99999999999999,23.333333333333336,70.5,28.000000000000004,60.66666666666666,32.0,50.5,47.18848660180811,100.0,9.574058996804524,42.70924300100887
356,12.157807392453762,20.0,27.458333333333336,5.018450835983735,3872.6434008337187,2446,4.0,4,40.0,100.0,3,0.2972796587113433,34.0,68.0,25.285714285714285,77.14285714285715,25.0,75.28571428571428,47.428571428571416,63.142857142857146,100.0,100.0,33.98972499999218,15.524055999776465
357,1.4249040531876176,70.0,32.92857142857143,9.424645546617151,3484.917592143964,2460,4.0,4,31.25,100.0,11,0.2955010551026268,34.5,69.0,24.22222222222222,73.72222222222223,23.277777777777782,63.222222222222214,46.388888888888886,74.3888888888889,35.92490043010912,16.822413212503307,55.44478300019234,12.880969357086412
358,-5.3472688177391,10.0,32.09722222222222,10.47319927765314,3668.7619798338146,2462,4.0,4,76.47058823529412,100.0,4,0.29373309275611675,39.26315789473684,71.3157894736842,16.68421052631579,49.68421052631579,36.00000000000001,82.0,35.684210526315795,62.89473684210527,100.0,60.19914000062272,100.0,13.895427997340448
359,20.520975433479304,25.0,31.907894736842103,10.082972078276994,2153.3985439478115,2467,4.0,4,100.0,100,0,0.2919757080058781,12.411764705882353,13.35294117647059,23.588235294117645,52.64705882352941,2.058823529411765,2.176470588235294,20.52941176470588,50.82352941176471,82.13615700049559,13.532719000068028,47.47681240172824,36.50914359779563
360,7.075390055835188,30.0,14.64705882352941,8.78784969864869,1385.5209517637645,2473,4.0,4,94.11764705882352,100.0,1,0.2902288375668851,36.00000000000001,78.99999999999999,22.263157894736842,38.63157894736842,3.5263157894736845,8.157894736842104,27.73684210526316,54.63157894736841,10.06309099466307,39.58479633414148,69.86356033400322,31.369482503214385
361,2.6766290829403485,5.0,22.38157894736842,12.766766828076017,1159.8216608422501,2474,4.0,4,100.0,100,0,0.28944615938894547,34.14285714285714,74.42857142857143,39.85714285714286,67.0,13.0,35.0,21.285714285714285,30.857142857142865,14.594714004488196,100.0,100.0,100.0
362,13.510167034923017,20.0,27.071428571428573,10.918675658758533,3271.7663147133344,2478,4.0,4,100.0,100,0,0.28771442306413303,22.736842105263158,45.63157894736843,30.368421052631582,51.6842105263158,9.210526315789474,24.26315789473684,11.526315789473685,14.736842105263163,55.78811599916662,14.754739000636619,100.0,32.8958829963085
363,10.09785789406362,25.0,18.460526315789476,10.890160546623218,2024.9413088412869,2483,4.0,4,94.11764705882352,100.0,1,0.2859930475978133,36.00000000000001,78.99999999999999,24.421052631578945,51.368421052631575,13.684210526315791,22.052631578947366,18.157894736842103,52.42105263157896,100.0,47.67567780130776,27.608670803892892,13.15171299938811
364,-12.400000000000004,10.0,23.065789473684205,10.236818791279974,921.7568302108128,2485,4.0,4,93.75,100.0,1,0.28428197100168734,24.66666666666667,48.33333333333333,25.611111111111107,63.11111111111111,30.388888888888886,43.888888888888886,11.888888888888888,37.55555555555555,55.77825699656387,100.0,11.162563001562376,100.0
365,1.6941191683615209,5.0,23.13888888888889,7.336206157292212,952.8707768897423,2486,4.0,4,100.0,100,0,0.2835153301091075,25.0,57.99999999999999,18.75,45.0,17.75,22.25,1.0,1.0,100.0,10.994457996275742,100.0,100.0
366,4.495441558772843,5.0,15.625,9.616512446845245,1981.9450717495783,2487,4.0,4,100,100,0,0.28326024285349355,25.0,57.99999999999999,13.0,35.0,1.0,1.0,13.0,35.0,100.0,100.0,100.0,12.497299998358358
367,14.987183349029314,35.0,13.0,8.485281374238571,2340.803807004704,2494,4.0,4,94.11764705882352,100.0,1,0.28156551643888106,25.26315789473685,45.052631578947384,26.263157894736832,79.52631578947368,3.9473684210526314,7.7368421052631575,14.947368421052632,38.89473684210525,75.0937065708318,26.195118575040915,37.60667657209394,11.2253492864381
368,10.079108007972495,15.0,17.605263157894736,9.690870275318876,1670.7465326322372,2497,4.0,4,100.0,100,0,0.28004893361079414,24.200000000000003,25.666666666666664,15.399999999999995,47.66666666666667,1.0,1.0,18.066666666666663,33.06666666666666,43.910231997142546,100.0,100.0,15.069910000117185
369,13.259471047857662,15.0,14.666666666666664,9.938936593285613,1271.8590771992847,2500,4.0,4,100.0,100,0,0.27954522344516275,27.599999999999998,30.599999999999998,1.0,1.0,1.0,1.0,21.800000000000004,33.4,39.31128900148906,100.0,100.0,41.940995000186376
370,9.58171608463425,10.0,12.85,12.946847212101606,3902.2669882004266,2502,4.0,4,100,100,0,0.27929370821372473,20.0,21.0,1.0,1.0,1.0,1.0,23.0,42.0,100.0,100.0,100.0,13.062596503004897
371,5.343405914947106,5.0,11.250000000000002,10.304731922762477,3494.8851045046467,2503,4.0,4,100,100,0,0.2790424192780927,20.0,21.0,1.0,1.0,1.0,1.0,33.0,55.00000000000001,100.0,100.0,100.0,15.23646799614653
372,20.669846754345798,35.0,13.750000000000002,13.5531361684298,4219.314873000258,2510,4.0,4,100.0,100,0,0.2773729278098087,31.38888888888889,69.0,17.333333333333332,35.22222222222222,6.555555555555556,8.222222222222225,31.11111111111111,48.33333333333333,15.39573999512608,27.779950857179106,123.04662657157418,36.52361300129477
373,18.730150473223077,20.0,21.597222222222218,12.328028634923092,4079.736742110577,2514,4.0,4,100.0,100,0,0.2763760312184012,23.000000000000004,31.0,13.0,35.0,22.666666666666668,45.44444444444444,11.888888888888888,37.55555555555555,100.0,54.587211999023566,31.07094150436751,32.750875749479746
374,4.25477946057748,25.0,17.638888888888886,5.743640858528828,1694.7049508881819,2519,4.0,4,76.47058823529412,100.0,4,0.27472249256520637,32.526315789473685,58.578947368421055,23.31578947368421,69.63157894736842,25.421052631578945,49.10526315789475,21.842105263157897,57.57894736842104,15.707697202742565,26.978654401609674,82.28813240100862,47.1381579968147
375,6.951113469541253,20.0,25.776315789473685,5.2360237369986535,1345.7440393689658,2523,4.0,4,87.5,100.0,2,0.27307884691925083,32.333333333333336,72.00000000000001,21.000000000000004,64.99999999999999,30.000000000000004,45.88888888888889,15.888888888888891,28.555555555555557,100.0,55.36620300044888,26.22849050021614,78.46660250033892
376,-3.9996497546564003,10.0,24.805555555555557,7.386940493812719,2045.3508709441749,2525,4.0,4,100.0,100,0,0.2714450350913576,19.647058823529413,36.05882352941177,3.4705882352941178,9.294117647058824,19.0,52.94117647058824,11.941176470588237,15.41176470588235,60.915353002928896,100.0,100.0,10.921537003014237
377,10.755797680648968,10.0,13.51470588235294,7.245578065531923,2223.122964706015,2527,4.0,4,100,100,0,0.27103811176597303,24.0,45.0,1.0,1.0,15.0,48.0,11.5,17.5,100.0,100.0,100.0,11.812515000201529
378,4.600940448142362,5.0,12.875,8.236705322517182,3648.053921500832,2528,4.0,4,100,100,0,0.2708755132923435,24.0,45.0,13.0,35.0,15.0,48.0,11.0,14.000000000000002,100.0,11.701146999257617,100.0,100.0
379,4.747340461634737,5.0,15.75,4.968651728587947,3786.566574999597,2529,4.0,4,100,100,0,0.2705506089199175,24.0,45.0,1.0,1.0,1.0,1.0,25.0,62.0,100.0,100.0,100.0,8.755068003665656
380,-8.178456333151948,30.0,12.75,11.755317945508747,2404.164097002649,2535,4.0,4,83.33333333333334,100.0,3,0.2689319233648703,36.00000000000001,78.99999999999999,13.399999999999999,27.55,24.45,63.49999999999999,25.0,61.999999999999986,10.841854003956541,70.73297316528624,24.90863349909584,100.0
381,-4.972488531868776,10.0,24.712500000000006,8.681141233128997,995.6811956999445,2537,4.0,4,88.23529411764706,100.0,2,0.2673229222933902,23.8421052631579,44.99999999999999,25.42105263157895,61.57894736842104,19.157894736842103,51.10526315789473,15.105263157894736,45.26315789473685,100.0,54.85072300216416,100.0,14.438596001127735
382,5.678338445855877,5.0,20.881578947368425,5.759658843950172,1058.4249210009339,2538,4.0,4,100,100,0,0.26700227911214747,11.0,11.0,1.0,1.0,1.0,1.0,23.0,59.0,100.0,100.0,100.0,27.252952997514512
383,-3.028682574873297,10.0,9.0,9.055385138137417,2981.134267996822,2540,4.0,4,100.0,100,0,0.26644207870807807,29.500000000000004,63.0,1.0,1.0,1.0,1.0,23.0,59.0,205.84453400078928,100.0,100.0,100.0
384,6.69886917123322,20.0,13.625000000000002,12.905568892123076,3313.966152996727,2544,4.0,4,100.0,100,0,0.2648479742047348,34.0,68.0,1.7777777777777777,3.6111111111111116,4.777777777777778,10.000000000000002,17.944444444444446,40.33333333333333,100.0,36.8105484998523,12.885420499515021,77.52598575025331
385,13.006084761964111,25.0,14.625000000000005,13.221784955485392,1198.1379534445296,2549,4.0,4,91.66666666666666,100.0,1,0.263500486417988,33.28571428571428,62.78571428571428,0.9999999999999999,0.9999999999999999,13.857142857142854,36.42857142857142,9.571428571428573,12.000000000000002,46.49610399996163,100.0,10.037799998826813,29.12494819785934
386,5.56963833000682,5.0,14.428571428571432,12.0719157780532,2738.1685521426593,2550,4.0,4,100,100,0,0.263342409841181,28.999999999999996,31.0,1.0,1.0,1.0,1.0,23.0,59.0,100.0,100.0,100.0,12.617221997061279
387,-9.767851648315528,20.0,13.5,12.678722333105966,2855.9523799995077,2554,4.0,4,87.5,100.0,2,0.2617668504419878,36.99999999999999,44.111111111111114,13.777777777777779,37.61111111111111,1.0000000000000002,1.0000000000000002,23.000000000000004,59.0,33.404038000662695,9.668875001807464,100.0,100.0
388,0.24420973897387666,15.0,18.694444444444446,13.318709918261993,894.6000268887373,2557,4.0,4,100.0,100,0,0.260200717505558,40.421052631578945,65.57894736842105,14.157894736842106,40.21052631578947,1.0000000000000002,1.0000000000000002,12.157894736842104,30.94736842105263,13.592108000011649,40.703315998932034,100.0,100.0
389,15.197844028776958,15.0,16.934210526315788,15.124467934781336,1387.8485916314899,2560,4.0,4,100.0,100,0,0.2597327073445399,29.25,51.5,15.0,48.0,1.0,1.0,6.25,9.25,41.889121336862445,100.0,100.0,10.690078665599382
390,13.172080003921874,25.0,12.875,11.000063496154718,4118.391999250889,2565,4.0,4,93.75,100.0,1,0.25817874454537904,23.000000000000004,30.999999999999993,21.11111111111111,59.66666666666666,12.555555555555554,16.0,13.5,25.555555555555554,100.0,65.51943960017525,28.14770260185469,9.96915839787107
391,4.839464967285727,5.0,17.541666666666668,5.884672230248776,997.3776514440639,2566,4.0,4,100,100,0,0.25802386053473886,31.0,41.0,26.0,69.0,21.0,31.0,12.0,21.0,12.67746499797795,100.0,100.0,100.0
392,2.991494680905789,5.0,22.5,7.017834423809101,3203.7404299990158,2567,4.0,4,100.0,100,0,0.2574052530995983,24.66666666666667,33.33333333333333,23.666666666666668,61.0,21.0,31.0,12.0,21.0,14.559490999090485,100.0,100.0,100.0
393,11.79891428449158,25.0,20.333333333333332,5.78626837368057,802.4347121681785,2572,4.0,4,100.0,100,0,0.2558652152979873,12.333333333333332,13.222222222222221,20.333333333333332,56.99999999999999,16.888888888888886,24.944444444444443,18.777777777777775,48.55555555555554,100.0,30.0400423980318,65.92040240007918,15.166151597804856
394,-3.3300000000000036,10.0,17.083333333333332,6.396163607553068,2659.1017786660004,2574,4.0,4,100.0,100,0,0.2543343914358814,11.0,11.0,20.411764705882355,59.88235294117645,9.823529411764707,12.470588235294118,20.64705882352941,54.99999999999999,100.0,21.49929999723099,55.99546749799629,100.0
395,7.3872716827714076,15.0,15.470588235294116,5.354847606186102,1290.387378527906,2577,4.0,4,100.0,100,0,0.25387693274541556,21.5,46.25,13.0,35.0,11.0,14.000000000000002,9.75,21.25,40.232418670590654,100.0,100.0,12.070006334397476
396,5.582462690722335,5.0,13.8125,7.287416504212935,4065.918566499022,2578,4.0,4,100,100,0,0.25372462943469226,25.0,57.99999999999999,13.0,35.0,20.0,25.0,11.0,14.000000000000002,100.0,100.0,14.345987001433969,100.0
397,10.04793411275688,10.0,17.25,5.584576975922169,4679.370977995859,2580,4.0,4,100,100,0,0.2534963457670005,25.0,57.99999999999999,13.0,35.0,11.0,14.000000000000002,28.000000000000004,55.00000000000001,100.0,100.0,100.0,11.26417650084477
398,0.4038053745198902,15.0,19.25,7.534431454051966,3560.6124215009913,2583,4.0,4,93.33333333333333,100.0,1,0.2519796946872325,21.705882352941174,46.94117647058823,9.470588235294116,25.0,18.117647058823533,27.588235294117645,43.58823529411765,79.6470588235294,100.0,44.30089933448471,70.66028933428849,9.66099499783013
399,5.03657621127531,25.0,23.220588235294116,13.15367613660914,701.1859218242428,2588,4.0,4,94.11764705882352,100.0,1,0.2504721176258327,19.842105263157894,40.68421052631579,24.736842105263154,52.157894736842096,20.894736842105264,44.26315789473684,22.42105263157894,39.0,48.87488559674239,32.65541860164376,28.31407200312242,82.27205559931463
400,11.771929047225441,15.0,21.97368421052632,8.455101832762965,2392.0564986834315,2591,4.0,4,100.0,100,0,0.24934735698374566,30.53846153846153,64.15384615384613,19.92307692307692,42.692307692307686,16.923076923076923,44.38461538461537,10.000000000000002,11.000000000000004,12.211303001095075,100.0,39.84153499962607,100.0
401,4.647676377367895,10.0,19.346153846153843,8.092015177200668,1351.3906123083032,2593,4.0,4,100.0,100,0,0.24785552901651223,25.35294117647059,35.0,1.0,1.0,25.0,55.00000000000001,6.8235294117647065,7.470588235294118,55.854237999301404,100.0,100.0,11.080038006184623
402,22.395769979139427,35.0,14.544117647058824,11.166779880939208,463.6280738246997,2600,4.0,4,93.75,100.0,1,0.2463726265526839,25.0,46.111111111111114,2.555555555555556,6.222222222222222,6.888888888888889,14.555555555555555,26.5,50.0,100.0,35.997020718267386,23.074686143913173,10.038753284399197
403,0.0,0.0,15.23611111111111,12.014563334398686,2352.044684278048,2600,4.0,4,100,100,0,0.2448985961915921
404,9.90948512710603,25.0,0,0,0,2605,4,4,100.0,100,0,0.24343338485206045,24.000000000000004,44.99999999999999,14.22222222222222,45.38888888888889,1.0000000000000002,1.0000000000000002,37.611111111111114,57.44444444444444,45.61528480320703,30.454059997573495,100.0,14.030124997952953
405,24.83211045758006,45.0,19.20833333333333,13.656525815067248,1727.6609367222086,2614,4.0,4,86.66666666666667,100.0,2,0.2419769397704938,34.294117647058826,56.76470588235294,13.647058823529413,41.529411764705884,21.941176470588236,67.23529411764706,31.470588235294123,58.235294117647065,31.187424112350627,80.26933688993773,20.201881331417503,10.364055336847539
406,-7.378599064737413,30.0,25.338235294117652,9.61760283826985,2055.7959796471337,2620,4.0,4,75.0,100.0,4,0.24052920849897805,52.944444444444436,74.8888888888889,26.999999999999996,70.1111111111111,25.61111111111111,77.49999999999999,18.777777777777775,54.55555555555556,39.79761200074184,11.413285663972298,85.58157266694859,69.66683000161235
407,-1.4482895609960345,10.0,31.08333333333333,13.502916135615106,1899.3210725554188,2622,4.0,4,87.5,100.0,1,0.2397366516595986,43.111111111111114,67.22222222222221,26.0,69.0,17.555555555555557,36.55555555555555,15.0,48.00000000000001,100.0,100.0,12.241534997883718,100.0
408,29.10332979616713,35.0,25.416666666666664,11.321798520311072,1339.6098669982166,2629,4.0,4,100.0,100,0,0.2383023238766897,25.470588235294116,33.11764705882353,5.352941176470588,13.0,26.294117647058822,38.411764705882355,17.588235294117645,27.352941176470587,10.730045713509233,100.0,35.80615785530036,23.6962917148568
409,1.5281911839480453,15.0,18.676470588235293,10.356991665600681,2561.489393352959,2632,4.0,4,100.0,100,0,0.23687657757756556,43.125,79.0,1.0,1.0,19.0625,26.312500000000007,44.1875,58.875,39.69440666745262,100.0,100.0,11.398670663766097
410,1.7135154641914552,10.0,26.84375,18.632343479347437,1351.277057876814,2634,4.0,4,100.0,100,0,0.23645051939342113,37.25000000000001,74.49999999999999,17.0,50.74999999999999,8.5,10.750000000000002,44.75,59.5,100.0,13.328139997611288,100.0,100.0
411,4.928527654096499,5.0,26.875,15.072308119656782,2938.2069947496348,2635,4.0,4,100.0,100,0,0.23623777776122315,25.0,57.99999999999999,23.0,59.0,5.5,6.0,30.0,42.0,100.0,100.0,14.958460997149814,100.0
412,19.286992397364045,25.0,20.875,9.251949869942155,1193.5681124996336,2640,4.0,4,100.0,100,0,0.234824383498519,15.842105263157894,21.842105263157897,33.0,72.00000000000001,20.73684210526316,41.421052631578945,14.842105263157892,19.000000000000004,81.79632380022667,14.332901999296155,45.920461598725524,28.46146160038188
413,14.95093898352255,20.0,21.105263157894736,8.140135445434957,1215.991164737237,2644,4.0,4,100.0,100,0,0.2334194454757981,21.0,24.000000000000004,22.666666666666668,44.61111111111111,16.5,28.555555555555557,14.500000000000002,18.27777777777778,100.0,11.761310499423416,34.38384850451257,77.5927144997695
414,9.037504847263905,15.0,18.666666666666664,5.739887759576073,1994.653885944394,2647,4.0,4,100.0,100,0,0.2320229130999622,21.38888888888889,26.77777777777777,16.499999999999996,24.499999999999996,10.000000000000002,11.000000000000002,13.666666666666668,15.666666666666668,12.078591998336682,100.0,100.0,39.1832773340866
415,6.291734001447624,10.0,15.388888888888891,5.4278615890884865,787.5847031124673,2649,4.0,4,100.0,100,0,0.23098099975970343,23.0,31.0,9.333333333333334,11.833333333333336,0.9999999999999999,0.9999999999999999,12.583333333333332,15.0,100.0,100.0,100.0,13.586552497145021
416,20.350281213494075,35.0,11.47916666666667,8.48594215451855,974.1948551666914,2656,4.0,4,100.0,100,0,0.22959905643570203,24.000000000000004,41.631578947368425,2.2631578947368425,4.578947368421052,1.0000000000000002,1.0000000000000002,38.368421052631575,73.21052631578947,24.170991716424137,61.1820982831497,100.0,10.77348356920993
417,0.48282765492807656,10.0,16.407894736842103,15.763294985567791,1418.6280846850805,2658,4.0,4,100.0,100,0,0.22911733214249774,24.0,45.0,5.166666666666667,12.166666666666666,1.0,1.0,43.0,79.0,100.0,11.489537497254787,100.0,100.0
418,4.0284120281150075,25.0,18.291666666666664,16.85750409241516,1093.554005167486,2663,4.0,4,93.75,100.0,1,0.22774653901277403,30.000000000000004,62.0,21.555555555555557,63.722222222222214,1.7777777777777777,3.6111111111111116,22.666666666666668,36.00000000000001,27.411353604402393,10.684232201310806,82.01450759923318,63.677437599981204
419,-7.200000000000002,0.0,19.000000000000004,13.097231402824,1973.306720055714,2663,4.0,4,100.0,100,0,0.2263839472434054,22.555555555555554,41.22222222222223,25.000000000000007,76.33333333333331,15.0,48.00000000000001,17.5,21.944444444444443
420,8.21171394519407,10.0,20.01388888888889,4.458528932087834,474.1195996664626,2665,4.0,4,100.0,100,0,0.22570571152356256,11.0,11.0,11.88888888888889,37.55555555555555,15.0,48.00000000000001,14.222222222222221,16.77777777777778,100.0,100.0,100.0,19.255560502642766
421,25.926513975099887,40.0,13.02777777777778,3.357879308817609,2207.062423888096,2673,4.0,4,94.11764705882352,100.0,1,0.2243553298837158,13.842105263157897,14.157894736842106,5.315789473684211,10.894736842105262,6.578947368421052,18.736842105263158,32.89473684210527,51.21052631578947,42.97684874618426,24.91091137399053,66.026376627633,10.122396002770984
422,3.9135494595100475,5.0,14.657894736842108,11.687733244579075,1936.9521326328763,2674,4.0,4,100.0,100,0,0.22401899874812028,20.0,21.0,25.0,62.0,15.25,37.49999999999999,32.0,69.0,100.0,100.0,10.635124999680556,100.0
423,5.605986704796783,20.0,23.062500000000004,6.346754333459942,868.9709467507782,2678,4.0,4,94.11764705882352,100.0,1,0.22267870859398867,28.578947368421055,48.78947368421052,23.421052631578952,59.789473684210535,20.631578947368425,39.94736842105264,17.684210526315784,45.47368421052631,32.93089524995594,100.0,16.42913250179845,100.0
424,3.685391184243055,10.0,22.578947368421055,6.45756901383052,1866.558374842785,2680,4.0,4,100.0,100,0,0.22134643730302173,34.0,68.0,1.0,1.0,7.882352941176469,19.58823529411765,7.470588235294118,9.411764705882353,100.0,100.0,54.818768000404816,27.396720004617237
425,17.180869411759183,20.0,12.58823529411765,12.939746268961105,542.1528197668308,2684,4.0,4,100.0,100,0,0.22008816334792097,25.600000000000012,39.8,7.266666666666666,11.133333333333335,12.999999999999995,34.99999999999999,15.8,19.866666666666667,100.0,32.41063925124763,100.0,13.891483496990986
426,6.925165833909881,10.0,15.416666666666664,7.407753601451028,1426.762579001661,2686,4.0,4,100.0,100,0,0.219231362831524,11.0,11.0,11.0,14.000000000000002,11.5,30.75,14.250000000000002,20.25,100.0,100.0,100.0,12.044704999425448
427,14.139305152504635,20.0,11.9375,2.795769243956037,2316.635192499234,2690,4.0,4,100.0,100,0,0.21791971677149333,16.294117647058822,17.88235294117647,14.176470588235299,16.941176470588236,8.058823529411766,21.0,37.76470588235294,70.82352941176471,77.6410352493258,33.20386375016824,56.68547450186452,11.73839400144061
428,5.535899533633133,20.0,19.073529411764703,11.897141263963324,1405.9966234126478,2694,4.0,4,93.75,100.0,1,0.2166159181989963,22.0,25.11111111111111,14.000000000000002,19.333333333333332,17.444444444444443,40.77777777777778,29.388888888888886,47.33333333333335,34.11450999956287,59.81269049952971,77.82867999885639,11.884801999258343
429,4.568375534189118,5.0,20.708333333333336,7.618719055740926,1225.1615246669744,2695,4.0,4,100.0,100,0,0.2161614339702232,16.0,17.5,12.0,21.0,19.5,34.5,12.0,13.5,100.0,100.0,13.522378998459317,100.0
430,9.038283461992407,10.0,14.875,3.70951771252278,4142.035943252267,2697,4.0,4,100,100,0,0.21590215695328963,11.0,11.0,12.0,21.0,21.0,28.000000000000004,17.0,32.99999999999999,100.0,100.0,100.0,12.954572499438655
431,5.5720428422344295,5.0,15.249999999999996,4.361942300126563,5489.658360002068,2698,4.0,4,100,100,0,0.21564319092879478,11.0,11.0,12.0,21.0,21.0,28.000000000000004,25.0,55.00000000000001,100.0,100.0,100.0,13.965578000352252
432,13.423134577194855,20.0,17.25,5.9319052588523355,3832.3586819969933,2702,4.0,4,100.0,100,0,0.2143530126527443,23.0,31.0,2.2941176470588234,3.352941176470588,9.941176470588237,13.882352941176471,28.470588235294116,59.29411764705882,13.21460900362581,100.0,35.96758000130649,57.19729549928161
433,0.15263646160033828,15.0,15.926470588235295,10.92066110964657,1961.8190137065112,2705,4.0,4,100.0,100,0,0.21307055342396278,21.684210526315795,24.473684210526315,11.000000000000002,14.000000000000004,1.0000000000000002,1.0000000000000002,27.47368421052631,37.57894736842105,42.00611266472455,9.934738001902588,100.0,100.0
434,9.763476713355061,10.0,15.289473684210526,10.30827262269624,942.2592677893638,2707,4.0,4,100,100,0,0.212814983794943,20.0,21.0,11.0,14.000000000000002,1.0,1.0,36.5,65.5,100.0,100.0,100.0,11.538345999724697
435,-4.905880831638483,10.0,17.125,13.108721444082292,3142.9465745022753,2709,4.0,4,100.0,100,0,0.21154172648629493,19.555555555555554,24.000000000000004,8.222222222222223,10.38888888888889,2.3333333333333335,4.777777777777778,30.444444444444446,61.7777777777778,12.874159001512453,100.0,55.40003550122492,100.0
436,13.416659448138786,25.0,15.138888888888891,11.25215459251829,1500.7133958889526,2714,4.0,4,92.3076923076923,100.0,1,0.21046544907211592,24.066666666666666,54.866666666666674,10.533333333333337,18.333333333333332,14.866666666666664,41.266666666666666,8.466666666666667,18.59999999999999,30.45771520002745,48.780427603051066,73.07023600093089,11.2889935990097
437,8.185219881116476,10.0,14.483333333333334,8.378180817015862,2540.4454753336418,2716,4.0,4,100.0,100,0,0.2098349044284182,25.0,57.99999999999999,6.5,11.0,2.5,5.25,16.625,39.625,100.0,100.0,100.0,12.508623000030639
438,1.792957657643119,10.0,12.656250000000002,9.529682361867495,1612.245017748137,2718,4.0,4,100.0,100,0,0.20958321583129205,18.0,34.5,20.0,58.5,1.0,1.0,23.0,48.0,100.0,18.84272799725295,100.0,100.0
439,9.639776181666631,30.0,15.5,9.880512093429093,4153.076201499061,2724,4.0,4,86.66666666666667,100.0,2,0.20832929396654087,31.764705882352946,68.52941176470587,17.352941176470587,53.29411764705881,3.4705882352941178,9.294117647058824,24.058823529411768,49.29411764705882,26.982778168166988,55.66415983242526,85.07284016620058,22.938030000659637
440,-4.694231848028543,10.0,19.161764705882355,11.416004156958106,1261.6320284120293,2726,4.0,4,93.75,100.0,1,0.2070828742294608,30.055555555555557,62.5,19.77777777777778,59.499999999999986,15.0,48.00000000000001,3.7777777777777772,4.611111111111112,85.77245650012628,44.53635800018674,100.0,100.0
441,-12.400000000000006,10.0,17.152777777777775,10.222104367801212,1281.7037808894788,2728,4.0,4,94.11764705882352,100.0,1,0.20584391173534172,17.222222222222218,31.88888888888889,12.555555555555554,34.55555555555555,1.0000000000000002,1.0000000000000002,1.0000000000000002,1.0000000000000002,100.0,214.2150159997982,100.0,100.0
442,9.931667624519074,10.0,7.944444444444445,7.862177124032406,1310.4282151103284,2730,4.0,4,100,100,0,0.20565870778707834,11.0,11.0,13.0,35.0,1.0,1.0,17.0,27.999999999999996,100.0,100.0,100.0,18.44585700018797
443,19.90808781099551,25.0,10.5,6.138872924682104,4141.00821250031,2735,4.0,4,100.0,100,0,0.20442826598214733,14.789473684210531,15.21052631578947,24.789473684210524,74.57894736842105,11.000000000000002,14.000000000000004,36.42105263157895,69.94736842105263,64.74188160151243,46.77492219838314,11.57107000472024,29.26586100104032
444,-0.8717141588429103,10.0,21.749999999999996,10.170490645642651,932.7337230524312,2737,4.0,4,100.0,100,0,0.20369353731502698,31.0,35.22222222222223,15.0,48.00000000000001,11.0,14.000000000000002,41.44444444444444,76.77777777777777,13.926179501140723,100.0,100.0,100.0
445,8.208009644320976,10.0,24.611111111111114,12.744103579439889,1454.592490555822,2739,4.0,4,100.0,100,0,0.20296144931118132,37.875,43.625,6.249999999999999,18.625,3.4999999999999996,4.25,18.125000000000004,32.375,100.0,100.0,100.0,12.059925502398983
446,15.104541556378617,25.0,16.4375,13.799563169618956,3363.575275500807,2744,4.0,4,80.0,100.0,1,0.20241411053302746,30.0,34.0,6.999999999999999,21.142857142857142,5.714285714285714,12.142857142857142,33.714285714285715,42.42857142857142,100.0,64.96347759908531,29.125143599521834,14.513423402968328
447,0.7459029760093001,5.0,19.107142857142854,13.417609479439871,2853.696258140969,2745,4.0,4,100.0,100,0,0.20156562705266845,25.833333333333336,28.583333333333332,15.916666666666664,49.75000000000001,10.000000000000002,11.000000000000004,37.99999999999999,48.000000000000014,100.0,12.976743004401214,100.0,100.0
448,4.556540036802292,5.0,22.4375,10.933197461123846,770.9452859999146,2746,4.0,4,100.0,100,0,0.20126345996673928,20.0,21.0,26.0,69.0,10.0,11.0,37.5,46.5,100.0,100.0,100.0,9.84271000197623
449,8.056032572820373,20.0,23.375,9.959283119806786,2251.1462194997875,2750,4.0,4,92.85714285714286,100.0,1,0.20011935043023507,13.5,18.1875,25.124999999999996,65.99999999999999,15.25,33.625,20.687499999999996,26.25,34.7423829993204,100.0,12.591825005074497,55.268971999612404
450,1.70012046580415,10.0,18.640625,7.167840188235236,1925.4839821251153,2752,4.0,4,100.0,100,0,0.1989220502167186,26.05263157894737,59.473684210526315,1.0000000000000002,1.0000000000000002,11.105263157894733,29.631578947368414,12.947368421052632,18.36842105263158,10.694399999920279,100.0,100.0,56.97214449974126
451,10.360168431875515,15.0,12.776315789473685,9.309719255763968,615.581142316315,2755,4.0,4,100.0,100,0,0.19773191336745558,11.0,11.0,6.8235294117647065,7.470588235294118,10.411764705882353,13.235294117647062,13.294117647058822,23.47058823529412,100.0,70.07407166723472,25.717799995618407,40.40107133720691
452,18.749373904266537,30.0,10.382352941176471,2.4769219836966343,651.3441302351353,2761,4.0,4,93.75,100.0,1,0.1965488970245337,11.666666666666666,12.11111111111111,17.388888888888886,28.777777777777775,8.11111111111111,10.055555555555557,2.9444444444444446,5.444444444444444,106.26478750054957,28.385574497951893,40.9356433354939,13.462750997859985
453,14.828872603794633,30.0,10.027777777777779,6.466314599311279,2761.0805318892944,2767,4.0,4,94.11764705882352,100.0,1,0.1953729585864568,23.526315789473692,32.05263157894736,25.473684210526322,46.526315789473685,1.0000000000000002,1.0000000000000002,11.947368421052634,20.68421052631579,43.59774066736767,37.39035766460196,100.0,69.47881816207276
454,-2.288996681399685,5.0,15.486842105263163,10.229025400367615,2495.5114201580536,2768,4.0,4,100.0,100,0,0.19420405570661028,11.000000000000002,11.000000000000002,19.63157894736842,24.89473684210526,1.0000000000000002,1.0000000000000002,12.736842105263154,17.315789473684212,100.0,11.444607996963896,100.0,100.0
455,15.057215242716573,15.0,11.092105263157896,6.879672000693074,402.4447104736617,2771,4.0,4,100.0,100,0,0.19379659405182395,11.0,11.0,8.333333333333332,14.333333333333334,1.0,1.0,26.0,51.66666666666666,100.0,43.16801933649307,100.0,47.95433066707725
456,-0.35944740451907453,15.0,11.583333333333334,9.36427508092695,5887.657037666941,2774,4.0,4,100.0,100,0,0.19263712245181042,25.0,57.99999999999999,20.947368421052637,33.52631578947368,1.0000000000000002,1.0000000000000002,30.210526315789465,66.4736842105263,57.34311999549391,42.35143066810755,100.0,70.16546199981046
457,9.243252191184673,10.0,19.289473684210524,11.334791844042732,642.8666529475441,2776,4.0,4,100.0,100,0,0.19240606190811116,25.0,57.99999999999999,34.0,62.0,1.0,1.0,34.99999999999999,79.0,100.0,17.42089599792962,100.0,100.0
458,5.7219832339802394,10.0,23.75,14.200606918332479,2283.143545668281,2778,4.0,4,100.0,100,0,0.1914845878900757,19.999999999999996,41.21428571428572,34.428571428571445,65.14285714285715,3.785714285714286,9.214285714285715,15.499999999999996,40.571428571428555,100.0,100.0,9.819991999393096,100.0
459,3.2828341077684877,10.0,18.42857142857143,11.953371971090746,1922.455400144307,2780,4.0,4,100.0,100,0,0.19033894886280017,12.578947368421053,13.052631578947372,20.473684210526315,41.0,25.999999999999996,68.99999999999999,4.157894736842105,9.947368421052632,54.7350924978673,10.17118500021752,100.0,100.0
460,13.418443019506425,20.0,15.802631578947372,9.5921998325742,563.6136351049093,2784,4.0,4,100.0,100,0,0.18920016411447885,25.33333333333333,34.22222222222222,2.111111111111111,2.444444444444445,13.111111111111107,39.888888888888886,1.5000000000000002,1.5555555555555556,17.93816449935548,34.66905025234155,100.0,79.47137499941164
461,13.17513053266517,20.0,10.513888888888888,10.539368494294472,1092.9359076108085,2788,4.0,4,100.0,100,0,0.18806819263643537,28.333333333333332,62.66666666666667,4.055555555555556,6.5555555555555545,1.0000000000000002,1.0000000000000002,2.444444444444445,5.5,35.13437350047752,55.55138149866252,100.0,13.410419749561697
462,-6.000000000000001,0.0,8.958333333333336,11.488217359985859,1000.3743522777061,2788,4.0,4,100.0,100,0,0.18694299366534556,26.599999999999994,43.20000000000001,12.000000000000005,21.0,1.0,1.0,1.0,1.0
463,-2.3928941916244324,5.0,10.149999999999997,10.579155748795511,179.51143873360706,2789,4.0,4,100.0,100,0,0.18615936231930838,18.69230769230769,21.0,9.307692307692308,15.615384615384615,0.9999999999999999,0.9999999999999999,0.9999999999999999,0.9999999999999999,100.0,268.86584799649427,100.0,100.0
464,15.84900331975373,20.0,7.500000000000001,7.498756165925029,555.0985119995088,2793,4.0,4,100.0,100,0,0.1850455837478019,12.555555555555554,16.22222222222222,20.666666666666668,41.22222222222222,1.6111111111111114,2.111111111111111,7.666666666666668,9.666666666666668,56.87526749970857,11.89394199900562,77.9748915003438,34.844149000855396
465,14.860717919009362,20.0,10.625000000000002,7.449935966037464,794.9710055557565,2797,4.0,4,100.0,100,0,0.18393846883634923,25.0,57.99999999999999,26.999999999999996,50.555555555555564,2.111111111111111,2.444444444444445,17.11111111111111,38.333333333333336,100.0,55.375134001951665,9.167758995317854,32.74585550061602
466,-7.200000000000002,0.0,17.805555555555557,10.285982787024832,1076.8060935552057,2797,4.0,4,100.0,100,0,0.1828379777167339,18.0,34.5,12.333333333333336,15.88888888888889,1.0000000000000002,1.0000000000000002,15.0,48.00000000000001
467,-7.600000000000002,0.0,11.583333333333332,7.192749606823298,460.08230000006733,2797,4.0,4,100.0,100,0,0.18174407075926816,11.000000000000002,11.000000000000002,4.315789473684211,4.684210526315789,1.0000000000000002,1.0000000000000002,6.894736842105263,20.78947368421052
468,11.80796415507637,15.0,5.802631578947367,4.716706201021887,204.85038421152,2800,4.0,4,100.0,100,0,0.18109087058548376,11.0,11.0,1.0,1.0,8.5,10.875000000000002,11.0,14.000000000000002,100.0,100.0,40.358552001513694,207.6743110010284
469,9.755783859579005,15.0,7.875,4.923946985944282,1379.063420626153,2803,4.0,4,100.0,100,0,0.180007416448981,21.0,24.000000000000004,1.0000000000000002,1.0000000000000002,23.31578947368421,32.21052631578948,19.421052631578945,25.789473684210535,14.248240004235413,100.0,71.80550666671479,40.2220773374817
470,2.2022671329730588,5.0,16.18421052631579,9.13434854647361,661.4226011588471,2804,4.0,4,100.0,100,0,0.17946812264675277,18.77777777777778,21.111111111111114,2.0,2.111111111111111,30.888888888888893,46.55555555555555,14.333333333333334,18.666666666666668,100.0,21.237277003820054,100.0,100.0
471,-2.216358047596142,5.0,16.5,10.65183426842456,1775.4501788885036,2805,4.0,4,100.0,100,0,0.1783943772987772,11.000000000000002,11.000000000000002,1.5000000000000002,1.5555555555555556,12.611111111111109,23.0,1.5555555555555556,1.7222222222222225,100.0,100.0,16.012405998480972,100.0
472,-4.837260770033084,10.0,6.666666666666667,5.41226399215288,960.251866056448,2807,4.0,4,94.11764705882352,100.0,1,0.17732705609485178,21.263157894736842,37.8421052631579,4.684210526315789,13.368421052631579,12.999999999999998,34.99999999999999,1.0000000000000002,1.0000000000000002,9.296140000515152,61.11836700147251,100.0,100.0
473,6.6332429183716,20.0,9.98684210526316,8.36413967372285,399.6843455258242,2811,4.0,4,93.33333333333333,100.0,1,0.1762661205997677,21.058823529411764,31.11764705882353,28.29411764705882,68.23529411764706,6.294117647058823,14.176470588235293,1.0,1.0,34.18181425367948,23.86882350037922,81.84586425086309,100.0
474,12.786340177471779,20.0,14.161764705882351,11.501383303167156,1704.9745458815082,2815,4.0,4,100.0,100,0,0.17521153260827113,22.578947368421055,26.21052631578948,24.21052631578947,42.421052631578945,6.052631578947368,15.31578947368421,1.7368421052631577,3.4736842105263155,18.63710100587923,100.0,34.95107474955148,77.76668250080547
475,9.826908650281517,10.0,13.644736842105265,10.400054734543557,1044.1435991585756,2817,4.0,4,100.0,100,0,0.17489638829055237,21.0,24.0,1.0,1.0,13.0,35.0,9.0,16.0,100.0,100.0,100.0,10.141094000573503
476,0.24062575301314126,5.0,10.999999999999998,8.185068601439985,1799.7496095013048,2818,4.0,4,100.0,100,0,0.17411100516744465,11.714285714285717,11.92857142857143,0.9999999999999999,0.9999999999999999,12.999999999999995,35.0,23.0,48.000000000000014,29.607658994791564,100.0,100.0,100.0
477,5.387923629112692,5.0,12.178571428571432,7.869932429977274,344.54504057118487,2819,4.0,4,100,100,0,0.17390216596238398,21.0,24.0,10.0,11.0,13.0,35.0,23.0,48.0,100.0,8.93252400419442,100.0,100.0
478,12.16001052439124,20.0,16.75,5.4025456962435765,2886.2980819976656,2823,4.0,4,100.0,100,0,0.17286172134775724,31.3157894736842,59.36842105263158,2.736842105263158,5.105263157894737,1.6315789473684215,2.7894736842105265,15.31578947368421,36.89473684210526,11.675162000756245,78.13226475009287,100.0,38.03060849750182
479,3.6351457212718725,10.0,12.75,12.992867918493697,1616.0005803670317,2825,4.0,4,100.0,100,0,0.17182750164119942,24.333333333333336,52.49999999999999,13.0,34.99999999999999,2.555555555555556,6.222222222222222,23.444444444444443,56.666666666666664,100.0,100.0,14.479850004136097,55.509570000867825
480,-2.2799131436826294,20.0,15.833333333333332,9.533799400807677,1293.5158679441276,2829,4.0,4,86.66666666666667,100.0,2,0.17079946959951672,23.823529411764703,52.17647058823529,4.88235294117647,13.294117647058822,1.0,1.0,26.176470588235297,63.6470588235294,33.20859750092495,78.13422675026231,100.0,17.084027000237256
481,-1.8367411925306114,5.0,13.970588235294118,11.93224398056525,1153.9996153519228,2830,4.0,4,100.0,100,0,0.16977758820233882,26.294117647058822,60.47058823529411,15.0,48.0,1.0,1.0,14.64705882352941,32.76470588235294,9.41588899877388,100.0,100.0,100.0
482,-4.792894191624433,5.0,14.23529411764706,9.993637134551719,415.01380094054826,2831,4.0,4,100.0,100,0,0.16876182065078546,20.57894736842105,43.1578947368421,9.842105263157894,30.684210526315788,3.3684210526315788,3.6315789473684212,1.0000000000000002,1.0000000000000002,100.0,100.0,235.19914399366826,100.0
483,-1.7718605760695394,5.0,8.697368421052634,8.430365266562488,345.97776863053076,2832,4.0,4,100.0,100,0,0.16775213036614184,11.000000000000002,11.000000000000002,1.0000000000000002,1.0000000000000002,10.000000000000002,11.000000000000002,4.315789473684211,4.6842105263157885,100.0,100.0,100.0,13.690654006495606
484,-1.2875263143316962,5.0,6.578947368421054,4.504832161368358,199.34763036833732,2833,4.0,4,100.0,100,0,0.1667484809885408,11.000000000000002,11.000000000000002,1.0000000000000002,1.0000000000000002,4.0,4.333333333333334,11.11111111111111,12.555555555555554,100.0,100.0,100.0,13.788688003842253
485,10.348642844090461,10.0,6.777777777777779,4.87992222467584,282.1624117221088,2835,4.0,4,100.0,100,0,0.16649850829567558,11.0,11.0,1.0,1.0,1.0,1.0,21.666666666666668,46.33333333333333,100.0,100.0,100.0,10.897093001403846
486,-1.5716828471338937,5.0,8.666666666666668,8.825014972599659,2144.537924332932,2836,4.0,4,100.0,100,0,0.1655023592520973,11.000000000000002,11.000000000000002,1.0000000000000002,1.0000000000000002,8.0,24.5,15.0,48.00000000000001,100.0,100.0,15.15797999309143,100.0
487,3.079545923149514,5.0,8.75,5.943587787049388,206.50286127581947,2837,4.0,4,100.0,100,0,0.16505603873457017,12.428571428571429,12.85714285714286,1.0,1.0,15.0,48.0,15.0,48.0,13.588377994892653,100.0,100.0,100.0
488,2.558425526585446,10.0,10.857142857142858,5.95500552216119,466.6987447136697,2839,4.0,4,100.0,100,0,0.16406851988647167,22.47368421052631,29.05263157894737,1.0000000000000002,1.0000000000000002,15.0,48.00000000000001,12.421052631578949,31.89473684210527,12.992003998078872,100.0,100.0,55.69882499985397
489,3.7373382968186326,5.0,12.723684210526317,7.956948945346765,695.5066124221622,2840,4.0,4,100.0,100,0,0.16367516864343573,21.000000000000004,24.0,2.8000000000000003,3.0,3.8000000000000007,10.4,10.0,11.000000000000002,100.0,13.188065997383092,100.0,100.0
490,9.579650032963645,10.0,9.400000000000002,7.819524578422368,2048.464463399432,2842,4.0,4,100.0,100,0,0.1633317599807266,21.000000000000004,24.0,10.0,11.000000000000002,9.4,15.6,10.0,11.000000000000002,100.0,100.0,10.456082000018796,100.0
491,4.3187543103960815,5.0,12.6,5.898517672210164,1188.8406269994448,2843,4.0,4,100.0,100,0,0.163037983222458,13.5,14.250000000000002,10.0,11.0,23.0,48.0,10.0,11.0,18.464049993781373,100.0,100.0,100.0
492,4.0763784547956785,5.0,14.125000000000002,5.6353807466993215,653.2170677510294,2844,4.0,4,100.0,100,0,0.16274473486591426,21.000000000000004,24.0,10.0,11.000000000000002,24.8,50.2,10.0,11.000000000000002,100.0,100.0,8.735347000765614,100.0
493,0.8432488806859516,15.0,16.45,6.657362024133298,571.0333430019091,2847,4.0,4,93.75,100.0,1,0.16177104438878284,32.22222222222222,52.0,23.000000000000004,59.0,32.00000000000001,59.0,3.0000000000000004,3.2222222222222223,40.49707666660348,9.861317004833836,100.0,100.0
494,-7.600000000000002,0.0,22.55555555555556,12.211346948318354,707.4515176104292,2847,4.0,4,100.0,100,0,0.16080317943433908,23.21052631578948,39.47368421052632,11.84210526315789,34.89473684210525,9.105263157894738,12.789473684210522,1.0000000000000002,1.0000000000000002
495,8.52935397809761,15.0,11.28947368421053,8.65707088338243,1205.6915172633078,2850,4.0,4,100.0,100,0,0.1598411051488842,11.0,11.0,1.0,1.0,8.058823529411764,13.588235294117649,15.0,48.0,100.0,100.0,39.90412499891439,72.92870699893683
496,10.61381106100599,15.0,8.764705882352942,5.7707734377014805,520.3481351769262,2853,4.0,4,100.0,100,0,0.15888478688724664,14.750000000000002,15.875,1.0,1.0,23.75,40.87499999999999,23.0,59.0,70.91530733402276,100.0,40.8951819971359,10.023910996096674
497,2.5907242956380356,5.0,15.625,9.549450081031758,599.7837018117025,2854,4.0,4,100.0,100,0,0.15845631238917207,21.0,24.0,2.375,3.4999999999999996,22.0,35.0,16.5,35.0,100.0,13.070330998743884,100.0,100.0
498,-1.5578567388488693,5.0,15.46875,8.455324343591169,1085.767228874829,2855,4.0,4,100.0,100,0,0.15750827924670624,17.666666666666664,19.666666666666664,12.000000000000002,21.0,13.222222222222218,20.611111111111107,7.833333333333331,13.83333333333333,100.0,100.0,100.0,11.74784600152634
499,9.318910238156828,15.0,12.680555555555555,5.73732989103986,958.0509566108553,2858,4.0,4,100.0,100,0,0.1565659181208718,14.500000000000002,14.888888888888888,3.4444444444444446,5.444444444444444,5.0,11.555555555555557,15.0,48.00000000000001,32.707398997445125,100.0,39.878737666974,100.0
500,-3.394673758792281,5.0,9.486111111111112,6.552128836083895,1009.2986838879167,2859,4.0,4,100.0,100,0,0.155629195076386,28.099999999999998,29.999999999999993,1.0000000000000002,1.0000000000000002,12.999999999999998,34.99999999999999,2.4,5.700000000000001,15.9074370021699,100.0,100.0,100.0
501,-6.400000000000001,0.0,11.125,11.037977050616094,250.88732919975882,2859,4.0,4,100.0,100,0,0.1546980763809987,20.0,21.0,1.0,1.0,4.75,11.625,1.0,1.0
502,8.114142039356693,15.0,6.6875,8.028731848481517,1026.2518290633125,2862,4.0,4,100.0,100,0,0.15377252850427733,11.000000000000002,11.000000000000002,10.473684210526315,27.84210526315789,3.3684210526315788,3.6315789473684212,12.000000000000002,21.0,100.0,41.25426533379747,70.47195233317325,83.68159199744696
503,20.624281975044415,25.0,9.210526315789473,3.9363755702233805,471.50291657951465,2867,4.0,4,100.0,100,0,0.15285251811639977,12.421052631578947,12.578947368421051,18.68421052631579,41.31578947368421,21.947368421052634,44.26315789473684,12.21052631578947,22.47368421052631,46.19481639878359,28.490447996882722,9.440059402550105,64.24465519899968
504,-1.1089829383132295,5.0,16.315789473684212,4.878026939031247,937.9345633148516,2868,4.0,4,100.0,100,0,0.15193801208695362,11.0,11.0,14.500000000000002,23.75,32.50000000000001,64.375,1.0,1.0,100.0,12.87386599869933,100.0,100.0
505,13.914461998490198,20.0,14.750000000000002,11.693303550538854,963.8313538134753,2872,4.0,4,100.0,100,0,0.15102897748374366,15.421052631578949,18.368421052631582,19.000000000000004,40.57894736842106,6.2105263157894735,10.473684210526315,2.894736842105263,3.1052631578947367,54.67646600009175,13.749279001785908,32.0634895018884,77.97110899919062
506,10.399517177436877,15.0,10.881578947368423,7.713948015662507,1068.5874772630325,2875,4.0,4,100.0,100,0,0.1502605755232783,23.0,30.999999999999993,12.933333333333335,16.400000000000002,1.0,1.0,16.066666666666666,33.4,100.0,39.51448333391454,100.0,19.205340002372395
507,3.738457809309175,10.0,13.25,8.663939854711314,586.9280082673262,2877,4.0,4,100.0,100,0,0.14936157690685095,18.125000000000004,22.249999999999996,34.56249999999999,59.5,1.0,1.0,23.0,59.0,62.03652800177224,11.268468995695002,100.0,100.0
508,13.747720372786745,15.0,19.171875,12.344039676821385,738.5467522503859,2880,4.0,4,100.0,100,0,0.1488694223778573,20.0,21.0,30.624999999999996,54.37499999999999,3.875,8.125,11.5,18.5,100.0,100.0,44.198035335769724,8.914418998756446
509,-2.153726850969749,5.0,16.5,10.451070383964261,3782.0486337523107,2881,4.0,4,100.0,100,0,0.1479787469343488,21.58823529411765,22.764705882352942,1.0,1.0,10.0,11.0,12.0,21.0,34.53672199975699,100.0,100.0,100.0
510,4.456278847860919,10.0,11.147058823529411,7.35307211406737,224.78950641123126,2883,4.0,4,100.0,100,0,0.14709340034033133,13.0,13.222222222222221,4.0,4.333333333333333,7.000000000000001,7.666666666666666,10.444444444444446,13.222222222222221,100.0,60.974050499498844,100.0,15.564651002932806
511,1.9132576538582526,5.0,8.611111111111112,4.6614044723135155,1197.1934947768104,2884,4.0,4,100.0,100,0,0.14656473696075892,11.0,11.0,10.0,11.0,2.5,5.25,10.0,11.0,100.0,100.0,19.327812995470595,100.0
512,5.125125314072334,5.0,8.375000000000002,3.7073599109521815,479.19837100016593,2885,4.0,4,100.0,100,0,0.14643286826601598,11.0,11.0,10.0,11.0,6.5,11.0,10.0,11.0,100.0,100.0,11.59316399571253,100.0
513,3.0703801728121207,10.0,9.375000000000002,2.445587699953415,1602.3116484975617,2887,4.0,4,100.0,100,0,0.1455567705570048,11.000000000000002,11.000000000000002,9.526315789473685,10.473684210526317,13.052631578947372,22.47368421052631,5.421052631578947,15.842105263157894,100.0,100.0,11.24361899564974,55.12963749861228
514,5.6429766611711845,10.0,9.750000000000002,4.093579122016061,439.67449163219976,2889,4.0,4,100.0,100,0,0.14485966787277915,11.000000000000004,11.000000000000004,0.9999999999999999,0.9999999999999999,12.000000000000004,21.0,17.999999999999996,56.50000000000001,100.0,100.0,100.0,10.879355002543889
515,4.345943286259809,10.0,10.5,6.267349049675115,583.919996583063,2891,4.0,4,100.0,100,0,0.1439929825127621,11.76470588235294,13.0,2.2941176470588234,3.352941176470588,3.5882352941176467,5.705882352941177,22.058823529411764,65.41176470588235,12.558481997984927,64.42402600150672,100.0,100.0
516,-1.835,5.0,9.926470588235293,8.493754382694494,1214.7171858831664,2892,4.0,4,100.0,100,0,0.1431314824712281,18.22222222222222,29.888888888888893,12.000000000000002,21.0,1.0000000000000002,1.0000000000000002,5.000000000000001,12.333333333333332,11.450870995759033,100.0,100.0,100.0
517,-1.7833174015128614,5.0,9.055555555555555,7.467545723128441,381.8895277775785,2893,4.0,4,100.0,100,0,0.14227513672477576,24.000000000000004,44.99999999999999,5.315789473684211,7.210526315789474,1.0000000000000002,1.0000000000000002,1.0000000000000002,1.0000000000000002,100.0,15.058441000292078,100.0,100.0
518,2.051253140723346,5.0,7.828947368421053,9.748194414805461,264.62754889546073,2894,4.0,4,100.0,100,0,0.14172126136518393,16.2,24.6,12.0,15.400000000000002,0.9999999999999999,0.9999999999999999,0.9999999999999999,0.9999999999999999,100.0,11.041801997635048,100.0,100.0
519,2.9832266803165064,10.0,7.55,7.106721551093671,927.5687220993859,2896,4.0,4,100.0,100,0,0.14087335287393826,11.526315789473687,11.68421052631579,22.47368421052631,33.05263157894737,1.0000000000000002,1.0000000000000002,1.0000000000000002,1.0000000000000002,57.130681497073965,10.641159999067895,100.0,100.0
520,-6.400000000000001,0.0,9.000000000000002,8.971046294374506,356.5519835266107,2896,4.0,4,100.0,100,0,0.14003051736047026,21.0,24.0,9.125,11.6875,1.0,1.0,1.0,1.0
521,1.0512531407233459,5.0,8.03125,8.620332998263653,481.5207186884436,2897,4.0,4,100.0,100,0,0.13944353466240836,21.0,24.000000000000007,1.833333333333333,2.083333333333333,0.9999999999999999,0.9999999999999999,0.9999999999999999,0.9999999999999999,100.0,12.325837997195777,100.0,100.0
522,-0.5847915056670856,5.0,6.208333333333335,8.629529699348064,279.5543759996993,2898,4.0,4,100.0,100,0,0.1386092536522719,12.875,13.4375,11.0,14.000000000000002,1.0,1.0,7.187499999999999,12.25,100.0,100.0,100.0,9.418939996976405
523,3.6874705902704292,5.0,8.015624999999998,5.33200860173695,595.9257041886303,2899,4.0,4,100.0,100,0,0.1382769405293271,11.0,11.0,12.666666666666668,16.333333333333336,1.0,1.0,12.0,21.0,100.0,15.872602998570073,100.0,100.0
524,-2.0254516093062067,5.0,9.166666666666668,4.924927433694445,506.0485271690898,2900,4.0,4,100.0,100,0,0.13744963917109146,11.000000000000002,11.000000000000002,22.11111111111111,29.555555555555557,1.0000000000000002,1.0000000000000002,10.777777777777779,18.777777777777775,100.0,10.92118399537867,100.0,100.0
525,3.8638745531311733,10.0,11.222222222222221,7.6366827284809675,314.79123144446123,2902,4.0,4,100.0,100,0,0.13662728749958386,13.941176470588236,14.823529411764703,3.352941176470588,4.0588235294117645,1.0,1.0,10.705882352941176,18.64705882352941,84.10320950206369,100.0,100.0,11.815870995633304
526,3.0691569145834383,10.0,7.249999999999999,6.057071819870247,473.50084552924864,2904,4.0,4,100.0,100,0,0.13580985590117153,22.578947368421055,26.21052631578948,1.0000000000000002,1.0000000000000002,2.894736842105263,3.1052631578947367,12.000000000000002,21.0,13.652367997565307,100.0,56.382699499226874,100.0
527,-3.0175149697915034,5.0,9.61842105263158,8.722327380217287,371.3213224729866,2905,4.0,4,100.0,100,0,0.13499731493939784,32.368421052631575,68.3157894736842,1.0000000000000002,1.0000000000000002,10.000000000000002,11.000000000000002,1.0000000000000002,1.0000000000000002,14.077338004426565,100.0,100.0,100.0
528,1.8395828636497766,10.0,11.092105263157892,12.835680650045662,508.8365228944703,2907,4.0,4,100.0,100,0,0.13418963535392253,25.0,57.99999999999999,7.222222222222221,21.88888888888889,6.5555555555555545,10.666666666666666,1.0000000000000002,1.0000000000000002,100.0,187.32637900393456,55.948221500148065,100.0
529,-2.3794190401529582,5.0,9.944444444444445,9.841789053518536,426.22116516738765,2908,4.0,4,100.0,100,0,0.13338678805946785,16.89473684210526,30.789473684210527,17.52631578947368,55.1578947368421,15.0,48.00000000000001,1.0000000000000002,1.0000000000000002,100.0,10.36393600224983,100.0,100.0
530,1.3808737089377638,15.0,12.605263157894733,7.666696472675956,247.57213231542232,2911,4.0,4,93.33333333333333,100.0,1,0.1325887441447712,11.0,11.0,25.35294117647059,76.47058823529412,18.88235294117647,55.11764705882353,2.6470588235294117,6.529411764705884,100.0,40.22242333351945,8.915538994187955,69.46409866553343
531,-3.33116514385054,25.0,14.470588235294118,9.448396092820559,690.4990109991666,2916,4.0,4,80.0,100.0,3,0.1317954748715444,17.588235294117645,33.11764705882353,25.588235294117645,77.99999999999999,18.88235294117647,42.64705882352941,6.058823529411765,14.176470588235295,30.169749602209777,45.287040398980025,11.07648499601055,64.7938935997081
532,-7.600000000000002,0.0,17.02941176470588,7.894762574716737,1003.9727589999743,2916,4.0,4,100.0,100,0,0.13100695167343804,25.0,57.99999999999999,21.842105263157897,64.68421052631578,13.526315789473683,21.15789473684211,25.999999999999996,68.99999999999999
533,-2.136656503687164,5.0,21.592105263157897,5.566188812175064,138.07470842163494,2917,4.0,4,100.0,100,0,0.13022314615501346,11.0,11.0,5.9411764705882355,15.0,14.058823529411763,29.882352941176464,16.294117647058822,50.47058823529412,100.0,100.0,74.15955100441352,100.0
534,-7.200000000000002,0.0,11.823529411764705,4.860749904156632,723.1950884122532,2917,4.0,4,100.0,100,0,0.12944403009071986,11.000000000000002,11.000000000000002,1.0000000000000002,1.0000000000000002,9.000000000000002,23.666666666666668,1.0000000000000002,1.0000000000000002
535,12.048122692499033,20.0,5.500000000000001,5.140221175110536,372.29732972264173,2921,4.0,4,100.0,100,0,0.12866957542387802,15.21052631578947,16.473684210526322,8.31578947368421,10.473684210526317,1.0000000000000002,1.0000000000000002,4.7894736842105265,11.736842105263161,99.5574482534721,109.9745694991725,100.0,57.888520500273444
536,-7.200281118287515,15.0,7.328947368421053,5.850728844052835,1011.9548557367556,2924,4.0,4,87.5,100.0,2,0.12789975426566982,24.72222222222222,33.611111111111114,11.11111111111111,12.555555555555554,1.0000000000000002,1.0000000000000002,21.555555555555557,63.722222222222214,42.496362999857716,100.0,100.0,19.944726998801343
537,-2.868738635424338,5.0,14.59722222222222,9.916872931101507,935.5112668886754,2925,4.0,4,100.0,100,0,0.12713453889413395,16.799999999999997,27.999999999999996,2.466666666666667,3.1333333333333337,10.400000000000004,18.666666666666664,6.533333333333332,18.666666666666654,100.0,100.0,287.2940640008892,100.0
538,-1.4117691453623975,5.0,9.049999999999999,7.010081783139864,2613.189057133665,2926,4.0,4,100.0,100,0,0.1268297361876707,13.333333333333334,18.833333333333332,1.0,1.0,1.0,1.0,1.0,1.0,389.1628739947919,100.0,100.0,100.0
539,3.1759042481015465,10.0,4.083333333333334,5.340489990004039,859.0369481680682,2928,4.0,4,100.0,100,0,0.12614659926655292,25.0,57.99999999999999,1.0,1.0,1.0,1.0,9.588235294117647,25.76470588235294,100.0,100.0,100.0,19.161561500368407
540,-1.5716828471338933,5.0,9.147058823529411,10.257209224040619,522.0146147647242,2929,4.0,4,100.0,100,0,0.12539187289995463,14.888888888888888,24.055555555555554,6.444444444444445,19.27777777777778,1.0000000000000002,1.0000000000000002,20.777777777777775,63.55555555555554,100.0,17.62935000442667,100.0,100.0
541,-2.7628212320190286,5.0,10.77777777777778,9.295746159207743,1200.5870202232877,2930,4.0,4,100.0,100,0,0.12482879288605007,11.714285714285717,11.92857142857143,14.999999999999996,48.000000000000014,0.9999999999999999,0.9999999999999999,0.9999999999999999,0.9999999999999999,265.6068759970367,100.0,100.0,100.0
542,3.035529730558151,10.0,7.1785714285714315,6.349863555183164,305.9129532157385,2932,4.0,4,100.0,100,0,0.1240819508637561,22.578947368421055,26.21052631578948,1.0000000000000002,1.0000000000000002,6.684210526315791,7.315789473684213,1.0000000000000002,1.0000000000000002,55.872267502127215,100.0,24.682060000486672,100.0
543,3.157065483328873,10.0,7.815789473684212,9.02275016972677,351.3091076303298,2934,4.0,4,100.0,100,0,0.12333957714555584,16.88888888888889,19.38888888888889,1.0000000000000002,1.0000000000000002,10.000000000000002,11.000000000000002,2.555555555555556,6.222222222222222,57.78084800185752,100.0,100.0,33.09908400115091
544,5.116980566038302,5.0,7.61111111111111,6.7806281061487255,705.2792369435742,2935,4.0,4,100,100,0,0.1232286048244805,23.0,31.0,1.0,1.0,15.0,48.0,1.0,1.0,100.0,100.0,16.85132699640235,100.0
545,-2.5678516483155236,5.0,10.0,9.433981132056605,3309.859119995963,2936,4.0,4,100.0,100,0,0.12249133661653118,25.823529411764707,39.00000000000001,1.0,1.0,15.0,48.0,1.0,1.0,55.256614003155846,100.0,100.0,100.0
546,-7.600000000000002,0.0,10.705882352941178,10.491488695616018,202.46501799941623,2936,4.0,4,100.0,100,0,0.12175847943320742,30.368421052631582,56.57894736842104,1.0000000000000002,1.0000000000000002,6.157894736842106,18.31578947368421,1.0000000000000002,1.0000000000000002
547,0.8627392299669165,5.0,9.63157894736842,12.424356976094678,481.2303080513007,2937,4.0,4,100.0,100,0,0.12150301663489659,24.0,45.0,3.4000000000000004,7.799999999999999,1.0,1.0,1.0,1.0,100.0,185.79194199992344,100.0,100.0
548,-1.9615549442140336,5.0,7.350000000000001,9.88250551503739,830.1763408002444,2938,4.0,4,100.0,100,0,0.12077607250157263,11.68421052631579,12.789473684210526,12.999999999999998,34.99999999999999,2.473684210526316,5.947368421052633,1.0000000000000002,1.0000000000000002,100.0,100.0,23.525577002146747,100.0
549,8.25035541098955,10.0,7.039473684210526,5.740525298244585,638.332689315001,2940,4.0,4,100.0,100,0,0.12034199533351182,11.0,11.0,13.0,35.0,3.875,8.125,1.0,1.0,100.0,100.0,13.29600950339227,100.0
550,3.9164589803375027,5.0,7.21875,5.407470310780406,862.3699746240163,2941,4.0,4,100.0,100,0,0.12005347762465078,11.000000000000002,11.000000000000002,13.0,35.0,10.0,11.000000000000002,3.2,5.0,100.0,100.0,100.0,12.632557001779787
551,-2.4,0.0,9.3,3.905997325654373,731.5510327985976,2941,4.0,4,100.0,100,0,0.11933520598283125,11.0,11.0,7.000000000000001,17.999999999999996,10.0,11.0,1.0,1.0
552,0.8183755341891183,5.0,7.249999999999999,4.683063940347453,390.92286233305157,2942,4.0,4,100.0,100,0,0.11887063549182855,11.000000000000002,11.000000000000002,2.0999999999999996,3.0,10.0,11.000000000000002,0.9999999999999999,0.9999999999999999,100.0,98.35996300535044,100.0,100.0
553,-7.200000000000002,0.0,6.025,4.7255739681025775,561.2615533013013,2942,4.0,4,100.0,100,0,0.11815944071256694,11.000000000000002,11.000000000000002,12.000000000000002,21.0,5.5,6.000000000000001,1.0000000000000002,1.0000000000000002
554,7.74498030094861,15.0,7.375000000000001,4.824686744329179,433.1007697215278,2945,4.0,4,100.0,100,0,0.11745250096241289,11.000000000000002,11.000000000000002,8.7,14.999999999999996,12.899999999999997,40.95000000000001,14.2,36.99999999999999,100.0,100.0,41.157268000339776,52.39266433394126
555,-7.2078567388488715,5.0,11.700000000000003,3.5573724235527493,671.3893497500976,2946,4.0,4,100.0,100,0,0.11674979078382192,11.000000000000002,11.000000000000002,1.0000000000000002,1.0000000000000002,5.900000000000001,17.449999999999996,6.900000000000002,16.599999999999998,100.0,100.0,100.0,316.7165799968643
556,-1.2569507289452175,5.0,6.199999999999998,4.853323734114638,619.801320100305,2947,4.0,4,100.0,100,0,0.11605128487156029,11.0,11.0,1.0,1.0,1.0,1.0,26.0,69.0,100.0,100.0,100.0,12.640189001103863
557,-7.200000000000002,0.0,9.75,10.231690964840563,189.33673011762198,2947,4.0,4,100.0,100,0,0.11535695807179375,11.000000000000002,11.000000000000002,1.0000000000000002,1.0000000000000002,1.0000000000000002,1.0000000000000002,25.222222222222225,66.33333333333333
558,1.9976830590191947,10.0,9.555555555555555,9.95559098318066,106.31462389008246,2949,4.0,4,100.0,100,0,0.11466678538118169,11.0,11.0,1.0,1.0,3.1176470588235294,6.999999999999999,10.705882352941176,18.64705882352941,100.0,100.0,68.63937999951304,101.27908900176408
559,1.9164589803375032,5.0,6.4558823529411775,5.073468811210918,461.1053018246928,2950,4.0,4,100.0,100,0,0.11418612287753704,11.000000000000002,11.000000000000002,1.9,2.0,12.999999999999998,35.0,12.000000000000002,21.000000000000004,100.0,28.607764004846103,100.0,100.0
560,-1.5573213272255222,5.0,9.475,4.44560946283309,361.8922167006531,2951,4.0,4,100.0,100,0,0.11350295521280115,11.000000000000002,11.000000000000002,10.000000000000002,11.000000000000002,18.0,41.5,8.333333333333332,14.333333333333332,100.0,100.0,14.640609995694831,100.0
561,15.717526042481978,20.0,11.833333333333334,4.040439009043743,313.17319733352633,2955,4.0,4,100.0,100,0,0.11282387489288773,18.941176470588236,19.823529411764707,12.058823529411766,14.352941176470587,29.117647058823533,63.99999999999999,1.5882352941176472,1.7647058823529416,32.70720599539345,55.9897444989474,35.36156350164674,78.94679850069224
562,-7.600000000000002,0.0,15.426470588235297,10.322366823980161,1541.5236346469849,2955,4.0,4,100.0,100,0,0.11214885746349576,16.684210526315788,17.31578947368421,7.842105263157895,9.894736842105264,11.736842105263156,26.578947368421048,11.000000000000002,14.000000000000004
563,-7.600000000000002,0.0,11.815789473684212,4.666554096199377,1092.3180343678196,2955,4.0,4,100.0,100,0,0.11147787861663266,11.000000000000002,11.000000000000002,1.0000000000000002,1.0000000000000002,1.0000000000000002,1.0000000000000002,6.789473684210527,8.526315789473687
564,-4.807856738848869,5.0,4.947368421052632,4.717948218493555,69.95755978852303,2956,4.0,4,100.0,100,0,0.11081091418973886,11.000000000000002,11.000000000000002,1.0000000000000002,1.0000000000000002,7.368421052631581,12.578947368421053,1.0000000000000002,1.0000000000000002,100.0,100.0,238.02122800407233,100.0
565,3.44866605879826,5.0,5.092105263157895,4.869569494524359,179.78786273689414,2957,4.0,4,100.0,100,0,0.11051208349758249,12.666666666666668,13.166666666666668,1.0,1.0,12.0,21.0,1.0,1.0,12.30068600125378,100.0,100.0,100.0
566,-7.600000000000002,0.0,6.666666666666667,5.781209085811584,588.6852656658448,2957,4.0,4,100.0,100,0,0.10985089735599576,21.0,24.000000000000004,1.0000000000000002,1.0000000000000002,8.526315789473683,14.684210526315786,1.0000000000000002,1.0000000000000002
567,-0.058031003526204716,10.0,7.881578947368421,8.466994670937925,67.61194542195881,2959,4.0,4,100.0,100,0,0.10919366704530094,14.57894736842105,18.789473684210524,1.0000000000000002,1.0000000000000002,1.0000000000000002,1.0000000000000002,7.947368421052631,20.68421052631579,158.0135859985603,100.0,100.0,56.01382699824171
568,13.14064463201958,15.0,6.131578947368421,6.583359508700015,663.59345205312,2962,4.0,4,100.0,100,0,0.10896456661737948,19.400000000000002,23.0,1.0,1.0,1.0,1.0,27.0,82.0,40.742474664390706,100.0,100.0,55.77326400089078
569,-0.626721050646232,10.0,12.1,11.860534728455029,4277.423799598182,2964,4.0,4,85.71428571428571,100.0,1,0.10857294078026986,33.0,44.99999999999999,5.333333333333333,13.666666666666666,1.0,1.0,27.0,82.0,100.0,12.977272497664671,100.0,100.0
570,9.09878120332881,15.0,16.583333333333336,13.886485680135912,847.010319222237,2967,4.0,4,100.0,100,0,0.10792335639525734,33.352941176470594,43.64705882352941,1.7058823529411766,3.0,5.235294117647059,5.705882352941177,17.11764705882353,51.411764705882355,13.293883996084332,69.75995800021337,39.73719333395517,100.0
571,2.956743788223417,10.0,14.35294117647059,13.711269312461654,1696.0872227641898,2969,4.0,4,100.0,100,0,0.10727765842863064,25.473684210526315,35.31578947368421,2.2631578947368425,4.578947368421052,10.000000000000002,11.000000000000002,1.0000000000000002,1.0000000000000002,12.85642699804157,55.32480750189279,100.0,100.0
572,-6.800000000000002,0.0,9.684210526315793,9.902631569917194,383.3388609476204,2969,4.0,4,100.0,100,0,0.10663582362821776,26.117647058823536,47.35294117647058,13.0,35.0,3.1176470588235294,3.352941176470588,1.0,1.0
573,-6.800000000000002,0.0,10.808823529411764,10.073237577570342,512.744421236087,2969,4.0,4,100.0,100,0,0.10599782888096278,21.705882352941174,39.0,13.0,35.0,1.0,1.0,1.0,1.0
574,1.9948387935081722,10.0,9.176470588235293,8.86416651617959,392.4943036472541,2971,4.0,4,100.0,100,0,0.10536365121209355,11.000000000000002,11.000000000000002,10.684210526315791,15.526315789473689,1.0000000000000002,1.0000000000000002,3.9473684210526314,10.894736842105262,100.0,181.2844980013324,100.0,56.38260499908938
575,-7.200000000000002,0.0,6.657894736842104,5.058359178468885,499.34371431568013,2971,4.0,4,100.0,100,0,0.10473326778429458,11.000000000000002,11.000000000000002,4.888888888888889,6.055555555555557,1.0000000000000002,1.0000000000000002,15.0,48.00000000000001
576,-2.855161206491829,5.0,7.972222222222222,5.778490863745491,109.93508094462514,2972,4.0,4,100.0,100,0,0.10410665589688427,11.0,11.0,1.0,1.0,8.647058823529411,10.941176470588237,9.23529411764706,28.64705882352941,100.0,100.0,177.52491600549547,100.0
577,-6.800000000000002,0.0,7.470588235294118,5.334699841778924,359.0408659412574,2972,4.0,4,100.0,100,0,0.10348379298499767,11.0,11.0,1.0,1.0,8.647058823529411,10.941176470588236,1.0,1.0
578,-0.8117691453623972,5.0,5.411764705882353,4.842382827981693,68.47003576395389,2973,4.0,4,100.0,100,0,0.10295729038443134,12.166666666666668,14.916666666666668,0.9999999999999999,0.9999999999999999,0.9999999999999999,0.9999999999999999,0.9999999999999999,0.9999999999999999,150.43293200142216,100.0,100.0,100.0
579,-2.0286825748732977,5.0,3.7916666666666674,4.835308504463116,366.3109614177908,2974,4.0,4,100.0,100,0,0.10234130404680161,25.5625,58.62499999999999,1.0,1.0,1.0,1.0,1.0,1.0,68.1493660013075,100.0,100.0,100.0
580,7.316038154934272,15.0,7.140625,10.635874490227637,218.17277024956638,2977,4.0,4,100.0,100,0,0.10172900311276721,31.200000000000006,58.600000000000016,1.0000000000000002,1.0000000000000002,10.599999999999998,28.199999999999992,14.2,36.99999999999999,100.0,100.0,40.65225933348605,11.249548001311874
581,1.4071058083755674,5.0,14.250000000000004,11.247246765754706,677.3982963004528,2978,4.0,4,100.0,100,0,0.10136338236797718,14.272727272727275,14.636363636363638,1.8181818181818183,1.909090909090909,6.454545454545456,16.454545454545453,5.363636363636364,13.363636363636363,100.0,12.872856001195032,100.0,100.0
582,5.42813942393046,5.0,6.9772727272727275,5.390031255096636,1837.3522489994436,2979,4.0,4,100,100,0,0.1013025734612608,11.0,11.0,10.0,11.0,10.0,11.0,1.0,1.0,100.0,100.0,22.453630997915752,100.0
583,2.4922456610108545,10.0,8.000000000000002,4.06201920231798,3971.141293004621,2981,4.0,4,100.0,100,0,0.10069648718037805,19.842105263157894,25.736842105263154,13.78947368421053,21.73684210526316,10.000000000000002,11.000000000000002,1.0000000000000002,1.0000000000000002,8.898742999008391,56.42257100116694,100.0,100.0
584,-1.254979837398288,5.0,11.157894736842108,7.239228997409327,336.9918399483523,2982,4.0,4,100.0,100,0,0.10009402707173676,21.666666666666668,28.77777777777778,15.0,37.222222222222214,7.000000000000001,7.666666666666666,7.1111111111111125,8.944444444444446,100.0,100.0,100.0,12.696863996097818
585,4.2873407180781395,10.0,12.694444444444441,7.019223582264761,635.2023315003963,2984,4.0,4,100.0,100,0,0.09949517144019954,11.000000000000002,11.000000000000002,18.777777777777775,50.11111111111111,7.666666666666668,9.666666666666668,11.000000000000002,14.000000000000002,100.0,36.23781700298423,60.26660299976356,100.0
586,3.6862828972683754,5.0,12.11111111111111,4.4105407974951945,691.4767474987052,2985,4.0,4,100,100,0,0.09943548329190086,11.0,11.0,13.0,35.0,21.0,28.000000000000004,1.0,1.0,100.0,100.0,150.46426699700532,100.0
587,-3.1761695288094574,5.0,11.5,7.123903424387504,4794.861110996862,2986,4.0,4,100.0,100,0,0.09884056768218819,11.000000000000002,11.000000000000002,4.0,9.5,15.999999999999998,21.000000000000004,2.35,2.5,100.0,100.0,100.0,67.48963900463423
588,3.128786796564403,5.0,8.3375,6.2347139941162775,447.00161239961744,2987,4.0,4,100.0,100,0,0.09854444596336538,11.0,11.0,2.571428571428571,3.8571428571428577,11.0,14.000000000000002,10.0,11.0,100.0,17.574370998772793,100.0,100.0
589,-2.0847871376374787,5.0,8.642857142857142,3.7058589347253763,509.5152284286866,2988,4.0,4,100.0,100,0,0.09795486136827679,13.117647058823529,14.529411764705882,12.0,21.0,2.764705882352941,3.294117647058824,10.0,11.0,14.85990900255274,100.0,100.0,100.0
590,-3.0830194339616983,5.0,9.470588235294116,4.344843425762596,578.5702022951548,2989,4.0,4,100.0,100,0,0.09736880421698646,23.000000000000007,30.999999999999993,7.421052631578946,17.210526315789473,1.0000000000000002,1.0000000000000002,2.4210526315789473,2.578947368421053,100.0,97.20858000218868,100.0,100.0
591,3.0855095074538785,10.0,8.460526315789476,9.174384620371878,901.7962004727451,2991,4.0,4,100.0,100,0,0.09678625340504243,17.15789473684211,19.947368421052634,15.0,48.00000000000001,1.0000000000000002,1.0000000000000002,4.157894736842105,5.105263157894737,54.76957150021917,100.0,100.0,61.34501400083536
592,-1.1926922445163182,5.0,9.328947368421051,7.358686282731523,431.81632721059844,2992,4.0,4,100.0,100,0,0.09620718795425931,20.0,21.0,24.000000000000004,73.49999999999999,1.0,1.0,11.0,14.000000000000002,100.0,11.937882998608984,100.0,100.0
593,3.6605866545073145,5.0,14.000000000000002,9.061716830027054,203.23561331269957,2993,4.0,4,100.0,100,0,0.0960053346002521,20.0,21.0,15.333333333333336,42.83333333333334,1.0,1.0,12.666666666666668,16.333333333333336,100.0,100.0,100.0,11.442082999565173
594,2.6977434347658047,20.0,12.250000000000002,7.486901239739415,960.2080844985418,2997,4.0,4,94.44444444444444,100.0,1,0.09543094133259215,23.94736842105263,37.57894736842105,14.89473684210526,42.684210526315795,1.5263157894736845,1.6842105263157898,7.842105263157895,9.894736842105264,33.35823999805143,32.655662502656924,130.61615574879397,100.0
595,-1.6327205246651926,5.0,12.052631578947366,8.90880864978861,1264.3317683694859,2998,4.0,4,100.0,100,0,0.09485998462007061,31.736842105263158,63.05263157894736,18.263157894736842,49.3157894736842,11.000000000000002,14.000000000000004,1.0000000000000002,1.0000000000000002,100.0,43.976105996989645,100.0,100.0
596,2.039118757223179,10.0,15.5,11.479933138940698,1007.4183323166309,3000,4.0,4,100.0,100,0,0.09429244390201606,13.250000000000004,13.499999999999998,19.000000000000004,36.50000000000001,2.5,2.9500000000000006,1.0000000000000002,1.0000000000000002,57.36623099874123,60.521373998199124,100.0,100.0
597,2.1454272745452125,5.0,8.937500000000002,7.948940122105304,479.18074334993435,3001,4.0,4,100.0,100,0,0.09395355064136639,20.0,21.0,13.0,35.0,2.0,2.111111111111111,1.0,1.0,100.0,100.0,11.99433999863686,100.0
598,-7.200000000000002,0.0,9.000000000000002,7.989294581064983,581.3945598889,3001,4.0,4,100.0,100,0,0.09339143305502752,18.0,18.777777777777775,3.0000000000000004,6.666666666666668,1.5000000000000002,1.5555555555555556,1.0000000000000002,1.0000000000000002
599,-7.0117691453624,5.0,5.875,7.272799650829363,440.5016942776759,3002,4.0,4,100.0,100,0,0.09283267857927593,11.700000000000003,13.350000000000001,1.0000000000000002,1.0000000000000002,1.0000000000000002,1.0000000000000002,1.0000000000000002,1.0000000000000002,362.1888979978394,100.0,100.0,100.0
600,-5.2286825748732975,5.0,3.6750000000000007,4.633235910246746,336.3549094996415,3003,4.0,4,100.0,100,0,0.0922772670928539,29.894736842105267,58.473684210526336,1.0000000000000002,1.0000000000000002,1.0000000000000002,1.0000000000000002,1.0000000000000002,1.0000000000000002,298.1571759955841,100.0,100.0,100.0
601,-4.807856738848869,5.0,8.223684210526319,12.511788070464656,563.6764151583377,3004,4.0,4,100.0,100,0,0.09172517859488771,14.789473684210524,15.21052631578947,1.0000000000000002,1.0000000000000002,1.0000000000000002,1.0000000000000002,6.789473684210527,11.526315789473685,100.0,100.0,100.0,296.21092500019586
602,-6.957856738848871,5.0,5.894736842105264,6.4614195082190795,402.96221705265407,3005,4.0,4,100.0,100,0,0.0911763932041677,11.000000000000002,11.000000000000002,2.473684210526316,5.947368421052631,1.0000000000000002,1.0000000000000002,12.000000000000002,21.0,100.0,583.2286579970969,100.0,100.0
603,-7.600000000000002,0.0,6.618421052631578,5.261891294962297,255.24444857958434,3005,4.0,4,100.0,100,0,0.09063089115843187,11.000000000000002,11.000000000000002,15.0,48.00000000000001,1.0000000000000002,1.0000000000000002,3.3157894736842106,5.2105263157894735
