episode,total_reward,success_rate,avg_util,avg_imbalance,avg_response_time,constraint_violations,projections,deployed_pods,avg_available_nodes,min_available_nodes,safety_compliance_rate,minikube_avg_cpu,minikube-m02_avg_cpu,minikube-m03_avg_cpu,minikube-m04_avg_cpu,minikube_avg_mem,minikube-m02_avg_mem,minikube-m03_avg_mem,minikube-m04_avg_mem,minikube_avg_rt,minikube-m02_avg_rt,minikube-m03_avg_rt,minikube-m04_avg_rt,epsilon
1,0,0,0,0,0,0,0,13,4,4,92.3076923076923,23.153846153846153,17.0,15.46153846153846,3.076923076923077,37.92307692307691,30.07692307692308,56.07692307692306,5.615384615384615,21.456104462021568,21.456104462021568,21.456104462021568,21.456104462021568,1
2,19.29099701535688,100.0,14.673076923076922,8.672053400481412,4218.571387461382,1,1,22,4.0,4,44.44444444444444,38.44444444444444,32.55555555555556,21.0,17.77777777777778,90.11111111111111,66.77777777777779,69.0,47.44444444444445,13.2704338894756,13.2704338894756,13.2704338894756,13.2704338894756,0.997901983389088
1,0,0,0,0,0,0,0,5,4,4,100.0,18.2,5.4,7.6,6.6000000000000005,27.0,19.8,29.2,11.400000000000002,28.99330180225661,28.99330180225661,28.99330180225661,28.99330180225661,1
2,4.9589194152816765,100.0,9.45,6.025981781593885,4106.595114599622,0,0,13,4.0,4,87.5,20.0,5.875,15.749999999999996,19.125,31.0,13.624999999999998,55.99999999999999,40.625,12.68260962478962,12.68260962478962,12.68260962478962,12.68260962478962,0.9983212342815199
3,14.538603363195602,100.0,15.187499999999998,6.36474645633886,4497.5044247494225,1,1,20,4.0,4,71.42857142857143,31.142857142857146,9.428571428571429,23.714285714285715,33.0,54.42857142857144,18.857142857142858,68.28571428571428,79.0,72.49518443027877,72.49518443027877,72.49518443027877,72.49518443027877,0.9966452868173772
4,21.214075461385825,100.0,24.32142857142857,9.547605179390239,4305.646711142409,2,2,37,4.0,4,52.94117647058824,30.588235294117645,19.058823529411764,20.823529411764707,21.058823529411764,54.529411764705884,46.05882352941176,48.0,56.94117647058823,41.17360076420215,41.17360076420215,41.17360076420215,41.17360076420215,0.9928846847722536
5,48.844365591760806,100.0,22.882352941176467,7.969370632879522,8931.947600411042,8,8,51,4.0,4,50.0,35.35714285714286,18.214285714285715,20.42857142857143,30.0,75.5,49.500000000000014,63.49999999999999,84.57142857142856,12.957718427060172,12.957718427060172,12.957718427060172,12.957718427060172,0.9897616913866147
6,52.79783692467039,100.0,26.0,7.405435307441122,5617.721937571851,7,7,59,4.0,4,62.5,31.5,20.375,9.25,23.75,66.875,65.375,17.25,61.00000000000001,14.926776376341877,14.926776376341877,14.926776376341877,14.926776376341877,0.9870630439312422
7,21.075161710833072,100.0,21.21875,8.825613540304344,9149.016931752158,3,3,66,4.0,4,28.57142857142857,37.42857142857142,30.0,2.428571428571429,29.428571428571438,93.2857142857143,88.99999999999999,5.857142857142857,78.71428571428571,13.67193657331102,13.67193657331102,13.67193657331102,13.67193657331102,0.9845785159961185
8,19.52645537470055,100.0,24.821428571428573,13.530881023987988,4249.986094429914,5,5,80,4.0,4,14.285714285714292,34.642857142857146,23.57142857142857,11.000000000000004,26.07142857142858,84.57142857142857,74.64285714285712,35.0,72.14285714285715,14.675665069911961,14.675665069911961,14.675665069911961,14.675665069911961,0.9804515256268633
9,46.74633644410379,100.0,23.821428571428573,9.324050856146037,6650.571051499615,12,12,81,4.0,4,0.0,31.0,21.0,1.0,20.0,79.0,69.0,1.0,62.0,19.007195995072834,19.007195995072834,19.007195995072834,19.007195995072834,0.9800397792240122
10,2.3568778413698706,100.0,18.25,10.848386976873567,8615.160568006104,1,1,84,4.0,4,66.66666666666667,31.0,25.0,4.0,20.000000000000004,79.0,68.66666666666666,7.666666666666666,62.0,11.18903099995805,11.18903099995805,11.18903099995805,11.18903099995805,0.9788055772170093
11,7.834316089887944,100.0,20.000000000000004,10.210385486036005,4901.645521330162,1,1,98,4.0,4,64.28571428571428,30.571428571428573,30.14285714285715,13.714285714285715,14.500000000000002,69.42857142857143,80.0714285714286,41.14285714285714,42.2142857142857,16.467584571988223,16.467584571988223,16.467584571988223,16.467584571988223,0.9751122890390107
12,39.462329098067634,100.0,22.232142857142854,9.897455531189713,6518.659163714411,5,5,107,4.0,4,77.77777777777777,17.0,24.444444444444446,11.555555555555557,11.666666666666666,27.444444444444443,62.33333333333333,21.11111111111111,39.33333333333333,15.354177444047915,15.354177444047915,15.354177444047915,15.354177444047915,0.9710249776053106
13,15.046891444736463,100.0,16.166666666666668,8.262842197785556,6926.759567890258,2,2,108,4.0,4,100.0,23.0,20.0,8.0,21.0,57.99999999999999,55.00000000000001,14.000000000000002,69.0,8.818563001113944,8.818563001113944,8.818563001113944,8.818563001113944,0.9702095735213624
14,2.578016098024274,100.0,18.0,5.873670062235366,3297.3199510015547,0,0,112,4.0,4,50.0,23.0,27.500000000000004,12.75,21.0,57.99999999999999,80.5,36.5,69.0,11.75669975054916,11.75669975054916,11.75669975054916,11.75669975054916,0.9685808189495932
15,13.593034561643927,100.0,21.0625,5.771312581300907,3737.89089300044,2,2,116,4.0,4,25.0,23.0,34.5,10.0,30.25,57.99999999999999,96.50000000000001,21.0,79.0,9.950089002813911,9.950089002813911,9.950089002813911,9.950089002813911,0.9645208850319757
16,11.743187482877094,100.0,24.4375,9.382507760750274,4707.199026499438,3,3,123,4.0,4,42.85714285714286,29.85714285714286,35.99999999999999,21.571428571428577,32.0,76.0,99.00000000000001,53.28571428571428,65.0,11.390169001450497,11.390169001450497,11.390169001450497,11.390169001450497,0.9612851941040438
17,27.761123270277434,100.0,29.857142857142854,5.414743720618982,3240.3387427122134,4,4,124,4.0,4,0.0,31.0,26.0,27.0,32.0,79.0,65.0,69.0,65.0,10.064002002764028,10.064002002764028,10.064002002764028,10.064002002764028,0.9590669554346118
18,4.6862000961006105,100.0,29.000000000000004,2.5495097567963922,2898.031204997096,1,1,129,4.0,4,40.0,34.599999999999994,18.2,27.0,28.400000000000002,73.2,42.2,69.0,57.00000000000001,10.93154159898404,10.93154159898404,10.93154159898404,10.93154159898404,0.955448146213595
19,16.790708164648702,100.0,27.05,7.069048337746567,6756.774128600955,3,3,144,4.0,4,26.66666666666667,38.00000000000001,27.000000000000014,20.333333333333332,23.0,69.86666666666665,74.33333333333336,53.06666666666665,63.39999999999999,43.99096340251466,43.99096340251466,43.99096340251466,43.99096340251466,0.9518429917015677
20,58.9999229273972,100.0,27.083333333333325,7.800255304039551,4033.701483333425,11,11,146,4.0,4,50.0,44.0,35.0,14.000000000000002,21.0,85.0,93.0,38.0,69.0,13.29934099703678,13.29934099703678,13.29934099703678,13.29934099703678,0.9498460092939975
21,7.044352995271446,100.0,28.500000000000004,11.859016382755431,3796.483995000017,1,1,152,4.0,4,33.33333333333334,46.0,30.000000000000004,31.499999999999993,22.0,88.66666666666666,84.0,78.83333333333334,70.66666666666667,11.383529665181413,11.383529665181413,11.383529665181413,11.383529665181413,0.9458646047955807
22,29.77944598659143,100.0,32.37500000000001,9.069181191163844,3660.835811002471,4,4,160,4.0,4,25.0,27.0,26.25,40.5,19.124999999999996,59.12500000000001,81.75000000000001,96.5,69.37499999999999,10.728884250966075,10.728884250966075,10.728884250966075,10.728884250966075,0.9426915003368964
23,33.07026418074028,100.0,28.218749999999996,8.520741580220932,6177.175373500177,6,6,161,4.0,4,0.0,28.999999999999996,28.000000000000004,42.0,12.0,68.0,93.0,99.0,48.0,12.083184999937657,12.083184999937657,12.083184999937657,12.083184999937657,0.941899888877865
24,3.841949523346835,100.0,27.749999999999996,10.638961415476606,2978.8679370030877,1,1,162,4.0,4,0.0,28.999999999999996,28.000000000000004,42.0,12.0,68.0,93.0,99.0,48.0,9.54997099324828,9.54997099324828,9.54997099324828,9.54997099324828,0.9385429494861058
25,3.841949523346835,100.0,27.749999999999996,10.638961415476606,2849.090775998775,1,1,171,4.0,4,22.222222222222214,30.44444444444444,23.0,18.444444444444446,13.222222222222221,72.77777777777777,67.44444444444446,41.888888888888886,53.33333333333334,12.107641665756496,12.107641665756496,12.107641665756496,12.107641665756496,0.9361805510652061
26,25.727591583530387,100.0,21.27777777777778,9.225466412323819,10001.112885332583,7,7,188,4.0,4,64.70588235294117,17.882352941176467,22.529411764705888,18.588235294117645,16.94117647058824,26.29411764705883,69.6470588235294,41.29411764705882,55.35294117647061,22.96098764610874,22.96098764610874,22.96098764610874,22.96098764610874,0.9322564271326207
27,44.01573826982946,100.0,18.985294117647058,4.083779713487774,6979.9721061187,6,6,196,4.0,4,62.5,18.0,25.5,18.25,10.750000000000002,22.375,84.5,48.125,22.249999999999996,12.192555625915702,12.192555625915702,12.192555625915702,12.192555625915702,0.9291289742069339
28,14.568326148707783,100.0,18.125,5.964403590374124,3967.9300281231917,3,3,206,4.0,4,40.0,35.0,28.000000000000007,33.4,20.099999999999998,78.4,93.0,79.0,39.699999999999996,16.273663499305258,16.273663499305258,16.273663499305258,16.273663499305258,0.926984938459669
29,37.238268931074025,100.0,29.124999999999996,6.768186959807208,3914.7758459992474,6,6,219,4.0,4,7.692307692307693,35.30769230769231,5.0,33.07692307692307,32.76923076923077,84.92307692307693,13.0,71.84615384615385,88.4615384615385,11.454374462258643,11.454374462258643,11.454374462258643,11.454374462258643,0.9242633197007875
30,36.28787460635859,100.0,26.538461538461533,13.131734211426908,5984.26521023066,12,12,224,4.0,4,60.0,28.800000000000004,2.4,20.0,28.4,69.4,3.6000000000000005,55.00000000000001,71.6,16.973576998861972,16.973576998861972,16.973576998861972,16.973576998861972,0.9227116981248251
31,11.159669288920973,100.0,19.900000000000002,10.9178040493153,5122.435485999449,2,2,226,4.0,4,50.0,31.0,4.5,30.0,27.0,79.0,7.500000000000001,89.0,76.0,12.021623497275868,12.021623497275868,12.021623497275868,12.021623497275868,0.9211626813579725
32,6.106470518773214,100.0,23.125,10.855410911596126,3551.8808160013577,1,1,229,4.0,4,33.33333333333334,35.666666666666664,3.3333333333333335,30.0,27.0,85.66666666666669,5.333333333333334,89.0,76.00000000000001,11.08674000230773,11.08674000230773,11.08674000230773,11.08674000230773,0.9196162650273655
33,9.157733928226278,100.0,24.0,12.413211569973665,3197.878237333498,2,2,231,4.0,4,50.0,38.0,12.5,30.0,35.0,89.0,24.5,89.0,89.0,10.515664998820284,10.515664998820284,10.515664998820284,10.515664998820284,0.9176868948276733
34,7.991312738600152,100.0,28.875,9.893253573806627,3386.228604500502,1,1,242,4.0,4,45.45454545454546,28.636363636363637,20.09090909090909,11.545454545454547,25.54545454545455,63.272727272727266,36.636363636363626,35.909090909090914,72.72727272727273,11.011652273406401,11.011652273406401,11.011652273406401,11.011652273406401,0.9148004265936591
35,31.601480406064063,100.0,21.454545454545457,8.699834934666615,3937.88074136418,6,6,244,4.0,4,50.0,28.000000000000004,31.0,6.0,18.0,55.00000000000001,55.00000000000001,18.0,48.0,10.530230498261517,10.530230498261517,10.530230498261517,10.530230498261517,0.9138402894880131
36,5.0199501213553805,100.0,20.75,9.842031619557298,3664.8347430018475,1,1,245,4.0,4,100.0,36.0,23.0,11.0,1.0,75.0,42.0,35.0,1.0,13.517416002287064,13.517416002287064,13.517416002287064,13.517416002287064,0.9128811601029964
37,1.6630849723592318,100.0,17.75,13.102957681378658,3954.418818000704,0,0,248,4.0,4,100.0,36.00000000000001,33.0,15.666666666666664,3.0000000000000004,75.0,76.00000000000001,43.66666666666667,4.333333333333334,9.993689665861893,9.993689665861893,9.993689665861893,9.993689665861893,0.9107746174220556
38,7.043102607370406,100.0,21.916666666666664,13.448703785706357,4688.500965334242,0,0,265,4.0,4,64.70588235294117,33.88235294117647,24.176470588235297,16.823529411764707,18.058823529411764,64.29411764705883,62.41176470588235,43.41176470588235,48.411764705882355,21.53627123505644,21.53627123505644,21.53627123505644,21.53627123505644,0.9069569858024384
39,55.36011614590518,100.0,23.235294117647058,7.951099549570808,8300.63820817732,6,6,269,4.0,4,100.0,26.0,16.5,10.0,6.5,62.000000000000014,58.5,17.5,24.5,12.846893001551507,12.846893001551507,12.846893001551507,12.846893001551507,0.9050541749808422
40,7.4815921915592325,100.0,14.75,8.212889729425637,5890.711645499323,0,0,275,4.0,4,66.66666666666667,27.166666666666668,17.999999999999996,19.666666666666668,23.0,57.333333333333336,62.0,44.0,96.0,12.836187832969395,12.836187832969395,12.836187832969395,12.836187832969395,0.9037245832209932
41,18.248956482917674,100.0,21.958333333333336,4.376621900952114,5732.272053500007,2,2,276,4.0,4,100.0,35.0,21.0,27.0,23.0,79.0,69.0,76.0,96.0,10.819606002769433,10.819606002769433,10.819606002769433,10.819606002769433,0.9022074413717339
42,4.383713312530426,100.0,26.5,5.361902647381803,5168.862680999155,0,0,290,4.0,4,28.57142857142857,34.0,4.357142857142858,15.071428571428575,16.500000000000004,82.64285714285712,10.071428571428573,50.857142857142854,66.14285714285715,18.43789414280244,18.43789414280244,18.43789414280244,18.43789414280244,0.899558569103194
43,27.884888283932987,100.0,17.48214285714286,11.197947720586686,9580.880487212979,10,10,304,4.0,4,35.71428571428571,22.928571428571427,24.28571428571429,18.142857142857146,24.57142857142857,52.57142857142857,70.71428571428571,67.0,73.00000000000001,13.773848570833382,13.773848570833382,13.773848570833382,13.773848570833382,0.8959761060078169
44,44.7992546914062,100.0,22.482142857142854,6.958751495529418,6424.381905214042,9,9,305,4.0,4,100.0,23.0,35.0,12.0,30.0,57.99999999999999,93.0,48.0,96.0,9.83520899899304,9.83520899899304,9.83520899899304,9.83520899899304,0.8948477686365143
45,3.5799300506893346,100.0,25.0,8.631338250816034,6896.432204994198,0,0,311,4.0,4,83.33333333333334,23.0,24.166666666666668,2.0,12.0,37.666666666666664,54.666666666666664,2.666666666666667,48.0,16.075699000793975,16.075699000793975,16.075699000793975,16.075699000793975,0.8931579263182042
46,9.851342654897223,100.0,15.291666666666668,9.883437674189665,8112.275705500603,1,1,319,4.0,4,75.0,35.75,22.5,17.5,10.125,66.75,58.5,33.75,38.0,12.257498625331209,12.257498625331209,12.257498625331209,12.257498625331209,0.890909766150464
47,20.981341833469635,100.0,21.468750000000004,10.024597544896116,4531.6871716268,2,2,321,4.0,4,50.0,38.0,30.0,22.0,5.5,72.0,96.0,42.0,11.0,11.220661501283757,11.220661501283757,11.220661501283757,11.220661501283757,0.8890406226622566
48,4.367431167933376,100.0,23.874999999999996,12.05839447681396,3439.307810000173,1,1,322,4.0,4,0.0,45.0,30.0,22.0,10.0,85.0,96.0,42.0,21.0,11.876773998665158,11.876773998665158,11.876773998665158,11.876773998665158,0.8873617466349287
49,2.635134531364761,100.0,26.75,12.71563997602952,4022.469291994639,1,1,331,4.0,4,88.88888888888889,23.77777777777778,18.000000000000004,30.44444444444444,25.888888888888893,39.33333333333333,64.0,59.88888888888889,54.77777777777778,12.813228556802237,12.813228556802237,12.813228556802237,12.813228556802237,0.8855000469506005
50,27.297088813503485,100.0,24.52777777777778,8.031625256401169,6922.618226444885,1,1,333,4.0,4,100.0,16.0,20.0,38.0,31.0,28.000000000000004,62.0,76.0,62.0,9.705214000859996,9.705214000859996,9.705214000859996,9.705214000859996,0.8849422990644771
51,6.780258327907422,100.0,26.25,8.8764590469672,5554.705415997887,0,0,334,4.0,4,100.0,28.000000000000004,12.0,32.0,31.0,55.00000000000001,48.0,65.0,62.0,12.584260999574326,12.584260999574326,12.584260999574326,12.584260999574326,0.8840134998280671
52,3.739580799652641,100.0,25.75,8.073877630977572,10332.440644000599,0,0,335,4.0,4,100.0,35.0,1.0,32.0,16.0,68.0,1.0,65.0,31.0,547.3290290028672,547.3290290028672,547.3290290028672,547.3290290028672,0.8823441170857454
53,1.9281340946447494,100.0,21.0,13.619838471876236,12146.854033999261,0,0,339,4.0,4,100.0,32.0,12.0,25.5,8.5,64.99999999999999,48.0,49.25,13.5,27.00626600017131,27.00626600017131,27.00626600017131,27.00626600017131,0.8797535633440203
54,9.363225765439571,100.0,19.5,9.718662455858563,5345.314752999911,0,0,353,4.0,4,78.57142857142857,27.35714285714285,15.357142857142852,18.285714285714285,23.35714285714286,46.5,50.42857142857142,35.14285714285714,57.07142857142856,13.421287072560517,13.421287072560517,13.421287072560517,13.421287072560517,0.8760659605533324
55,33.303349538882735,100.0,21.089285714285715,7.644652602685885,6682.3238179297605,3,3,355,4.0,4,50.0,35.0,10.0,17.0,28.000000000000004,68.0,16.0,35.0,82.0,10.576742501143599,10.576742501143599,10.576742501143599,10.576742501143599,0.8755141548935971
56,5.205047353183152,100.0,22.5,9.695489590558052,3121.772564998537,1,1,362,4.0,4,28.57142857142857,35.0,18.285714285714285,16.71428571428571,32.57142857142858,68.0,54.99999999999999,33.57142857142858,90.00000000000001,14.196147713976513,14.196147713976513,14.196147713976513,14.196147713976513,0.8736773116535416
57,22.526342610928438,100.0,25.642857142857146,8.42941024225126,4063.2938485702784,5,5,363,4.0,4,0.0,36.0,18.0,15.0,28.000000000000004,75.0,59.0,25.0,82.0,8.858324996253941,8.858324996253941,8.858324996253941,8.858324996253941,0.8722106121337238
58,3.350002603046077,100.0,24.250000000000004,8.317902379807062,3723.66193599737,1,1,365,4.0,4,100.0,28.000000000000004,18.0,22.5,24.5,55.00000000000001,59.0,41.5,75.49999999999999,11.11038599992753,11.11038599992753,11.11038599992753,11.11038599992753,0.8698324750836969
59,7.171119173159769,100.0,23.25,3.941347815879774,4784.0603980002925,0,0,370,4.0,4,40.0,34.599999999999994,26.0,13.999999999999998,16.599999999999998,80.19999999999999,72.0,28.999999999999996,49.8,10.810486201080494,10.810486201080494,10.810486201080494,10.810486201080494,0.8669144366128599
60,15.418665517518741,100.0,22.799999999999997,8.498168339393576,5738.131482803146,3,3,372,4.0,4,100.0,31.0,26.0,10.0,16.0,79.0,72.0,16.0,31.0,10.85112799773924,10.85112799773924,10.85112799773924,10.85112799773924,0.8641876667341629
61,5.006341382538217,100.0,20.75,8.271940382058338,3579.290845995274,0,0,375,4.0,4,100.0,21.0,22.0,17.666666666666668,12.0,45.0,65.33333333333333,31.666666666666664,21.0,13.397023331587357,13.397023331587357,13.397023331587357,13.397023331587357,0.8630993617741797
62,6.8997420129675735,100.0,18.166666666666668,4.677351939312684,5420.676252998722,0,0,376,4.0,4,100.0,31.0,8.0,15.0,13.0,79.0,14.000000000000002,25.0,21.0,10.273375999531709,10.273375999531709,10.273375999531709,10.273375999531709,0.8603845917315859
63,1.5801521743351388,100.0,16.75,8.613216588476108,3465.8187679960974,0,0,385,4.0,4,100.0,26.333333333333336,10.555555555555555,8.444444444444445,28.22222222222222,56.99999999999999,27.88888888888889,17.555555555555557,52.11111111111112,15.038508444882204,15.038508444882204,15.038508444882204,15.038508444882204,0.8571381367510069
64,18.01205770751749,100.0,18.38888888888889,9.720666970355897,6821.706363444618,0,0,391,4.0,4,66.66666666666667,24.5,20.0,21.333333333333336,27.166666666666668,44.5,62.0,78.16666666666666,64.33333333333333,11.697105832960611,11.697105832960611,11.697105832960611,11.697105832960611,0.8558789372078409
65,22.506158660029403,100.0,23.25,3.610687867124416,5172.353077500399,2,2,406,4.0,4,20.0,15.26666666666667,22.93333333333333,29.199999999999992,24.533333333333342,17.200000000000003,68.66666666666667,92.80000000000004,80.0,11.920615865771348,11.920615865771348,11.920615865771348,11.920615865771348,0.8526494832343815
66,41.90338710132223,100.0,22.98333333333333,6.168462005427499,5214.451547801339,12,12,410,4.0,4,75.0,23.5,30.0,9.75,25.5,31.500000000000007,89.0,16.75,70.5,12.429713749952498,12.429713749952498,12.429713749952498,12.429713749952498,0.8501461126486874
67,10.580480712314074,100.0,22.1875,7.642615530891869,5138.9746347504115,1,1,423,4.0,4,46.15384615384615,33.23076923076923,18.846153846153843,20.615384615384617,22.846153846153847,52.0,55.15384615384614,51.0,51.84615384615384,12.326255076354405,12.326255076354405,12.326255076354405,12.326255076354405,0.8465826133823937
68,40.949297948001536,100.0,23.884615384615387,6.771581040286953,6471.242589768595,7,7,424,4.0,4,100.0,33.0,20.0,27.0,27.0,51.0,55.00000000000001,79.0,79.0,10.947373004455585,10.947373004455585,10.947373004455585,10.947373004455585,0.8456940749028807
69,4.127131455577279,100.0,26.75,4.602988159880493,3552.8543740001624,0,0,439,4.0,4,60.0,31.8,21.33333333333334,17.533333333333328,24.600000000000005,47.86666666666665,57.466666666666676,55.133333333333326,69.93333333333332,11.266079734195955,11.266079734195955,11.266079734195955,11.266079734195955,0.8423261254247949
70,50.786253563931005,100.0,23.816666666666674,6.995323850075271,6353.733617198789,6,6,447,4.0,4,62.5,27.625,26.125,13.125,28.500000000000004,44.875,67.25,40.87499999999999,81.5,12.942922501679277,12.942922501679277,12.942922501679277,12.942922501679277,0.8395003628677646
71,27.285025422416634,100.0,23.84375,6.850274926469605,4679.935224000474,3,3,457,4.0,4,50.0,34.0,21.3,33.199999999999996,19.8,59.59999999999999,52.49999999999999,87.79999999999998,72.6,11.088720000407193,11.088720000407193,11.088720000407193,11.088720000407193,0.8368598204959397
72,35.85052971512157,100.0,27.075000000000003,8.033668107507115,4153.39838660002,5,5,461,4.0,4,50.0,43.0,19.0,39.75,22.0,85.0,38.24999999999999,90.99999999999999,82.0,12.615341498531052,12.615341498531052,12.615341498531052,12.615341498531052,0.8347533678082534
73,15.810084427116601,100.0,30.937499999999996,10.72641411446637,3618.102338499739,2,2,462,4.0,4,0.0,43.0,25.0,42.0,22.0,85.0,48.0,96.0,82.0,12.928354997711722,12.928354997711722,12.928354997711722,12.928354997711722,0.8333520124709909
74,4.243206169748163,100.0,32.99999999999999,9.565563234854496,3407.6756210051826,1,1,471,4.0,4,66.66666666666667,34.77777777777777,7.666666666666666,24.22222222222222,25.55555555555556,65.99999999999999,15.444444444444446,45.55555555555555,61.44444444444444,12.002346446226714,12.002346446226714,12.002346446226714,12.002346446226714,0.8305563554889891
75,22.957790864237236,100.0,23.055555555555557,10.795413916424557,10592.244694111287,3,3,477,4.0,4,50.0,18.999999999999996,21.333333333333336,8.0,28.33333333333334,24.0,49.33333333333334,12.666666666666668,83.66666666666666,10.091151335169949,10.091151335169949,10.091151335169949,10.091151335169949,0.8293362065555049
76,9.998004750785807,100.0,19.166666666666664,8.099518005179696,3597.2791010014284,3,3,478,4.0,4,100.0,28.000000000000004,33.0,13.0,30.0,45.0,89.0,21.0,96.0,8.886487004929222,8.886487004929222,8.886487004929222,8.886487004929222,0.8275962454181205
77,2.818915997042411,100.0,26.0,7.713624310270757,3018.3739109997987,0,0,489,4.0,4,27.272727272727266,37.54545454545454,36.18181818181818,18.27272727272727,29.999999999999993,62.0,93.54545454545456,30.45454545454545,96.00000000000001,10.350392181532118,10.350392181532118,10.350392181532118,10.350392181532118,0.8241272668867166
78,38.955388419103485,100.0,30.5,7.828577630119407,3128.609471635586,8,8,494,4.0,4,20.0,36.8,38.6,23.0,20.0,60.199999999999996,97.0,52.2,62.0,11.744456400629133,11.744456400629133,11.744456400629133,11.744456400629133,0.8223982341912828
79,18.52355367088815,100.0,29.599999999999998,8.424653140548747,4912.1212080004625,4,4,499,4.0,4,40.0,34.0,29.400000000000006,29.800000000000004,17.2,55.00000000000001,83.0,67.0,63.79999999999999,12.145787800545804,12.145787800545804,12.145787800545804,12.145787800545804,0.8205004877410672
80,20.970343440870273,100.0,27.599999999999998,6.567616781777126,3315.012098402076,3,3,507,4.0,4,50.0,26.25,29.375,24.5,3.25,51.0,75.25,57.75,8.5,10.728159125392267,10.728159125392267,10.728159125392267,10.728159125392267,0.8182633415950366
81,17.574476024402834,100.0,20.84375,10.48399058357224,7938.311093125776,4,4,513,4.0,4,66.66666666666667,25.0,26.0,21.5,7.5,60.66666666666668,65.0,36.333333333333336,26.333333333333336,12.536563668011999,12.536563668011999,12.536563668011999,12.536563668011999,0.8167181223179565
82,12.821953572917852,100.0,20.000000000000004,8.396990130992508,3893.293203165134,2,2,523,4.0,4,60.0,23.2,20.0,14.799999999999999,21.400000000000002,39.699999999999996,41.8,26.1,63.9,10.627604800538393,10.627604800538393,10.627604800538393,10.627604800538393,0.8132947408705233
83,23.419902350804236,100.0,19.85,6.161539321988653,4552.324553300423,4,4,539,4.0,4,56.25,21.5625,16.6875,18.875,33.625,28.375,49.4375,39.9375,90.75000000000001,10.718158312101878,10.718158312101878,10.718158312101878,10.718158312101878,0.8098857089767666
84,36.86164428301686,100.0,22.6875,8.091520785895561,4317.855803624752,7,7,556,4.0,4,52.94117647058824,23.64705882352941,20.64705882352941,37.94117647058824,23.94117647058824,30.411764705882348,66.52941176470587,75.82352941176471,67.0,13.046582412190379,13.046582412190379,13.046582412190379,13.046582412190379,0.8064909664886445
85,53.60068892347715,100.0,26.544117647058822,8.85609682380421,4905.785476295825,8,8,561,4.0,4,60.0,26.8,6.400000000000001,33.0,36.0,58.60000000000001,11.000000000000002,69.0,96.0,9.853092399134766,9.853092399134766,9.853092399134766,9.853092399134766,0.8037854206116987
86,12.276850385013823,100.0,25.549999999999994,11.710160867350158,3049.315585597651,2,2,568,4.0,4,42.85714285714286,33.28571428571428,8.142857142857144,24.28571428571428,28.000000000000004,75.71428571428571,13.0,53.42857142857144,82.0,10.625797999507215,10.625797999507215,10.625797999507215,10.625797999507215,0.802267541631389
87,19.277096456834723,100.0,23.428571428571427,10.464905650052064,3892.036891999721,4,4,586,4.0,4,50.0,35.55555555555555,5.500000000000001,11.722222222222225,30.055555555555557,70.44444444444444,8.777777777777777,38.66666666666667,71.44444444444444,11.289865444268798,11.289865444268798,11.289865444268798,11.289865444268798,0.7990725369266052
88,33.42869465367827,100.0,20.708333333333336,13.492883754981449,5209.297098666462,9,9,589,4.0,4,66.66666666666667,38.99999999999999,12.0,12.0,42.0,64.66666666666666,24.333333333333332,48.0,98.99999999999999,12.218453666719142,12.218453666719142,12.218453666719142,12.218453666719142,0.7984015274005807
89,7.681985582827696,100.0,26.25,14.362123232212687,6212.914831664723,1,1,608,4.0,4,31.578947368421055,20.894736842105264,27.789473684210524,14.315789473684209,25.89473684210526,31.63157894736843,74.21052631578947,38.63157894736841,81.31578947368423,12.391034632424923,12.391034632424923,12.391034632424923,12.391034632424923,0.7950549223702575
90,49.53629846754849,100.0,22.22368421052632,8.278844902044273,5373.733875842606,13,13,619,4.0,4,36.36363636363637,19.727272727272727,19.727272727272727,33.36363636363636,25.454545454545446,42.36363636363637,44.72727272727273,77.72727272727272,73.27272727272725,12.443069637149826,12.443069637149826,12.443069637149826,12.443069637149826,0.7917223450751586
91,29.379952824999272,100.0,24.568181818181813,8.267359745587775,5676.241903637922,7,7,626,4.0,4,57.142857142857146,33.0,11.428571428571429,28.714285714285708,28.714285714285708,92.0,25.857142857142858,79.28571428571428,55.14285714285714,12.796086429651561,12.796086429651561,12.796086429651561,12.796086429651561,0.7898953855712872
92,20.340365409985743,100.0,25.46428571428571,8.693192013781806,5633.316098712385,3,3,635,4.0,4,55.55555555555556,27.44444444444445,13.666666666666666,22.444444444444443,37.55555555555555,73.11111111111111,40.555555555555564,63.11111111111111,75.44444444444444,17.25759644452612,17.25759644452612,17.25759644452612,17.25759644452612,0.7880726419153703
93,30.355810061104894,100.0,25.27777777777778,9.27206166169164,4786.060981889831,4,4,650,4.0,4,46.666666666666664,20.866666666666664,13.200000000000001,21.4,34.06666666666667,42.533333333333346,34.19999999999999,63.19999999999999,81.66666666666666,18.37198226567125,18.37198226567125,18.37198226567125,18.37198226567125,0.7850990387407074
94,42.296115993750625,100.0,22.383333333333333,8.717009742360684,6287.8425504667875,8,8,653,4.0,4,100.0,11.0,25.666666666666664,6.333333333333334,22.0,11.0,77.66666666666666,15.666666666666664,42.0,10.990221666967651,10.990221666967651,10.990221666967651,10.990221666967651,0.7831228726735217
95,4.882091968777501,100.0,16.25,8.004825565146541,4190.355535332249,0,0,666,4.0,4,61.53846153846153,11.692307692307693,31.769230769230766,18.30769230769231,28.076923076923077,12.53846153846154,87.9230769230769,46.76923076923077,59.153846153846146,11.222990692588679,11.222990692588679,11.222990692588679,11.222990692588679,0.780167946266391
96,30.67169613999686,100.0,22.461538461538456,8.638506331246166,3695.5490054606344,5,5,682,4.0,4,43.75,33.125,23.5,22.125,27.0625,63.9375,70.1875,63.625,76.125,11.924431188162998,11.924431188162998,11.924431188162998,11.924431188162998,0.7768977696899853
97,57.87865283101855,100.0,26.453125,7.233263789169056,6598.869518311403,9,9,689,4.0,4,14.285714285714292,28.000000000000004,9.714285714285714,32.28571428571429,29.28571428571428,54.99999999999999,35.99999999999999,84.57142857142857,83.0,10.755537286708464,10.755537286708464,10.755537286708464,10.755537286708464,0.7746168053981223
98,22.577446444522593,100.0,24.82142857142857,9.102122358308442,4504.553544571017,6,6,692,4.0,4,33.33333333333334,28.000000000000004,10.333333333333334,23.0,33.0,55.00000000000001,22.333333333333336,45.0,92.33333333333333,10.87660233315546,10.87660233315546,10.87660233315546,10.87660233315546,0.7733164052602611
99,7.6363705655295995,100.0,23.583333333333336,8.504174738954912,3357.6706940002623,2,2,700,4.0,4,75.0,21.125,17.5,11.5,11.5,40.25,38.625,20.0,31.5,12.509556874647387,12.509556874647387,12.509556874647387,12.509556874647387,0.7700749478192899
100,12.62436598026332,100.0,15.40625,8.41082332071646,5202.442767874345,2,2,712,4.0,4,50.0,26.0,30.000000000000004,12.500000000000004,24.499999999999996,56.08333333333334,84.00000000000001,48.91666666666667,70.33333333333333,11.854361332855964,11.854361332855964,11.854361332855964,11.854361332855964,0.7673303940111124
101,44.40028652524225,100.0,23.250000000000004,7.4055150842913715,4605.9867266667425,6,6,717,4.0,4,40.0,34.4,27.0,27.0,30.0,70.60000000000001,79.0,79.0,89.0,10.405333399830852,10.405333399830852,10.405333399830852,10.405333399830852,0.7641140277237408
102,25.757889150762004,100.0,29.599999999999998,3.2196152422706623,3114.0521772016655,3,3,719,4.0,4,0.0,44.0,21.0,27.0,30.0,89.0,69.0,79.0,89.0,10.045041501143714,10.045041501143714,10.045041501143714,10.045041501143714,0.7634723740967201
103,10.233946728881383,100.0,30.5,8.440971508067067,3221.7460550018586,2,2,728,4.0,4,55.55555555555556,37.77777777777778,14.666666666666666,20.88888888888889,25.33333333333333,61.44444444444444,36.00000000000001,52.33333333333333,76.22222222222223,10.824219444152227,10.824219444152227,10.824219444152227,10.824219444152227,0.7613907186866012
104,26.328582212487103,100.0,24.66666666666667,9.296700254151242,5219.260649223644,4,4,737,4.0,4,44.44444444444444,40.888888888888886,16.0,13.666666666666666,27.111111111111114,72.55555555555556,28.000000000000004,26.666666666666668,79.77777777777777,12.048502000753716,12.048502000753716,12.048502000753716,12.048502000753716,0.7583585046156744
105,23.727564242119907,100.0,24.41666666666667,11.121439978634944,5959.296880111247,5,5,756,4.0,4,52.631578947368425,23.947368421052637,23.0,9.210526315789476,24.05263157894737,41.84210526315789,64.10526315789473,20.0,60.473684210526315,15.297986737431003,15.297986737431003,15.297986737431003,15.297986737431003,0.7551797451829387
106,38.17936078766892,100.0,20.05263157894737,8.822874990713935,7528.781369843177,9,9,760,4.0,4,75.0,24.5,23.5,10.0,31.5,41.0,69.0,17.5,87.5,10.857729250346893,10.857729250346893,10.857729250346893,10.857729250346893,0.7531207001467223
107,10.083109575155,100.0,22.375,8.351644825717502,4289.527898250526,1,1,773,4.0,4,38.46153846153846,20.84615384615385,23.999999999999996,20.153846153846157,23.07692307692308,33.07692307692307,73.38461538461539,51.076923076923066,66.92307692307692,10.1770825377361,10.1770825377361,10.1770825377361,10.1770825377361,0.7499638956604414
108,34.2861181432847,100.0,22.01923076923077,5.926414422258614,5101.317345000168,8,8,774,4.0,4,100.0,35.0,30.0,21.0,1.0,79.0,96.0,69.0,1.0,11.094996996689588,11.094996996689588,11.094996996689588,11.094996996689588,0.7490194371141395
109,2.2329612111359975,100.0,21.749999999999996,12.987975207860538,2371.0904480030877,0,0,784,4.0,4,10.0,40.400000000000006,23.200000000000003,21.400000000000002,1.9,87.99999999999999,80.80000000000001,74.4,3.0,10.033195300638909,10.033195300638909,10.033195300638909,10.033195300638909,0.747134086703239
110,24.901874341537482,100.0,21.725,14.049439622383158,4070.101896799315,9,9,785,4.0,4,100.0,41.0,21.0,21.0,10.0,89.0,69.0,69.0,21.0,9.122419003688265,9.122419003688265,9.122419003688265,9.122419003688265,0.7466634910675364
111,3.216667802321894,100.0,23.25,11.188722000300123,3054.2216829999234,0,0,799,4.0,4,50.0,36.42857142857142,12.785714285714286,17.214285714285715,16.857142857142858,62.999999999999986,31.999999999999996,41.78571428571428,49.928571428571416,10.21862828617616,10.21862828617616,10.21862828617616,10.21862828617616,0.7438461353957966
112,35.108094435649846,100.0,20.82142857142857,9.842753316132569,5091.401135428377,7,7,806,4.0,4,71.42857142857143,34.0,17.0,25.571428571428573,21.857142857142854,49.28571428571429,33.0,49.285714285714285,69.0,10.646801429434813,10.646801429434813,10.646801429434813,10.646801429434813,0.7421296538856653
113,21.983803645948107,100.0,24.607142857142854,6.980983382696623,4784.247871999729,2,2,809,4.0,4,33.33333333333334,31.0,23.0,31.0,28.000000000000004,45.0,45.0,59.0,93.0,11.484859998745378,11.484859998745378,11.484859998745378,11.484859998745378,0.7405726535443627
114,9.830668460741428,100.0,28.250000000000004,3.2691742076555044,3785.6410443321997,2,2,821,4.0,4,41.666666666666664,26.999999999999996,24.749999999999996,20.833333333333336,26.833333333333336,64.91666666666667,48.33333333333332,38.00000000000001,78.41666666666667,14.288278833191725,14.288278833191725,14.288278833191725,14.288278833191725,0.73793324616944
115,37.62543697232542,100.0,24.854166666666664,5.139009772361696,7817.806082249565,7,7,827,4.0,4,66.66666666666667,12.166666666666666,24.5,17.0,20.33333333333333,12.666666666666668,59.333333333333336,64.99999999999999,51.66666666666666,12.934219500796948,12.934219500796948,12.934219500796948,12.934219500796948,0.7363850499612322
116,14.947021612832698,100.0,18.499999999999996,5.455941524624099,5220.557996833425,2,2,832,4.0,4,40.0,25.6,27.0,25.6,8.6,47.800000000000004,79.0,88.6,18.2,12.446144603018183,12.446144603018183,12.446144603018183,12.446144603018183,0.7349944507290394
117,13.227926199901672,100.0,21.7,7.87830847273335,4653.721321400371,3,3,835,4.0,4,33.33333333333334,34.0,26.666666666666668,22.0,22.0,73.0,76.66666666666666,82.0,82.0,31.077023670756414,31.077023670756414,31.077023670756414,31.077023670756414,0.7343772498427328
118,14.461680740127093,100.0,26.166666666666664,5.122871363924689,11067.569711997445,2,2,848,4.0,4,38.46153846153846,31.538461538461537,14.076923076923078,6.538461538461539,26.615384615384624,76.3076923076923,32.692307692307686,18.07692307692307,90.46153846153845,10.939045308847339,10.939045308847339,10.939045308847339,10.939045308847339,0.7317599229404584
119,25.9294614207018,100.0,19.692307692307693,11.366972239334768,4979.241921846831,8,8,863,4.0,4,40.0,21.733333333333338,29.733333333333338,8.799999999999999,20.93333333333333,36.86666666666667,83.99999999999999,17.666666666666668,64.46666666666665,10.46975553278268,10.46975553278268,10.46975553278268,10.46975553278268,0.7288457125614458
120,33.1002262472393,100.0,20.299999999999997,9.092414905934849,5001.691345733707,9,9,864,4.0,4,100.0,28.999999999999996,18.0,16.0,30.0,57.99999999999999,42.0,31.0,89.0,9.845064996625297,9.845064996625297,9.845064996625297,9.845064996625297,0.7282336749884716
121,3.099834030717521,100.0,23.25,6.299801584177075,3916.469949996099,0,0,865,4.0,4,0.0,28.999999999999996,18.0,16.0,30.0,57.99999999999999,42.0,31.0,89.0,11.383129996829666,11.383129996829666,11.383129996829666,11.383129996829666,0.7271638456674482
122,3.099834030717521,100.0,23.25,6.299801584177075,3196.629928999755,1,1,873,4.0,4,12.5,28.999999999999996,11.000000000000002,18.25,33.75,57.99999999999999,23.625,36.25000000000001,95.25,10.315642498426314,10.315642498426314,10.315642498426314,10.315642498426314,0.7241158427512928
123,19.513738996582035,100.0,23.0,9.184503374091516,3965.555689500434,7,7,874,4.0,4,100.0,35.0,10.0,7.000000000000001,25.0,68.0,21.0,11.0,52.0,10.045414004707709,10.045414004707709,10.045414004707709,10.045414004707709,0.7238117460308459
124,1.8707509232210144,100.0,19.25,11.366067921669304,9408.265479003603,0,0,875,4.0,4,0.0,35.0,10.0,7.000000000000001,25.0,68.0,21.0,11.0,52.0,12.659514002734795,12.659514002734795,12.659514002734795,12.659514002734795,0.7227484128516749
125,1.8707509232210144,100.0,19.25,11.366067921669304,2285.1843829994323,1,1,879,4.0,4,100.0,35.0,25.5,4.0,23.25,68.0,76.5,6.0,53.25,9.487414501563762,9.487414501563762,9.487414501563762,9.487414501563762,0.7219898456833038
126,10.036859230671713,100.0,21.9375,11.460030064061282,3965.684500997668,0,0,888,4.0,4,44.44444444444444,20.22222222222222,18.0,25.55555555555556,26.333333333333336,28.555555555555557,59.0,70.55555555555556,72.11111111111111,10.938204778034965,10.938204778034965,10.938204778034965,10.938204778034965,0.7200212949939672
127,28.91091912696301,100.0,22.52777777777778,4.8244622233001175,5185.944262555697,5,5,891,4.0,4,33.33333333333334,20.0,18.000000000000004,32.33333333333333,33.0,24.333333333333332,59.0,88.33333333333334,89.0,10.249184335407335,10.249184335407335,10.249184335407335,10.249184335407335,0.7185106783568593
128,9.727870999384866,100.0,25.833333333333336,7.0896712584057315,3312.583163996654,2,2,893,4.0,4,50.0,18.0,4.5,35.0,33.0,21.0,7.500000000000001,93.0,89.0,9.996288499678485,9.996288499678485,9.996288499678485,9.996288499678485,0.7177565589412593
129,3.572709398780021,100.0,22.625,12.382582538763485,5317.895682499511,1,1,905,4.0,4,41.666666666666664,20.999999999999996,16.916666666666664,29.166666666666668,23.333333333333332,30.0,32.00000000000001,79.91666666666667,56.99999999999999,9.933773500354922,9.933773500354922,9.933773500354922,9.933773500354922,0.7156492326686548
130,30.334869215553496,100.0,22.604166666666668,6.5704254561106,5346.076055418355,7,7,917,4.0,4,50.0,24.166666666666668,8.000000000000002,7.999999999999999,32.583333333333336,42.75,13.166666666666671,14.000000000000004,75.08333333333334,26.82121083247087,26.82121083247087,26.82121083247087,26.82121083247087,0.7126494947676095
131,16.892878935691748,100.0,18.187499999999996,10.819598215860443,4170.620875417929,6,6,919,4.0,4,100.0,28.999999999999996,11.5,17.0,41.0,57.99999999999999,21.0,35.0,96.0,8.740825000131736,8.740825000131736,8.740825000131736,8.740825000131736,0.7117520276898669
132,4.400627332007009,100.0,24.625,11.47002837469061,3137.770304001606,0,0,922,4.0,4,66.66666666666667,28.999999999999996,22.0,19.666666666666668,41.0,57.99999999999999,45.0,39.33333333333333,96.0,15.12555100149863,15.12555100149863,15.12555100149863,15.12555100149863,0.7107064111320601
133,8.951487470761105,100.0,27.91666666666667,8.466799496451511,3561.669257001389,1,1,924,4.0,4,100.0,28.999999999999996,19.5,31.0,41.0,57.99999999999999,38.0,75.49999999999999,96.0,11.588446999667212,11.588446999667212,11.588446999667212,11.588446999667212,0.7089174981107639
134,6.983767615223245,100.0,30.125,7.982479111643087,5986.401452504651,0,0,925,4.0,4,100.0,36.0,23.0,27.0,41.0,72.0,45.0,69.0,96.0,7.881319004809484,7.881319004809484,7.881319004809484,7.881319004809484,0.7068361232347451
135,3.885560952049003,100.0,31.75,7.119515432949069,2531.033450002724,0,0,929,4.0,4,0.0,36.0,29.000000000000004,27.0,38.5,72.0,69.0,69.0,87.5,11.500497250381159,11.500497250381159,11.500497250381159,11.500497250381159,0.7055013245851687
136,17.01577179031757,100.0,32.625,5.704924388265767,4560.145764500703,4,4,936,4.0,4,28.57142857142857,30.0,30.85714285714286,32.28571428571429,7.142857142857142,71.99999999999999,91.14285714285714,75.42857142857142,14.285714285714285,14.760908141657378,14.760908141657378,14.760908141657378,14.760908141657378,0.7043169531471128
137,19.59050719253319,100.0,25.071428571428573,10.926290532364984,11122.13685642824,5,5,947,4.0,4,72.72727272727273,20.81818181818182,26.636363636363637,33.727272727272734,1.909090909090909,49.45454545454545,72.45454545454545,63.72727272727272,4.09090909090909,12.124928090832492,12.124928090832492,12.124928090832492,12.124928090832492,0.7022490854263398
138,23.32772469091114,100.0,20.77272727272727,12.451772595278548,4560.161452272785,3,3,955,4.0,4,25.0,31.75,29.75,45.875,14.75,87.75,67.0,86.75,47.75,10.672819626051933,10.672819626051933,10.672819626051933,10.672819626051933,0.7006285922715296
139,30.5119372440494,100.0,30.53125,11.507002880310296,4986.728500624849,6,6,972,4.0,4,23.529411764705884,29.58823529411765,23.235294117647058,44.529411764705884,19.41176470588235,78.94117647058823,66.88235294117646,82.23529411764706,57.41176470588235,11.061821646067342,11.061821646067342,11.061821646067342,11.061821646067342,0.6976918153606462
140,67.75066325055185,100.0,29.191176470588236,10.19684405092278,7421.662816648142,13,13,979,4.0,4,42.85714285714286,16.71428571428571,2.0,37.57142857142857,23.57142857142857,20.285714285714285,2.857142857142857,87.0,54.14285714285714,9.894109001574439,9.894109001574439,9.894109001574439,9.894109001574439,0.69637428494256
141,10.102922678645742,100.0,19.964285714285715,13.017196514482029,3189.3939705706935,4,4,984,4.0,4,40.0,19.0,9.6,30.2,30.0,24.0,16.8,72.6,80.39999999999999,11.467966201598756,11.467966201598756,11.467966201598756,11.467966201598756,0.6934553405204923
142,11.74040813784096,100.0,22.200000000000003,8.844608555651877,6316.050241999619,3,3,1000,4.0,4,62.5,26.25,14.500000000000002,22.3125,20.125,47.75,25.375000000000004,48.8125,57.375,11.723753499154554,11.723753499154554,11.723753499154554,11.723753499154554,0.690548631237951
143,38.783494255363756,100.0,20.796874999999996,7.17103307885926,5334.60158056414,6,6,1009,4.0,4,66.66666666666667,30.0,4.333333333333334,17.666666666666668,31.444444444444446,72.0,7.555555555555555,37.0,74.1111111111111,11.53569711136192,11.53569711136192,11.53569711136192,11.53569711136192,0.6888104571918041
144,18.52760611001464,100.0,20.86111111111111,11.657141368510755,4990.922293779376,3,3,1023,4.0,4,50.0,19.71428571428571,20.642857142857142,20.357142857142854,24.85714285714287,41.07142857142858,67.35714285714286,44.714285714285715,76.35714285714286,20.12304807119238,20.12304807119238,20.12304807119238,20.12304807119238,0.6867881163922631
145,40.149367646323746,100.0,21.392857142857142,6.056442647792964,9702.489296429641,7,7,1035,4.0,4,58.33333333333333,14.333333333333334,15.666666666666664,14.583333333333332,23.083333333333336,22.333333333333336,45.333333333333336,23.666666666666668,72.66666666666666,16.8730139988232,16.8730139988232,16.8730139988232,16.8730139988232,0.6850594079058311
146,22.726133529878233,100.0,16.916666666666664,5.056862696995759,5853.063489417764,5,5,1049,4.0,4,35.71428571428571,35.78571428571429,9.142857142857146,19.57142857142857,37.00000000000001,85.42857142857143,18.28571428571428,36.71428571428571,92.42857142857143,10.711609286123089,10.711609286123089,10.711609286123089,10.711609286123089,0.6821878912793136
147,35.06715418140075,100.0,25.374999999999996,12.002575695593737,4118.520256785684,9,9,1063,4.0,4,21.42857142857143,38.642857142857146,1.8571428571428577,20.714285714285722,32.92857142857142,95.14285714285714,2.428571428571429,36.0,80.0,10.962917784906624,10.962917784906624,10.962917784906624,10.962917784906624,0.6793284109924788
148,26.50242839144002,100.0,23.535714285714285,14.580371200311879,4712.160989499743,11,11,1066,4.0,4,33.33333333333334,21.0,4.0,10.000000000000002,31.0,45.0,7.666666666666666,21.0,85.66666666666669,11.975081336762136,11.975081336762136,11.975081336762136,11.975081336762136,0.677903168701952
149,4.966913354231998,100.0,16.5,10.429437869545866,6928.088043333749,2,2,1068,4.0,4,50.0,11.0,4.5,10.0,27.0,11.0,7.500000000000001,21.0,79.0,11.227309998503188,11.227309998503188,11.227309998503188,11.227309998503188,0.6763388556009408
150,2.10891766934989,100.0,13.125,8.473517922107787,3597.358909501054,1,1,1081,4.0,4,69.23076923076923,18.692307692307693,21.692307692307693,15.000000000000002,27.69230769230769,39.53846153846153,44.615384615384606,33.230769230769226,79.46153846153847,10.818531385806496,10.818531385806496,10.818531385806496,10.818531385806496,0.6742115171447364
151,32.945268340766994,100.0,20.76923076923077,7.239495988982812,4535.45008992492,4,4,1088,4.0,4,71.42857142857143,40.0,33.57142857142858,17.0,20.57142857142857,99.00000000000001,63.0,35.0,48.0,11.884333286226527,11.884333286226527,11.884333286226527,11.884333286226527,0.6722320386911123
152,20.296484743815085,100.0,27.785714285714285,10.160162080136379,5952.693626286678,2,2,1090,4.0,4,100.0,40.0,21.0,17.0,19.0,99.0,35.0,35.0,35.0,9.939709500031313,9.939709500031313,9.939709500031313,9.939709500031313,0.671244479930479
153,4.3680196667345,100.0,24.25,9.347301143352999,8242.898985001375,0,0,1092,4.0,4,50.0,28.999999999999996,21.0,17.0,20.5,51.0,35.0,35.0,48.5,10.755583502032096,10.755583502032096,10.755583502032096,10.755583502032096,0.6699768930091338
154,5.430015937153036,100.0,21.875,4.982445403631147,4008.104747001198,1,1,1107,4.0,4,46.666666666666664,21.2,23.266666666666673,11.266666666666671,25.66666666666666,37.733333333333334,56.466666666666676,23.333333333333332,73.8,15.786207934919124,15.786207934919124,15.786207934919124,15.786207934919124,0.6671685967278821
155,33.62109896070268,100.0,20.349999999999998,7.38975609763264,6424.656192133261,8,8,1113,4.0,4,16.666666666666657,23.0,17.999999999999996,4.333333333333334,30.0,57.99999999999999,48.0,12.166666666666666,96.0,20.930987999842426,20.930987999842426,20.930987999842426,20.930987999842426,0.6660485769592487
156,11.820206117112157,100.0,18.833333333333332,9.450749537362324,3332.515706166305,5,5,1114,4.0,4,100.0,30.0,18.0,12.0,18.0,72.0,48.0,48.0,48.0,9.530504001304507,9.530504001304507,9.530504001304507,9.530504001304507,0.6645116192299577
157,3.1862541391182306,100.0,19.5,6.53834841531101,2485.5112160003046,0,0,1122,4.0,4,87.5,35.25,27.249999999999996,15.25,23.0,80.74999999999999,68.75,55.75,64.99999999999999,15.487570998629963,15.487570998629963,15.487570998629963,15.487570998629963,0.6628389827237671
158,32.53055654206377,100.0,25.1875,7.931230739408607,3855.9102261260705,1,1,1137,4.0,4,40.0,34.86666666666666,34.400000000000006,14.000000000000004,19.86666666666667,67.46666666666667,67.33333333333334,41.46666666666666,64.13333333333333,10.91907040051107,10.91907040051107,10.91907040051107,10.91907040051107,0.6600606059324553
159,47.00555830236994,100.0,25.783333333333335,10.064201315721743,4560.988675999882,9,9,1144,4.0,4,28.57142857142857,36.42857142857142,20.714285714285715,7.142857142857142,21.428571428571423,82.42857142857142,42.57142857142857,14.285714285714285,74.14285714285714,11.657800714601763,11.657800714601763,11.657800714601763,11.657800714601763,0.6578462919164036
160,16.66950388333916,100.0,21.428571428571427,11.141082589765901,7474.194331285877,5,5,1156,4.0,4,58.33333333333333,28.33333333333333,14.416666666666666,8.583333333333332,32.83333333333333,59.333333333333336,34.833333333333336,14.91666666666667,90.0,11.651743502928488,11.651743502928488,11.651743502928488,11.651743502928488,0.6555017220134512
161,24.036781828297816,100.0,21.041666666666668,10.438774133474151,4903.618779668856,5,5,1157,4.0,4,100.0,30.0,28.000000000000004,20.0,36.0,65.0,76.0,62.0,99.0,16.809227992780507,16.809227992780507,16.809227992780507,16.809227992780507,0.6545387413298095
162,4.115224907480871,100.0,28.500000000000004,5.722761571129798,3297.474837003392,0,0,1158,4.0,4,100.0,38.0,28.000000000000004,12.0,36.0,79.0,76.0,48.0,99.0,12.344820002908818,12.344820002908818,12.344820002908818,12.344820002908818,0.6537144553718967
163,3.879945343794832,100.0,28.500000000000004,10.23474474522936,3524.9613319901982,0,0,1170,4.0,4,33.33333333333334,34.166666666666664,21.91666666666667,16.916666666666668,23.916666666666664,69.16666666666667,58.24999999999999,63.24999999999999,63.16666666666667,10.357982499651067,10.357982499651067,10.357982499651067,10.357982499651067,0.6509743252372946
164,39.45934849494815,100.0,24.229166666666668,9.134340903161688,6661.622550252408,8,8,1184,4.0,4,42.85714285714286,26.857142857142858,10.0,18.57142857142857,28.92857142857143,55.78571428571429,19.428571428571434,51.85714285714287,66.21428571428571,10.994320430784553,10.994320430784553,10.994320430784553,10.994320430784553,0.6482456807186111
165,32.38442890961856,100.0,21.08928571428572,9.546859655385239,4256.108796498405,8,8,1193,4.0,4,44.44444444444444,33.333333333333336,26.77777777777778,9.444444444444446,39.0,71.66666666666667,76.77777777777777,22.777777777777775,92.33333333333333,14.690990889600167,14.690990889600167,14.690990889600167,14.690990889600167,0.646342437708062
166,27.82227164179862,100.0,27.13888888888889,11.859441341332005,4317.38719188757,5,5,1194,4.0,4,100.0,31.0,21.0,7.000000000000001,37.0,79.0,69.0,11.0,89.0,14.82329198915977,14.82329198915977,14.82329198915977,14.82329198915977,0.646071002387926
167,3.0979618043220105,100.0,24.000000000000004,11.357816691600545,8944.230462002452,0,0,1196,4.0,4,50.0,31.0,21.0,12.5,37.0,79.0,69.0,35.0,89.0,10.921185996267013,10.921185996267013,10.921185996267013,10.921185996267013,0.6452573801812388
168,7.592509687775996,100.0,25.374999999999996,9.492944921398362,3282.568918504694,1,1,1198,4.0,4,100.0,31.0,27.0,18.0,29.000000000000004,79.0,79.0,59.0,47.0,10.919282001850661,10.919282001850661,10.919282001850661,10.919282001850661,0.6449864005374131
169,8.136314590294818,100.0,26.25,5.1198355373109665,4729.245048001758,0,0,1200,4.0,4,0.0,23.0,18.0,18.0,30.0,57.99999999999999,59.0,59.0,65.0,13.953669003967661,13.953669003967661,13.953669003967661,13.953669003967661,0.6434980453815186
170,7.805976476774165,100.0,22.250000000000004,4.9180788932265,6897.214989498025,2,2,1209,4.0,4,55.55555555555556,18.555555555555557,10.333333333333334,28.666666666666668,21.22222222222222,35.22222222222222,23.22222222222222,78.22222222222223,49.88888888888889,10.522836114331666,10.522836114331666,10.522836114331666,10.522836114331666,0.6416087413821202
171,20.64320445558742,100.0,19.694444444444446,7.675441628733419,4910.139008331397,4,4,1214,4.0,4,40.0,23.000000000000004,9.000000000000002,27.0,22.799999999999997,57.99999999999999,17.8,76.0,71.0,11.095492000458762,11.095492000458762,11.095492000458762,11.095492000458762,0.639322042250423
172,14.684873294203843,100.0,20.45,7.025413107975359,3639.6410828019725,3,3,1221,4.0,4,42.85714285714286,30.142857142857142,7.000000000000001,25.857142857142858,22.285714285714285,70.57142857142857,11.0,48.857142857142854,71.85714285714285,14.03112443014314,14.03112443014314,14.03112443014314,14.03112443014314,0.6366422398087146
173,18.001772752247405,100.0,21.321428571428573,9.258397801192649,3637.916595571109,4,4,1238,4.0,4,17.64705882352942,34.470588235294116,1.9411764705882355,12.588235294117645,32.11764705882353,65.76470588235294,3.5882352941176467,21.88235294117647,88.8235294117647,11.911887003567672,11.911887003567672,11.911887003567672,11.911887003567672,0.6339736701114637
174,26.40127312219477,100.0,20.279411764705884,13.96399045135811,6666.632742880371,14,14,1239,4.0,4,100.0,33.0,11.0,1.0,21.0,48.0,35.0,1.0,69.0,11.660737000056542,11.660737000056542,11.660737000056542,11.660737000056542,0.6330423157339657
175,1.6822289525114646,100.0,16.5,11.863810517704671,2406.621834001271,0,0,1254,4.0,4,46.666666666666664,34.866666666666674,23.4,9.333333333333334,20.999999999999996,56.8,70.2,32.93333333333333,56.59999999999997,10.306202999587791,10.306202999587791,10.306202999587791,10.306202999587791,0.6303888355920373
176,40.53270382532534,100.0,22.149999999999995,10.592180644399317,4686.635088800297,8,8,1261,4.0,4,42.85714285714286,34.42857142857143,28.71428571428572,30.0,7.000000000000001,62.14285714285713,62.7142857142857,96.0,12.142857142857144,11.058063849174816,11.058063849174816,11.058063849174816,11.058063849174816,0.6277464778611841
177,17.220008534289875,100.0,25.03571428571429,10.847420385993711,5637.300977142461,4,4,1274,4.0,4,53.84615384615385,31.076923076923084,24.307692307692307,14.923076923076922,14.384615384615385,62.69230769230769,43.30769230769231,45.84615384615384,32.46153846153846,10.068903386127204,10.068903386127204,10.068903386127204,10.068903386127204,0.625115195920357
178,27.672771083891448,100.0,21.17307692307692,9.94717972920328,4609.293481616008,6,6,1285,4.0,4,36.36363636363637,28.181818181818187,40.63636363636363,1.5454545454545454,23.18181818181819,55.545454545454554,96.27272727272728,1.909090909090909,52.90909090909091,10.314286636209793,10.314286636209793,10.314286636209793,10.314286636209793,0.6228872799280614
179,21.06696027254719,100.0,23.386363636363637,14.586618046959662,4828.421981366278,7,7,1290,4.0,4,40.0,11.000000000000002,42.00000000000001,7.8,18.0,11.000000000000002,99.0,23.799999999999997,42.00000000000001,12.492743800976314,12.492743800976314,12.492743800976314,12.492743800976314,0.6217110113804364
180,6.466857713428508,100.0,19.7,13.47573941771523,4197.822863000329,3,3,1300,4.0,4,20.0,11.000000000000002,22.900000000000002,14.699999999999996,34.4,11.000000000000002,45.800000000000004,44.6,95.39999999999999,10.59613690158585,10.59613690158585,10.59613690158585,10.59613690158585,0.6191050278913177
181,17.350141985682235,100.0,20.75,10.504538058791573,5948.97819479811,8,8,1307,4.0,4,28.57142857142857,12.428571428571429,17.57142857142857,26.285714285714285,30.428571428571434,15.857142857142858,49.85714285714286,89.85714285714288,84.71428571428571,10.185213572445459,10.185213572445459,10.185213572445459,10.185213572445459,0.6167689834983631
182,18.345971420256454,100.0,21.67857142857143,7.5726611027834085,4467.66954085615,5,5,1317,4.0,4,30.0,30.600000000000005,27.0,14.100000000000001,15.400000000000002,82.6,74.60000000000001,46.4,36.4,9.923850899212994,9.923850899212994,9.923850899212994,9.923850899212994,0.6141837151692267
183,26.19171711048212,100.0,21.775,9.486146679924094,6537.417002399161,7,7,1318,4.0,4,0.0,33.0,32.0,11.0,10.0,92.0,72.0,35.0,21.0,9.531356001389213,9.531356001389213,9.531356001389213,9.531356001389213,0.6127664395516681
184,2.1888487633589744,100.0,21.5,11.01135777277262,2898.992919988814,1,1,1324,4.0,4,33.33333333333334,31.5,41.0,11.0,13.0,82.0,93.0,35.0,26.0,14.940691328471681,14.940691328471681,14.940691328471681,14.940691328471681,0.6110956933435407
185,14.67753975314164,100.0,24.125000000000004,12.669525688881064,3848.3889598307237,4,4,1339,4.0,4,20.0,26.13333333333333,39.86666666666665,24.53333333333334,15.333333333333329,53.2,90.73333333333335,71.59999999999998,29.26666666666667,10.608245866994062,10.608245866994062,10.608245866994062,10.608245866994062,0.6089177429802981
186,44.01018930149969,100.0,26.466666666666672,9.797284373319526,4840.15143919775,12,12,1342,4.0,4,100.0,21.0,12.0,26.0,25.333333333333336,45.0,27.999999999999996,62.0,62.0,10.49620533497849,10.49620533497849,10.49620533497849,10.49620533497849,0.6080231976195085
187,8.74022130370446,100.0,21.083333333333336,6.043725133014131,13224.562301334421,0,0,1358,4.0,4,50.0,21.0625,26.625,19.625,19.75,34.0,86.625,39.81249999999999,55.99999999999999,10.022472939454019,10.022472939454019,10.022472939454019,10.022472939454019,0.605474588402375
188,40.648876791789476,100.0,21.765625,5.593516505414076,4580.6580553744425,8,8,1369,4.0,4,27.272727272727266,18.636363636363633,24.363636363636367,10.0,27.81818181818181,22.18181818181818,76.18181818181819,21.0,83.54545454545455,11.946410995072007,11.946410995072007,11.946410995072007,11.946410995072007,0.6036969209026631
189,23.50482027039314,100.0,20.204545454545457,7.759294376691939,4271.052244275448,8,8,1385,4.0,4,31.25,24.374999999999996,1.4375,8.625,34.12499999999999,45.625,1.8125000000000002,15.312500000000002,92.625,10.264173562063661,10.264173562063661,10.264173562063661,10.264173562063661,0.6011664458435021
190,14.587931104778109,100.0,17.140625,13.632950193409304,4127.172123062337,11,11,1394,4.0,4,22.222222222222214,38.111111111111114,1.7777777777777777,13.333333333333334,29.444444444444446,84.1111111111111,2.444444444444445,23.33333333333334,82.22222222222221,10.287042218907219,10.287042218907219,10.287042218907219,10.287042218907219,0.5990238834046633
191,14.17585129348571,100.0,20.666666666666668,15.038065712954218,5018.001195111235,7,7,1409,4.0,4,46.666666666666664,27.39999999999999,7.0666666666666655,6.200000000000001,18.466666666666672,52.06666666666666,12.266666666666671,10.600000000000003,67.46666666666667,12.43413993603705,12.43413993603705,12.43413993603705,12.43413993603705,0.5965129959969043
192,21.26167419766919,100.0,14.783333333333335,9.179838082597998,6152.965755933353,8,8,1428,4.0,4,52.631578947368425,35.631578947368425,10.578947368421055,6.157894736842106,31.05263157894736,73.21052631578947,34.473684210526315,10.578947368421057,64.63157894736842,11.087963211282744,11.087963211282744,11.087963211282744,11.087963211282744,0.5940126333040173
193,37.11309558746566,100.0,20.855263157894736,13.280297352334195,4548.8467265776735,9,9,1429,4.0,4,0.0,45.0,22.0,8.0,35.0,85.0,82.0,14.000000000000002,59.0,10.394077995442785,10.394077995442785,10.394077995442785,10.394077995442785,0.5935138198457811
194,3.153893141242291,100.0,27.500000000000004,13.901438774457844,3025.7824180007447,1,1,1441,4.0,4,33.33333333333334,34.16666666666667,22.5,5.000000000000001,40.75,61.83333333333333,72.00000000000001,8.333333333333336,75.16666666666669,15.916886418078017,15.916886418078017,15.916886418078017,15.916886418078017,0.5912743377409203
195,31.85858417730337,100.0,25.604166666666668,14.3000105654377,7773.355553335326,8,8,1443,4.0,4,100.0,11.0,15.0,4.0,31.0,11.0,25.0,6.0,59.0,11.52428950445028,11.52428950445028,11.52428950445028,11.52428950445028,0.5902817266525038
196,2.275736735076068,100.0,15.250000000000002,9.957762485815728,2835.587736495654,0,0,1453,4.0,4,30.0,11.000000000000002,19.8,0.9999999999999999,35.9,11.000000000000002,37.0,0.9999999999999999,78.0,9.84834730043076,9.84834730043076,9.84834730043076,9.84834730043076,0.5878074831447857
197,10.918519960757617,100.0,16.925,12.928692830310522,4568.58276300045,7,7,1464,4.0,4,54.54545454545455,15.727272727272727,33.18181818181819,10.818181818181817,44.81818181818182,26.18181818181818,87.18181818181819,21.90909090909091,92.36363636363637,11.71862036624754,11.71862036624754,11.71862036624754,11.71862036624754,0.585589532533378
198,24.982844831276847,100.0,26.136363636363637,13.88430511111226,3999.9261846374297,5,5,1476,4.0,4,25.0,32.58333333333333,17.41666666666666,15.999999999999998,30.583333333333336,79.66666666666667,55.91666666666666,31.0,60.916666666666664,10.868159001499103,10.868159001499103,10.868159001499103,10.868159001499103,0.5831349569745595
199,36.23643006548838,100.0,24.145833333333332,9.597996133410842,5876.08403216412,9,9,1481,4.0,4,60.0,34.0,2.2,16.8,7.000000000000001,69.80000000000001,3.0,44.2,11.000000000000002,12.161640007980168,12.161640007980168,12.161640007980168,12.161640007980168,0.5820337572374431
200,4.942852989644328,100.0,15.000000000000002,12.255124285267991,8378.416159393964,2,2,1491,4.0,4,70.0,17.8,24.1,14.6,19.6,23.700000000000003,73.1,43.0,39.6,11.934647700400092,11.934647700400092,11.934647700400092,11.934647700400092,0.5795940861785334
201,25.05051986579985,100.0,19.025,4.628565069098374,5124.6659729018575,3,3,1509,4.0,4,27.777777777777786,23.0,31.944444444444443,10.944444444444446,15.111111111111109,53.49999999999999,84.05555555555554,28.333333333333332,32.16666666666666,14.097563780119849,14.097563780119849,14.097563780119849,14.097563780119849,0.5771646413218012
202,38.81550685792215,100.0,20.25,9.61706380905531,5809.828898387625,13,13,1521,4.0,4,50.0,21.5,30.916666666666675,12.499999999999998,19.499999999999996,29.33333333333333,86.58333333333333,37.5,62.16666666666666,10.92076691808567,10.92076691808567,10.92076691808567,10.92076691808567,0.5753492428320098
203,31.467793367681736,100.0,21.104166666666668,7.231146971948093,4843.745732917644,6,6,1533,4.0,4,75.0,30.5,23.999999999999996,11.75,24.083333333333332,47.833333333333336,55.00000000000001,30.58333333333333,57.91666666666666,16.273983749366987,16.273983749366987,16.273983749366987,16.273983749366987,0.5729375907945656
204,29.213213626673724,100.0,22.583333333333336,9.426828189417678,6589.23141774964,3,3,1534,4.0,4,0.0,49.0,15.0,12.0,30.0,85.0,25.0,48.0,52.0,8.58546799281612,8.58546799281612,8.58546799281612,8.58546799281612,0.5722160683222778
205,2.9085127866321514,100.0,26.5,14.671400751121212,3349.8160830058623,1,1,1540,4.0,4,50.0,45.333333333333336,8.666666666666668,15.666666666666668,33.99999999999999,79.0,13.999999999999998,64.0,58.66666666666668,91.36432666612866,91.36432666612866,91.36432666612866,91.36432666612866,0.5712554516032148
206,15.767193404722448,100.0,25.916666666666664,14.993133149032904,6675.259211335894,3,3,1544,4.0,4,50.0,24.5,3.25,20.25,23.5,38.5,6.0,64.0,40.0,10.467363252246287,10.467363252246287,10.467363252246287,10.467363252246287,0.5702964475345683
207,6.837332766335605,100.0,17.875000000000004,9.457009666412077,7899.600591503258,2,2,1553,4.0,4,55.55555555555556,11.0,18.77777777777778,29.777777777777782,17.333333333333336,11.0,49.666666666666664,84.33333333333334,33.44444444444445,10.52288510901336,10.52288510901336,10.52288510901336,10.52288510901336,0.5679059749532991
208,17.52992326987229,100.0,19.22222222222222,7.811691402821565,3770.5904978906296,4,4,1554,4.0,4,100.0,20.0,28.000000000000004,36.0,23.0,31.0,82.0,99.0,45.0,8.99001699872315,8.99001699872315,8.99001699872315,8.99001699872315,0.5664765036870307
209,3.0847441769264243,100.0,26.75,6.057020719792859,3100.5630919971736,0,0,1569,4.0,4,26.66666666666667,25.999999999999996,26.400000000000013,36.46666666666666,25.80000000000001,41.13333333333333,77.19999999999997,93.53333333333332,65.00000000000001,11.592974865925498,11.592974865925498,11.592974865925498,11.592974865925498,0.5641020429029048
210,55.97239525463066,100.0,28.666666666666675,5.750772249278566,4133.032519202486,11,11,1572,4.0,4,66.66666666666667,34.0,21.333333333333336,32.0,20.000000000000004,55.00000000000001,47.333333333333336,65.0,62.0,9.01287599602559,9.01287599602559,9.01287599602559,9.01287599602559,0.5630367851715311
211,11.210244705925282,100.0,26.833333333333332,6.449093306500907,4838.879913334192,1,1,1580,4.0,4,62.5,23.5,34.125,37.25000000000001,8.5,33.0,65.625,75.125,28.000000000000004,9.923313749823137,9.923313749823137,9.923313749823137,9.923313749823137,0.5606767424200515
212,22.541738126459716,100.0,25.84375,11.73806360288481,6363.497376876694,3,3,1589,4.0,4,77.77777777777777,26.555555555555554,36.00000000000001,28.000000000000004,1.666666666666667,46.44444444444444,66.33333333333333,56.111111111111114,2.111111111111111,20.05977599926862,20.05977599926862,20.05977599926862,20.05977599926862,0.5592654677930848
213,19.286049819172206,100.0,23.055555555555557,13.377220660752567,7874.732657442412,2,2,1605,4.0,4,87.5,21.125,13.874999999999998,16.9375,18.125000000000004,31.75,35.87499999999999,34.5,47.24999999999999,24.18923200093559,24.18923200093559,24.18923200093559,24.18923200093559,0.5571552136336879
214,31.78497481068817,100.0,17.515625,6.484057691486165,7006.72076706087,2,2,1619,4.0,4,21.42857142857143,17.42857142857143,17.5,37.357142857142854,20.999999999999993,20.28571428571428,57.78571428571427,81.71428571428572,56.57142857142856,17.041156218121095,17.041156218121095,17.041156218121095,17.041156218121095,0.5548198242630189
215,39.203368503688324,100.0,23.321428571428573,8.641166374902278,7038.795131073649,11,11,1634,4.0,4,26.66666666666667,15.666666666666668,17.0,39.8,1.7333333333333332,26.866666666666667,55.399999999999984,81.19999999999999,4.133333333333333,14.291739935288206,14.291739935288206,14.291739935288206,14.291739935288206,0.5527263446736443
216,25.314254071219597,100.0,18.550000000000008,14.011377065590999,4171.840789132209,11,11,1652,4.0,4,16.666666666666657,18.222222222222218,15.833333333333332,45.83333333333333,12.11111111111111,35.55555555555556,50.83333333333333,81.27777777777777,45.11111111111111,10.770000831851373,10.770000831851373,10.770000831851373,10.770000831851373,0.5504095194898305
217,48.42936212657058,100.0,23.0,13.659363893006649,5791.4349414447015,15,15,1670,4.0,4,61.11111111111111,20.72222222222222,7.000000000000001,31.38888888888889,8.000000000000002,30.888888888888893,14.333333333333334,66.38888888888889,15.555555555555555,10.46819016321226,10.46819016321226,10.46819016321226,10.46819016321226,0.5481024055835491
218,22.7346779298104,100.0,16.77777777777778,10.885615606404969,4762.686155778485,7,7,1673,4.0,4,33.33333333333334,26.0,10.000000000000002,42.0,3.0000000000000004,41.0,21.0,93.0,4.333333333333334,9.999337999033742,9.999337999033742,9.999337999033742,9.999337999033742,0.5476421445704523
219,3.3148931364352983,100.0,20.25,15.101921054372324,3089.523853001689,2,2,1681,4.0,4,50.0,28.249999999999996,19.5,38.625,8.25,46.25,51.75000000000001,85.125,15.25,10.93898712497321,10.93898712497321,10.93898712497321,10.93898712497321,0.5463784186860345
220,17.896576101926776,100.0,23.65625,11.606163970474185,3968.5001529978763,4,4,1695,4.0,4,42.85714285714286,22.928571428571427,7.214285714285714,12.642857142857148,22.857142857142865,43.57142857142858,19.857142857142847,30.785714285714285,71.64285714285714,11.395650429351788,11.395650429351788,11.395650429351788,11.395650429351788,0.5440882016690556
221,22.58504099138404,100.0,16.41071428571429,9.237199389168614,7261.768082928029,8,8,1702,4.0,4,28.57142857142857,28.999999999999996,1.8571428571428572,27.71428571428572,20.857142857142854,57.99999999999999,2.428571428571429,92.0,68.71428571428571,14.011004428279453,14.011004428279453,14.011004428279453,14.011004428279453,0.5429466955841528
222,13.687098572493037,100.0,19.857142857142858,11.232541881131755,4633.516378002241,5,5,1710,4.0,4,62.5,14.75,6.0,22.499999999999996,10.375,22.249999999999996,10.0,70.625,28.749999999999996,47.00446049719176,47.00446049719176,47.00446049719176,47.00446049719176,0.5406708630859921
223,9.979709715704592,100.0,13.40625,6.436872503625982,13618.495914501182,3,3,1711,4.0,4,100.0,18.0,1.0,28.000000000000004,1.0,21.0,1.0,82.0,1.0,8.812280997517519,8.812280997517519,8.812280997517519,8.812280997517519,0.540443805167081
224,0.6203624198949498,100.0,12.000000000000002,11.554220008291345,3924.945293008932,0,0,1723,4.0,4,33.33333333333334,28.083333333333332,0.9999999999999999,32.66666666666667,3.5833333333333335,64.08333333333333,0.9999999999999999,89.33333333333331,7.916666666666668,11.567765919608064,11.567765919608064,11.567765919608064,11.567765919608064,0.5387439074299805
225,12.038527297267013,100.0,16.33333333333333,14.290832344518542,3889.5233245008662,8,8,1726,4.0,4,33.33333333333334,28.999999999999996,3.0000000000000004,34.99999999999999,7.000000000000001,68.0,4.333333333333334,93.0,11.0,8.965572007582523,8.965572007582523,8.965572007582523,8.965572007582523,0.5379524526422018
226,3.4400191098684187,100.0,18.499999999999996,13.771454819886223,2629.2844340011166,2,2,1735,4.0,4,22.222222222222214,31.0,10.0,21.22222222222222,17.555555555555557,72.66666666666667,17.666666666666668,51.22222222222222,52.77777777777778,12.990801664677242,12.990801664677242,12.990801664677242,12.990801664677242,0.5356975541703157
227,15.123187360786815,100.0,19.944444444444446,11.223573412061876,3659.001089889595,7,7,1745,4.0,4,70.0,19.0,32.800000000000004,17.9,28.000000000000007,25.5,80.4,49.00000000000001,93.0,10.64479569758987,10.64479569758987,10.64479569758987,10.64479569758987,0.5337883234305116
228,27.33001474247575,100.0,24.425,7.764549889104995,4306.066093400295,3,3,1751,4.0,4,33.33333333333334,30.166666666666668,35.0,29.166666666666668,28.000000000000004,60.333333333333336,86.0,83.49999999999999,93.0,11.817651000455953,11.817651000455953,11.817651000455953,11.817651000455953,0.5330041487634518
229,27.60284639590288,100.0,30.583333333333336,3.3643026495379695,3802.8554863340105,4,4,1753,4.0,4,50.0,36.0,28.000000000000004,35.0,6.5,72.0,76.0,93.0,24.5,29.786835992126726,29.786835992126726,29.786835992126726,29.786835992126726,0.5322211261071825
230,6.106752899956345,100.0,26.375,11.898250875707076,4392.061678998289,1,1,1757,4.0,4,25.0,42.75,20.75,35.0,12.0,87.0,52.0,93.0,48.0,17.55138099906617,17.55138099906617,17.55138099906617,17.55138099906617,0.5303242853872158
231,13.46589260829909,100.0,27.625,12.478122334175874,6669.446846251958,3,3,1776,4.0,4,42.10526315789473,17.157894736842103,15.789473684210526,29.315789473684212,23.36842105263158,25.10526315789474,28.736842105263154,70.10526315789474,60.63157894736841,24.77148784198921,24.77148784198921,24.77148784198921,24.77148784198921,0.5281013613818504
232,43.60510359043041,100.0,21.4078947368421,7.650366892174601,5485.049846526204,11,11,1795,4.0,4,42.10526315789473,14.263157894736844,16.42105263157895,39.78947368421053,18.789473684210524,21.947368421052634,33.05263157894736,90.89473684210529,52.89473684210526,11.1034573668516,11.1034573668516,11.1034573668516,11.1034573668516,0.5258877550548747
233,37.63578793601107,100.0,22.31578947368421,12.17241878424082,5943.692972736531,11,11,1810,4.0,4,33.33333333333334,28.000000000000004,24.40000000000001,42.66666666666667,1.0,49.53333333333333,53.599999999999994,93.53333333333336,1.0,10.975141267408617,10.975141267408617,10.975141267408617,10.975141267408617,0.5236834273500142
234,29.06703296432441,100.0,24.016666666666666,15.560241775591932,3815.312129733502,10,10,1814,4.0,4,50.0,35.0,21.5,27.749999999999996,2.5,79.0,47.0,59.50000000000001,3.5000000000000004,10.182291000091936,10.182291000091936,10.182291000091936,10.182291000091936,0.5228042855648428
235,8.79790355441041,100.0,21.6875,12.983670327008282,4234.872613749758,2,2,1824,4.0,4,50.0,29.599999999999998,34.4,14.000000000000002,9.5,69.10000000000001,83.0,34.4,16.5,10.420800099382177,10.420800099382177,10.420800099382177,10.420800099382177,0.521488339374704
236,22.29746588998568,100.0,21.875,11.431626062386641,4136.601951500052,5,5,1825,4.0,4,0.0,23.0,25.0,21.0,16.0,57.99999999999999,59.0,69.0,28.000000000000004,9.373433000291698,9.373433000291698,9.373433000291698,9.373433000291698,0.5206128826279744
237,3.198178820488355,100.0,21.25,3.344772040064913,9023.222000003443,1,1,1836,4.0,4,27.272727272727266,21.454545454545457,31.0,28.636363636363637,15.999999999999998,50.36363636363637,68.99999999999999,82.63636363636363,28.000000000000007,10.479782181474464,10.479782181474464,10.479782181474464,10.479782181474464,0.518430665244791
238,34.56742108413195,100.0,24.27272727272727,6.37657112203029,3891.713679544575,8,8,1838,4.0,4,50.0,18.0,17.0,27.0,11.5,21.0,45.0,69.0,19.5,11.54447650333168,11.54447650333168,11.54447650333168,11.54447650333168,0.5172343470697907
239,4.198311953279518,100.0,18.375,5.664900091708675,6997.57006100117,1,1,1850,4.0,4,66.66666666666667,18.916666666666668,16.916666666666668,25.41666666666667,15.83333333333333,24.916666666666664,48.166666666666664,71.58333333333333,46.33333333333333,10.586484001881521,10.586484001881521,10.586484001881521,10.586484001881521,0.5150662912628393
240,31.319049424906325,100.0,19.270833333333336,4.493175837615201,5471.036306001527,4,4,1865,4.0,4,20.0,15.46666666666667,22.33333333333333,26.8,24.66666666666667,18.33333333333334,67.79999999999998,75.33333333333334,82.26666666666665,10.273297934327275,10.273297934327275,10.273297934327275,10.273297934327275,0.5129073231470065
241,41.32497479615767,100.0,22.316666666666666,6.145821661125757,5633.005876931323,12,12,1875,4.0,4,70.0,24.0,25.4,5.2,20.0,44.6,62.20000000000001,8.8,48.3,12.887231199420057,12.887231199420057,12.887231199420057,12.887231199420057,0.5112940379365484
242,19.347152442303734,100.0,18.65,10.075328208284665,5447.175920299196,3,3,1877,4.0,4,100.0,30.0,18.0,12.0,35.0,65.0,48.0,21.000000000000004,82.0,9.595266492397059,9.595266492397059,9.595266492397059,9.595266492397059,0.5106501455750673
243,5.936882380849207,100.0,23.75,9.250628778003295,3447.3404934979044,0,0,1878,4.0,4,100.0,36.0,18.0,16.0,26.0,75.0,48.0,28.000000000000004,62.0,8.648212999105453,8.648212999105453,8.648212999105453,8.648212999105453,0.5101141880716412
244,3.13213344027513,100.0,24.000000000000004,7.874007874011811,3165.7259700004943,0,0,1879,4.0,4,0.0,28.000000000000004,18.0,16.0,26.0,55.00000000000001,48.0,28.000000000000004,62.0,15.021201004856266,15.021201004856266,15.021201004856266,15.021201004856266,0.5098999626086868
245,2.998803076058011,100.0,22.0,5.099019513592785,2310.675770000671,1,1,1880,4.0,4,0.0,28.000000000000004,18.0,16.0,26.0,55.00000000000001,48.0,28.000000000000004,62.0,11.773569000069983,11.773569000069983,11.773569000069983,11.773569000069983,0.5091508817167656
246,2.998803076058011,100.0,22.0,5.099019513592785,2870.3698619938223,1,1,1891,4.0,4,36.36363636363637,35.27272727272727,15.909090909090908,27.636363636363644,19.454545454545453,79.72727272727272,35.54545454545454,72.36363636363637,44.54545454545455,10.550232731144536,10.550232731144536,10.550232731144536,10.550232731144536,0.5073362635483525
247,35.13618448544173,100.0,24.568181818181813,8.453606568913836,5736.391150908524,7,7,1907,4.0,4,25.0,18.625,12.1875,27.937500000000004,14.5625,31.75,21.500000000000004,88.9375,24.3125,10.197553750003863,10.197553750003863,10.197553750003863,10.197553750003863,0.5052096968605554
248,24.993155624284846,100.0,18.328125,7.171065018307088,3855.670696375455,12,12,1908,4.0,4,100.0,21.0,17.0,18.0,7.000000000000001,45.0,45.0,48.0,11.0,9.859395009698346,9.859395009698346,9.859395009698346,9.859395009698346,0.5038322108710215
249,2.059176035568363,100.0,15.750000000000004,5.261891294962297,3330.1331070106244,0,0,1911,4.0,4,100.0,21.0,17.0,24.0,15.666666666666664,45.0,45.0,62.0,25.666666666666664,12.190051667857915,12.190051667857915,12.190051667857915,12.190051667857915,0.5031977154770263
250,8.074205073897934,100.0,19.416666666666668,3.8680450720768746,4492.318512997978,0,0,1924,4.0,4,53.84615384615385,24.384615384615387,11.000000000000004,29.461538461538467,29.769230769230763,50.07692307692309,35.0,73.0,55.00000000000001,11.355480307919116,11.355480307919116,11.355480307919116,11.355480307919116,0.5010884960578884
251,41.60973145277784,100.0,23.653846153846157,8.145661038835716,4820.272660154912,6,6,1941,4.0,4,41.17647058823529,16.294117647058826,10.411764705882353,37.70588235294118,24.117647058823533,22.76470588235294,32.99999999999999,84.23529411764706,49.17647058823529,10.503399704569294,10.503399704569294,10.503399704569294,10.503399704569294,0.49898811770940965
252,36.76309251179949,100.0,22.13235294117647,10.683064932742225,4350.934424529174,10,10,1951,4.0,4,30.0,36.0,11.000000000000002,35.099999999999994,32.99999999999999,85.4,35.0,82.0,81.0,10.795999197580386,10.795999197580386,10.795999197580386,10.795999197580386,0.49689654337307965
253,36.564289362022095,100.0,28.775000000000006,10.767806691397109,3641.340074298205,7,7,1954,4.0,4,33.33333333333334,40.00000000000001,3.0000000000000004,28.333333333333332,28.000000000000004,98.99999999999999,4.333333333333334,64.33333333333333,76.00000000000001,9.533338665884608,9.533338665884608,9.533338665884608,9.533338665884608,0.4964792817370655
254,7.137197014858485,100.0,24.833333333333332,13.642932808941662,5990.083130333612,2,2,1958,4.0,4,75.0,35.0,9.0,20.0,28.250000000000004,85.5,14.500000000000002,50.0,70.5,11.735005002265098,11.735005002265098,11.735005002265098,11.735005002265098,0.4954376599570074
255,10.277068314445483,100.0,23.062500000000004,10.381492169305794,5949.4984774974,1,1,1964,4.0,4,66.66666666666667,11.0,17.166666666666668,1.9999999999999998,33.5,11.0,35.666666666666664,2.666666666666667,72.33333333333333,21.170477831522778,21.170477831522778,21.170477831522778,21.170477831522778,0.49336096783140254
256,6.606112768233529,100.0,15.916666666666668,11.605939896207573,7397.045504665584,2,2,1965,4.0,4,100.0,20.0,17.0,1.0,41.0,31.0,35.0,1.0,93.0,10.214434994850308,10.214434994850308,10.214434994850308,10.214434994850308,0.492532730351771
257,1.1151820683360114,100.0,19.75,14.236836024903846,3889.502938996884,0,0,1978,4.0,4,30.769230769230774,29.53846153846154,18.15384615384615,2.230769230769231,35.61538461538462,73.38461538461539,37.15384615384615,3.923076923076923,81.76923076923077,13.16228346079767,13.16228346079767,13.16228346079767,13.16228346079767,0.4909835308498651
258,24.089378799258817,100.0,21.384615384615387,13.276526514008744,6245.477269920789,9,9,1980,4.0,4,50.0,39.0,18.0,11.5,28.500000000000004,92.0,42.0,19.5,65.5,10.521185999095906,10.521185999095906,10.521185999095906,10.521185999095906,0.4904682146207446
259,4.715185261271145,100.0,24.25,10.653065934036352,5215.898572998412,1,1,1981,4.0,4,0.0,39.0,21.0,15.0,15.0,92.0,69.0,25.0,25.0,15.003653010353446,15.003653010353446,15.003653010353446,15.003653010353446,0.48985054902421604
260,2.14379538589532,100.0,22.5,9.836157786453002,8106.022766995011,1,1,1988,4.0,4,42.85714285714286,21.857142857142858,32.14285714285715,15.0,15.857142857142856,33.714285714285715,87.57142857142857,25.0,26.42857142857143,10.364013854996301,10.364013854996301,10.364013854996301,10.364013854996301,0.48779727600906003
261,15.691583952640556,100.0,21.214285714285715,7.150461872537252,3975.440251285493,4,4,2005,4.0,4,29.411764705882348,12.411764705882353,34.70588235294118,6.764705882352942,11.470588235294118,16.52941176470588,91.47058823529413,10.882352941176471,20.176470588235293,11.555211294976557,11.555211294976557,11.555211294976557,11.555211294976557,0.4857526095578513
262,16.41680674784325,100.0,16.338235294117645,11.904333004642705,4511.203646939762,12,12,2017,4.0,4,33.33333333333334,15.666666666666664,12.41666666666667,0.9999999999999999,30.166666666666668,18.583333333333332,45.33333333333334,0.9999999999999999,68.58333333333334,11.057138166506775,11.057138166506775,11.057138166506775,11.057138166506775,0.4837165135950447
263,13.26198036016983,100.0,14.812500000000004,10.803233477707892,4058.6210202515454,8,8,2027,4.0,4,20.0,19.0,15.4,0.9999999999999999,40.199999999999996,24.000000000000004,55.00000000000001,0.9999999999999999,94.3,10.802128897921648,10.802128897921648,10.802128897921648,10.802128897921648,0.4816889521963109
264,12.45971125237978,100.0,18.9,14.164439051061068,4044.5239052991383,8,8,2030,4.0,4,33.33333333333334,19.000000000000004,21.0,3.3333333333333335,33.0,24.0,69.0,5.333333333333334,79.0,9.656139329308644,9.656139329308644,9.656139329308644,9.656139329308644,0.480880309296393
265,5.9416896335640335,100.0,19.083333333333332,10.579930250554542,3399.328343332551,2,2,2043,4.0,4,38.46153846153846,14.692307692307697,18.384615384615383,21.076923076923077,27.769230769230774,17.0,38.076923076923066,64.0,60.92307692307691,10.664558771308153,10.664558771308153,10.664558771308153,10.664558771308153,0.4791664476938381
266,26.081532433759577,100.0,20.48076923076923,8.278005613360518,4339.551957076765,8,8,2056,4.0,4,38.46153846153846,13.07692307692308,11.076923076923077,27.846153846153847,27.076923076923077,17.000000000000004,27.692307692307693,90.15384615384617,79.53846153846153,9.998214152381898,9.998214152381898,9.998214152381898,9.998214152381898,0.47735842798312816
267,26.812881611150278,100.0,19.769230769230774,8.445890100091619,4646.807664382952,8,8,2067,4.0,4,9.090909090909093,18.727272727272723,18.999999999999996,24.90909090909091,31.181818181818183,22.81818181818182,78.54545454545455,76.72727272727272,82.81818181818183,11.153809452397665,11.153809452397665,11.153809452397665,11.153809452397665,0.475357517336631
268,32.816090429733414,100.0,23.45454545454545,6.626446967845781,4719.412310365111,10,10,2068,4.0,4,0.0,26.0,23.0,20.0,13.0,41.0,96.0,62.0,21.0,8.937966005760245,8.937966005760245,8.937966005760245,8.937966005760245,0.4733649937703246
269,2.334504865512874,100.0,20.5,4.8218253804964775,2685.454172999016,1,1,2079,4.0,4,18.181818181818173,24.181818181818183,20.0,26.000000000000007,8.090909090909092,39.54545454545455,69.0,86.00000000000001,12.818181818181817,11.824979180925187,11.824979180925187,11.824979180925187,11.824979180925187,0.4713808221286591
270,22.975579144963525,100.0,19.568181818181817,7.338565118810641,6626.6893341856885,9,9,2087,4.0,4,62.5,30.0,18.625000000000004,28.000000000000004,14.000000000000002,65.0,36.25000000000001,92.5,32.25,69.79834324738476,69.79834324738476,69.79834324738476,69.79834324738476,0.4703918573337678
271,21.268897826063686,100.0,22.65625,7.028302494558717,3693.327390375998,3,3,2101,4.0,4,21.42857142857143,21.0,19.64285714285714,33.714285714285715,13.5,45.00000000000001,39.28571428571427,95.00000000000003,34.28571428571428,12.761455571827744,12.761455571827744,12.761455571827744,12.761455571827744,0.4684201479845866
272,32.54323078177178,100.0,21.964285714285708,7.961304652117309,4228.113583071848,11,11,2113,4.0,4,66.66666666666667,28.333333333333332,1.7500000000000004,16.75,23.333333333333336,56.91666666666667,2.666666666666667,34.416666666666664,69.83333333333334,12.442420499913473,12.442420499913473,12.442420499913473,12.442420499913473,0.4664567033145172
273,20.207588052506093,100.0,17.541666666666668,11.344452639146485,6342.752570913338,4,4,2118,4.0,4,100.0,28.999999999999996,8.600000000000001,14.200000000000001,21.6,57.99999999999999,13.799999999999999,27.0,44.400000000000006,10.881695803254843,10.881695803254843,10.881695803254843,10.881695803254843,0.46479424756906396
274,9.752440017684975,100.0,18.349999999999998,8.119048442081056,3624.0411458013114,0,0,2132,4.0,4,42.85714285714286,23.428571428571423,26.35714285714285,31.071428571428566,22.64285714285715,45.14285714285715,60.357142857142854,73.42857142857143,43.42857142857143,11.253750786376518,11.253750786376518,11.253750786376518,11.253750786376518,0.46284600133756665
275,46.05725643697659,100.0,25.874999999999996,5.856906280254342,4365.816576144425,8,8,2133,4.0,4,100.0,23.0,26.0,26.0,7.000000000000001,57.99999999999999,62.0,65.0,11.0,10.835890992893837,10.835890992893837,10.835890992893837,10.835890992893837,0.462166046207289
276,2.6098617213222948,100.0,20.5,7.889866919029751,9870.139314996777,0,0,2141,4.0,4,25.0,23.0,21.000000000000004,27.750000000000004,4.75,57.99999999999999,45.0,76.375,7.249999999999999,9.90557337354403,9.90557337354403,9.90557337354403,9.90557337354403,0.4602288164275346
277,17.089495619436356,100.0,19.125000000000004,8.945428026147496,4881.864371129268,6,6,2142,4.0,4,100.0,31.0,8.0,20.0,1.0,79.0,14.000000000000002,62.0,1.0,14.125102999969386,14.125102999969386,14.125102999969386,14.125102999969386,0.4594562000678593
278,1.433774663094415,100.0,15.000000000000002,11.467344941179714,8993.41435500537,0,0,2144,4.0,4,100.0,31.0,1.0,26.0,4.0,79.0,1.0,72.0,6.0,8.374468998226803,8.374468998226803,8.374468998226803,8.374468998226803,0.45849225332813026
279,2.6487665670917506,100.0,15.500000000000004,13.210269493943066,2780.477605498163,0,0,2162,4.0,4,11.111111111111114,37.05555555555555,1.0000000000000002,34.5,12.83333333333333,85.88888888888889,1.0000000000000002,91.83333333333334,21.444444444444446,10.026268053883946,10.026268053883946,10.026268053883946,10.026268053883946,0.4565704227345094
280,27.194724528973715,100.0,21.34722222222222,15.193233379097713,3632.155953279127,16,16,2168,4.0,4,50.0,45.0,10.166666666666666,20.833333333333336,22.0,96.0,40.166666666666664,52.66666666666667,37.99999999999999,8.889878168702126,8.889878168702126,8.889878168702126,8.889878168702126,0.45465664774663483
281,14.67650416520959,100.0,24.500000000000004,12.956743293275972,4265.079088332034,3,3,2184,4.0,4,18.75,33.56249999999999,21.5625,11.0,24.25,71.3125,70.24999999999999,35.0,65.75,10.947393438982544,10.947393438982544,10.947393438982544,10.947393438982544,0.4527508945983754
282,49.34887465580813,100.0,22.59375,9.36016280122891,4166.846895873277,13,13,2199,4.0,4,40.0,12.066666666666668,30.4,2.7333333333333334,35.46666666666667,12.733333333333336,67.86666666666667,6.200000000000001,91.86666666666667,11.754673866865536,11.754673866865536,11.754673866865536,11.754673866865536,0.45113728647432905
283,20.64189582964186,100.0,20.166666666666668,13.777536225886939,6752.272456801923,9,9,2210,4.0,4,63.63636363636363,21.545454545454547,18.454545454545457,14.27272727272727,29.636363636363633,28.09090909090909,43.72727272727271,35.727272727272734,63.18181818181819,204.59747372660786,204.59747372660786,204.59747372660786,204.59747372660786,0.4492462851918079
284,25.933820483279202,100.0,20.977272727272727,8.63838774403388,8506.191981183789,4,4,2220,4.0,4,90.0,19.099999999999998,21.400000000000002,8.299999999999999,19.7,25.7,37.0,28.7,49.800000000000004,13.77452870074194,13.77452870074194,13.77452870074194,13.77452870074194,0.44736321028992004
285,20.250594711835248,100.0,17.125,5.854857640030424,5004.432183099561,1,1,2228,4.0,4,37.5,18.75,20.0,12.0,28.999999999999996,37.0,38.74999999999999,48.0,83.0,11.907164376680157,11.907164376680157,11.907164376680157,11.907164376680157,0.44614344638151415
286,19.168123108098825,100.0,19.9375,8.623385723373959,5691.500988123153,5,5,2243,4.0,4,46.666666666666664,26.200000000000006,19.133333333333333,8.333333333333334,37.2,66.39999999999998,55.39999999999999,32.33333333333333,78.93333333333334,13.36255766703592,13.36255766703592,13.36255766703592,13.36255766703592,0.4442733774366723
287,46.25773229423668,100.0,22.716666666666672,10.958817410195643,6030.926105998999,8,8,2253,4.0,4,50.0,33.599999999999994,29.5,1.9,44.699999999999996,65.0,68.0,3.0,76.1,11.850919100106694,11.850919100106694,11.850919100106694,11.850919100106694,0.4431551007228801
288,23.823436035969642,100.0,27.425,16.357570414902128,6505.273136602773,5,5,2262,4.0,4,44.44444444444444,21.88888888888889,16.000000000000004,6.000000000000001,38.111111111111114,32.88888888888889,31.11111111111111,12.11111111111111,79.55555555555556,12.09768477807908,12.09768477807908,12.09768477807908,12.09768477807908,0.4412975578219777
289,13.97080153703207,100.0,20.5,12.967651614527787,6011.8685591118665,5,5,2271,4.0,4,33.33333333333334,14.11111111111111,7.1111111111111125,13.666666666666666,32.77777777777777,15.444444444444446,12.222222222222223,36.99999999999999,80.77777777777777,10.700271886889823,10.700271886889823,10.700271886889823,10.700271886889823,0.43972476948976463
290,13.739023362860241,100.0,16.916666666666664,10.102656139101203,4084.502707998682,6,6,2277,4.0,4,33.33333333333334,16.0,3.666666666666666,21.0,35.5,27.999999999999996,8.333333333333332,69.0,85.83333333333333,13.007058500079438,13.007058500079438,13.007058500079438,13.007058500079438,0.4385258322702554
291,12.022330408274872,100.0,19.041666666666668,11.67039104682038,4624.630807328988,4,4,2288,4.0,4,18.181818181818173,21.0,10.545454545454545,15.272727272727273,45.36363636363637,45.0,21.90909090909091,55.63636363636365,89.81818181818183,23.155993268698115,23.155993268698115,23.155993268698115,23.155993268698115,0.4370547038798176
292,27.069629968003415,100.0,23.045454545454543,13.61446088389151,3864.8273129087597,9,9,2291,4.0,4,33.33333333333334,21.0,20.666666666666668,15.0,43.0,45.0,40.33333333333333,54.99999999999999,79.0,10.872127997572534,10.872127997572534,10.872127997572534,10.872127997572534,0.4362293640176442
293,8.831942133180284,100.0,24.916666666666664,10.922676015469026,6055.412365002364,2,2,2310,4.0,4,42.10526315789473,22.26315789473684,10.105263157894738,14.473684210526317,37.78947368421052,43.31578947368421,19.31578947368421,37.52631578947369,75.36842105263158,11.209648105585458,11.209648105585458,11.209648105585458,11.209648105585458,0.43440085125320954
294,39.79049381118806,100.0,21.157894736842103,11.80061185185276,5146.909165525453,11,11,2311,4.0,4,100.0,36.0,1.0,17.0,41.0,72.0,1.0,45.0,86.0,11.362821998773143,11.362821998773143,11.362821998773143,11.362821998773143,0.4339449218899434
295,2.342980715052806,100.0,23.75,15.896147331979533,3686.688162997598,0,0,2318,4.0,4,14.285714285714292,27.42857142857143,7.000000000000001,12.714285714285714,45.42857142857142,42.85714285714285,11.0,37.85714285714286,93.57142857142857,9.53352529073267,9.53352529073267,9.53352529073267,9.53352529073267,0.432125984665201
296,12.635184543690661,100.0,23.142857142857146,15.021843947923314,4610.721791287818,6,6,2332,4.0,4,57.142857142857146,29.42857142857142,9.428571428571429,7.928571428571429,32.42857142857142,43.57142857142857,19.28571428571429,18.214285714285715,72.99999999999999,13.331607999654286,13.331607999654286,13.331607999654286,13.331607999654286,0.430314671755114
297,25.12848337811818,100.0,19.803571428571427,11.79255036572535,5061.632934142835,6,6,2347,4.0,4,33.33333333333334,35.0,15.466666666666667,8.799999999999999,35.733333333333334,66.06666666666666,54.13333333333333,17.200000000000006,87.2666666666667,9.732697397703305,9.732697397703305,9.732697397703305,9.732697397703305,0.4287810265243159
298,39.03658742621037,100.0,23.75,12.427618097648319,4437.887717799943,10,10,2348,4.0,4,0.0,46.0,26.0,1.0,26.0,99.0,72.0,1.0,55.00000000000001,9.454792001633905,9.454792001633905,9.454792001633905,9.454792001633905,0.4277915817064942
299,2.080627627264972,100.0,24.75,15.958931668504631,4560.274217001279,1,1,2366,4.0,4,61.11111111111111,35.222222222222214,10.944444444444446,12.88888888888889,19.38888888888889,77.77777777777779,19.611111111111107,34.111111111111114,47.77777777777777,11.720528946575037,11.720528946575037,11.720528946575037,11.720528946575037,0.4259984370165912
300,35.43630987263751,100.0,19.61111111111111,11.267327112277346,6018.288871611327,7,7,2370,4.0,4,50.0,39.0,2.5,25.0,21.000000000000004,92.0,3.5000000000000004,59.0,66.5,10.183896501985146,10.183896501985146,10.183896501985146,10.183896501985146,0.42501541323561165
301,7.935554937020694,100.0,21.875,13.362946169755027,3184.933693999483,2,2,2371,4.0,4,100.0,39.0,17.0,25.0,28.000000000000004,92.0,45.0,59.0,93.0,12.84826900518965,12.84826900518965,12.84826900518965,12.84826900518965,0.4239456105785936
302,3.645490101191232,100.0,27.250000000000004,7.8859051477937525,3764.111487005721,0,0,2381,4.0,4,20.0,38.2,7.000000000000002,22.599999999999998,27.800000000000004,90.7,11.000000000000002,40.199999999999996,90.90000000000002,11.039723402063828,11.039723402063828,11.039723402063828,11.039723402063828,0.42216858678260344
303,23.376497170873137,100.0,23.900000000000002,11.30207486764366,3974.5822252021753,8,8,2386,4.0,4,60.0,35.199999999999996,8.8,30.0,30.800000000000004,85.0,15.0,55.00000000000001,80.0,12.518413198995404,12.518413198995404,12.518413198995404,12.518413198995404,0.42057563483486354
304,15.728291059843777,100.0,26.200000000000003,10.347993284479987,4355.567909401725,2,2,2404,4.0,4,61.11111111111111,13.722222222222221,12.277777777777775,12.722222222222223,34.166666666666664,14.888888888888888,26.333333333333332,23.888888888888882,69.44444444444444,226.875041277607,226.875041277607,226.875041277607,226.875041277607,0.41890070588375283
305,29.38462664091956,100.0,18.22222222222222,9.949289559524068,8977.274709111953,7,7,2421,4.0,4,29.411764705882348,14.058823529411764,10.176470588235295,1.4117647058823528,46.588235294117645,15.823529411764707,16.294117647058822,1.7647058823529416,86.00000000000001,11.51224782156265,11.51224782156265,11.51224782156265,11.51224782156265,0.4171448284694388
306,10.515792427153642,100.0,18.058823529411764,17.366221648027178,4663.771360822412,12,12,2422,4.0,4,100.0,26.0,7.000000000000001,8.0,17.0,41.0,11.0,14.000000000000002,35.0,12.565635988721624,12.565635988721624,12.565635988721624,12.565635988721624,0.41696964603756853
307,1.3909206612703118,100.0,14.500000000000002,7.697402159170326,2954.8370980046457,0,0,2434,4.0,4,41.666666666666664,25.999999999999996,10.25,15.333333333333332,36.41666666666667,41.0,28.499999999999996,26.833333333333336,78.33333333333333,10.665126748790499,10.665126748790499,10.665126748790499,10.665126748790499,0.415221862914627
308,25.835416400657063,100.0,21.999999999999996,10.436158929149544,4290.800972747093,7,7,2448,4.0,4,14.285714285714292,23.85714285714286,23.0,17.285714285714285,39.28571428571429,37.57142857142857,96.00000000000003,30.142857142857153,96.57142857142858,9.934366858422957,9.934366858422957,9.934366858422957,9.934366858422957,0.4134814058545629
309,40.44567654177655,100.0,25.85714285714286,8.413026067053817,3280.072714000458,12,12,2460,4.0,4,16.666666666666657,20.5,8.333333333333332,9.333333333333332,26.083333333333343,27.500000000000007,32.66666666666666,20.333333333333332,82.24999999999999,10.202833665971411,10.202833665971411,10.202833665971411,10.202833665971411,0.41174824414922
310,15.870856705619811,100.0,16.0625,9.212290659493522,5316.435678247217,10,10,2472,4.0,4,16.666666666666657,15.000000000000002,0.9999999999999999,19.75,22.000000000000007,17.5,0.9999999999999999,50.74999999999999,71.41666666666667,10.915392584138317,10.915392584138317,10.915392584138317,10.915392584138317,0.41002234721915914
311,15.012582336446272,100.0,14.4375,8.644763336648749,3829.402743747778,10,10,2487,4.0,4,26.66666666666667,11.000000000000004,7.533333333333332,16.599999999999994,34.86666666666667,11.000000000000004,13.133333333333338,36.600000000000016,79.93333333333335,13.0575566678696,13.0575566678696,13.0575566678696,13.0575566678696,0.4083036846131193
312,18.9848587485481,100.0,17.5,11.574489942141435,6227.9651510665035,11,11,2495,4.0,4,25.0,11.0,3.875,5.125,44.125,11.0,6.75,18.625,91.625,9.972571626349236,9.972571626349236,9.972571626349236,9.972571626349236,0.40659222600747946
313,3.511455265148875,100.0,16.03125,16.652800825654353,3460.151994626358,6,6,2510,4.0,4,33.33333333333334,20.599999999999994,11.466666666666669,19.33333333333334,41.06666666666668,41.533333333333346,27.400000000000002,72.93333333333334,89.93333333333334,10.684784599773897,10.684784599773897,10.684784599773897,10.684784599773897,0.40488794120572436
314,38.677279446996835,100.0,23.116666666666667,11.366458676632565,4525.0012952659745,10,10,2512,4.0,4,50.0,30.0,9.0,22.0,27.0,65.0,17.5,82.0,79.0,14.987498005211819,14.987498005211819,14.987498005211819,14.987498005211819,0.4040384795795168
315,6.331041536901598,100.0,22.0,8.03267083326964,6926.061094505712,1,1,2529,4.0,4,41.17647058823529,22.35294117647059,7.470588235294118,2.058823529411765,26.52941176470588,35.82352941176471,23.0,3.352941176470588,79.47058823529413,38.250032353543624,38.250032353543624,38.250032353543624,38.250032353543624,0.40234489914185495
316,17.739839080601307,100.0,14.602941176470589,10.826467878733217,4697.382491117049,10,10,2547,4.0,4,11.111111111111114,40.72222222222222,9.88888888888889,20.555555555555557,27.111111111111107,75.3888888888889,31.222222222222218,85.33333333333333,88.0,11.51952250074828,11.51952250074828,11.51952250074828,11.51952250074828,0.4006584175693849
317,56.693670109825604,100.0,24.569444444444446,11.625830150996427,5294.33024655494,16,16,2551,4.0,4,50.0,28.999999999999996,2.75,16.499999999999996,30.0,51.0,4.25,58.5,96.0,10.526854497584281,10.526854497584281,10.526854497584281,10.526854497584281,0.39998580595314887
318,7.307482011975138,100.0,19.5625,11.185455447758372,4007.517499747337,2,2,2570,4.0,4,10.526315789473685,21.10526315789474,10.526315789473683,10.000000000000002,27.368421052631575,48.94736842105264,24.105263157894736,21.0,85.68421052631578,10.047307208113029,10.047307208113029,10.047307208113029,10.047307208113029,0.39830921283011367
319,28.405614636115942,100.0,17.250000000000004,8.646847565121165,4103.234770630431,17,17,2575,4.0,4,60.0,33.0,18.4,6.000000000000001,30.800000000000004,92.00000000000001,59.199999999999996,11.600000000000001,73.79999999999998,10.09192319761496,10.09192319761496,10.09192319761496,10.09192319761496,0.3972231977286912
320,11.87511779210126,100.0,22.05,11.002565424019766,5324.787118600216,2,2,2592,4.0,4,29.411764705882348,31.705882352941178,12.470588235294118,6.764705882352942,20.705882352941174,79.94117647058825,42.470588235294116,11.705882352941178,50.05882352941177,17.03174876542214,17.03174876542214,17.03174876542214,17.03174876542214,0.3955581844414447
321,31.34038521173061,100.0,17.91176470588235,10.675735110617044,6326.300835178699,12,12,2606,4.0,4,64.28571428571428,32.142857142857146,21.714285714285715,11.142857142857144,7.0000000000000036,52.42857142857144,63.21428571428572,36.85714285714286,11.000000000000004,40.34089350170689,40.34089350170689,40.34089350170689,40.34089350170689,0.393900150276421
322,27.136352743122828,100.0,18.000000000000004,10.72467447074017,4055.993449144548,5,5,2611,4.0,4,40.0,29.799999999999997,35.6,21.000000000000004,8.200000000000001,42.800000000000004,88.6,69.0,13.0,10.838284395867959,10.838284395867959,10.838284395867959,10.838284395867959,0.39315630404194907
323,12.105299091519122,100.0,23.65,10.49070175888736,3650.995818991214,3,3,2621,4.0,4,20.0,25.0,38.0,20.6,35.6,34.0,93.0,66.6,90.99999999999999,10.326069497386925,10.326069497386925,10.326069497386925,10.326069497386925,0.3922490659797112
324,36.194752381751265,100.0,29.800000000000004,7.636444349326424,3955.873094301205,8,8,2637,4.0,4,31.25,13.25,14.0625,14.250000000000002,30.937499999999996,14.6875,36.5,31.75,84.31249999999999,10.711260311836668,10.711260311836668,10.711260311836668,10.711260311836668,0.39060490242002815
325,24.744441613885375,100.0,18.125000000000004,9.261771645183762,5822.540298688182,11,11,2651,4.0,4,28.57142857142857,11.000000000000004,21.0,26.999999999999996,23.0,11.000000000000004,68.99999999999997,61.285714285714285,96.00000000000003,10.44665421587914,10.44665421587914,10.44665421587914,10.44665421587914,0.3889676305881922
326,33.89920282135183,100.0,20.5,6.109377779528042,3615.730397857468,10,10,2666,4.0,4,33.33333333333334,11.000000000000004,22.8,24.000000000000004,14.866666666666669,11.000000000000004,67.79999999999998,48.466666666666654,55.000000000000014,12.215122399114383,12.215122399114383,12.215122399114383,12.215122399114383,0.38733722159661954
327,31.63877354437323,100.0,18.16666666666667,6.968453924485757,5127.249843400205,10,10,2678,4.0,4,50.0,11.000000000000004,9.000000000000002,20.583333333333336,35.333333333333336,11.000000000000004,14.499999999999998,44.0,76.00000000000001,10.343820416892413,10.343820416892413,10.343820416892413,10.343820416892413,0.3857136466788121
328,19.88055295417628,100.0,18.979166666666668,10.903801807922287,3925.6263487501806,6,6,2692,4.0,4,35.71428571428571,20.71428571428571,14.571428571428571,18.642857142857142,35.85714285714286,38.285714285714285,31.714285714285715,66.14285714285714,79.28571428571428,11.554860784339585,11.554860784339585,11.554860784339585,11.554860784339585,0.38409687718885105
329,34.867592265154215,100.0,22.44642857142857,10.17079433312447,6663.916186853645,9,9,2704,4.0,4,25.0,28.999999999999996,31.916666666666664,12.000000000000004,14.583333333333334,68.0,87.24999999999997,48.000000000000014,28.833333333333332,10.58329941588454,10.58329941588454,10.58329941588454,10.58329941588454,0.38264757970961
330,34.719003115840394,100.0,21.875,8.907723947187618,4220.6831960841855,9,9,2717,4.0,4,38.46153846153846,11.615384615384619,37.769230769230774,5.230769230769231,30.230769230769226,12.000000000000002,92.61538461538463,19.076923076923077,64.69230769230771,10.397678385533464,10.397678385533464,10.397678385533464,10.397678385533464,0.38136390682965937
331,21.132052538226926,100.0,21.211538461538463,13.650509219264933,4231.052116540153,8,8,2721,4.0,4,25.0,14.75,26.75,12.0,42.0,16.75,72.24999999999999,48.0,99.0,58.099652007513214,58.099652007513214,58.099652007513214,58.099652007513214,0.380723686176608
332,9.67615432437256,100.0,23.874999999999996,11.97428155387562,4848.543950494786,3,3,2736,4.0,4,40.0,25.466666666666672,27.53333333333333,6.866666666666667,19.533333333333328,50.06666666666667,70.66666666666667,26.066666666666656,43.400000000000006,13.872457131704627,13.872457131704627,13.872457131704627,13.872457131704627,0.37912783276251183
333,36.768723154747775,100.0,19.849999999999998,9.274183657458359,6183.586674669641,9,9,2750,4.0,4,35.71428571428571,27.0,30.14285714285713,0.9999999999999999,21.428571428571423,68.5,56.57142857142856,0.9999999999999999,35.714285714285715,10.124411926621438,10.124411926621438,10.124411926621438,10.124411926621438,0.3775386685779324
334,21.910826330535112,100.0,19.89285714285714,12.039999678275828,4268.642228001097,9,9,2754,4.0,4,75.0,33.0,13.0,3.25,26.75,92.0,21.0,6.0,55.00000000000001,10.619745749863796,10.619745749863796,10.619745749863796,10.619745749863796,0.376588369228323
335,5.2852863028991734,100.0,19.0,11.743861596923406,5668.776878501376,1,1,2772,4.0,4,22.222222222222214,29.666666666666675,11.0,12.11111111111111,45.22222222222222,80.66666666666666,27.388888888888886,27.833333333333332,93.66666666666667,9.60533144502228,9.60533144502228,9.60533144502228,9.60533144502228,0.37500984953920885
336,40.10650023928907,100.0,24.5,14.626795261049939,3835.3927979996015,14,14,2785,4.0,4,30.769230769230774,11.923076923076927,20.0,27.15384615384615,31.92307692307692,14.615384615384619,66.15384615384615,81.76923076923075,61.30769230769231,9.924624307761686,9.924624307761686,9.924624307761686,9.924624307761686,0.3734379464230229
337,36.516218454080345,100.0,22.75,8.547716756205718,6002.615698308756,9,9,2789,4.0,4,50.0,13.5,28.500000000000004,21.0,23.0,19.5,75.5,69.0,45.0,9.524187251372496,9.524187251372496,9.524187251372496,9.524187251372496,0.3726544674082825
338,10.883550858334413,100.0,21.499999999999996,5.472142037231067,3192.871743001888,2,2,2806,4.0,4,5.882352941176478,21.0,39.705882352941174,4.529411764705882,21.529411764705884,45.0,83.70588235294116,13.0,65.76470588235294,12.594080706441995,12.594080706441995,12.594080706441995,12.594080706441995,0.3710924371861442
339,33.66372415097447,100.0,21.691176470588243,13.60582524592501,5155.435787940138,16,16,2807,4.0,4,100.0,28.999999999999996,38.0,1.0,12.0,57.99999999999999,86.0,1.0,48.0,9.798286992008798,9.798286992008798,9.798286992008798,9.798286992008798,0.37062510612421384
340,2.1124599939744524,100.0,20.0,14.404860290887934,2619.1349900036585,0,0,2810,4.0,4,66.66666666666667,15.0,38.00000000000001,1.0,20.000000000000004,26.666666666666668,86.0,1.0,62.0,10.656433665038398,10.656433665038398,10.656433665038398,10.656433665038398,0.3690715822368565
341,5.2627016724124855,100.0,18.499999999999996,13.461253919573526,4943.372893336345,1,1,2829,4.0,4,26.31578947368422,24.57894736842105,1.947368421052632,6.631578947368421,36.421052631578945,60.63157894736841,3.1052631578947367,18.47368421052632,87.68421052631578,95.38437215623593,95.38437215623593,95.38437215623593,95.38437215623593,0.36752457014923623
342,23.096509998770486,100.0,17.394736842105264,14.5684368983815,4276.402702315337,14,14,2847,4.0,4,33.33333333333334,22.833333333333336,13.666666666666666,27.111111111111107,19.555555555555557,33.27777777777778,45.22222222222222,78.83333333333334,44.5,66.36631033405946,66.36631033405946,66.36631033405946,66.36631033405946,0.36598404256628775
343,38.02530909140437,100.0,20.791666666666664,9.777186578959725,5242.976686498474,12,12,2863,4.0,4,37.5,34.62499999999999,25.5,3.0625,21.125,60.4375,84.5,5.374999999999999,48.25,11.791113439358014,11.791113439358014,11.791113439358014,11.791113439358014,0.3645265228771611
344,31.465756676429923,100.0,21.078125,11.824540037370927,5235.024228624752,10,10,2866,4.0,4,100.0,26.0,21.0,3.3333333333333335,30.333333333333336,41.0,65.66666666666666,5.333333333333334,65.33333333333333,12.443015002645552,12.443015002645552,12.443015002645552,12.443015002645552,0.36383814618774624
345,6.612770526858982,100.0,20.166666666666664,10.463915353780562,5775.926320663227,0,0,2874,4.0,4,75.0,13.0,1.0,9.5,40.5,14.249999999999998,1.0,20.0,75.75,12.52605412628327,12.52605412628327,12.52605412628327,12.52605412628327,0.3623130707357745
346,6.250710615971467,100.0,16.0,15.041451693449549,5087.844291751026,2,2,2885,4.0,4,45.45454545454546,16.18181818181818,3.0000000000000004,18.54545454545455,48.454545454545446,26.545454545454543,5.909090909090908,60.00000000000001,87.9090909090909,11.063430273101073,11.063430273101073,11.063430273101073,11.063430273101073,0.3607943878381807
347,19.210385855719398,100.0,21.545454545454547,17.010107967752297,5485.595963546075,6,6,2902,4.0,4,41.17647058823529,23.823529411764703,19.11764705882353,9.411764705882353,31.05882352941176,43.58823529411765,63.35294117647059,36.94117647058823,54.705882352941174,23.21593006233931,23.21593006233931,23.21593006233931,23.21593006233931,0.3592820706997319
348,41.09852384786607,100.0,20.852941176470587,10.1308000468019,5276.2991062353485,10,10,2916,4.0,4,50.0,21.642857142857146,25.78571428571429,10.285714285714288,13.42857142857143,34.71428571428571,74.28571428571428,39.35714285714286,33.14285714285714,11.79901614107491,11.79901614107491,11.79901614107491,11.79901614107491,0.35807678240087537
349,31.460296161375314,100.0,17.785714285714285,7.104371847257358,5837.427913785047,7,7,2917,4.0,4,0.0,28.999999999999996,27.0,10.0,11.0,68.0,79.0,21.0,35.0,10.987871995894238,10.987871995894238,10.987871995894238,10.987871995894238,0.3579264059434531
350,2.564967927701079,100.0,19.25,8.78564169540279,3158.990776995779,1,1,2929,4.0,4,33.33333333333334,26.499999999999996,27.333333333333343,10.666666666666668,31.16666666666667,63.83333333333333,83.66666666666666,22.75,80.0,11.298298414961513,11.298298414961513,11.298298414961513,11.298298414961513,0.35650097553325566
351,37.14485216859375,100.0,23.916666666666664,8.407669330868197,5232.728246000382,8,8,2941,4.0,4,33.33333333333334,12.000000000000004,22.166666666666668,17.0,30.666666666666657,14.91666666666667,81.08333333333334,47.49999999999999,64.08333333333334,10.491530834163617,10.491530834163617,10.491530834163617,10.491530834163617,0.3550066547972732
352,29.343644463254908,100.0,20.458333333333336,8.311624262587326,5720.892900666513,8,8,2955,4.0,4,28.57142857142857,11.000000000000004,28.78571428571428,22.357142857142858,15.500000000000004,11.000000000000004,83.21428571428572,65.28571428571432,35.42857142857142,11.429300356082551,11.429300356082551,11.429300356082551,11.429300356082551,0.3535185977032308
353,28.374137559370027,100.0,19.410714285714285,8.442031551130988,5369.4641422168515,10,10,2970,4.0,4,33.33333333333334,13.666666666666666,30.26666666666666,11.133333333333335,24.400000000000002,15.333333333333332,84.5333333333333,22.400000000000006,64.33333333333333,11.079443334407793,11.079443334407793,11.079443334407793,11.079443334407793,0.3520367779962493
354,30.631092035263247,100.0,19.866666666666667,8.644222716089747,4739.366735665438,10,10,2981,4.0,4,18.181818181818173,18.999999999999996,31.818181818181824,9.09090909090909,36.18181818181817,24.000000000000004,85.36363636363636,18.363636363636367,76.27272727272728,11.658888819511048,11.658888819511048,11.658888819511048,11.658888819511048,0.35056116953149996
355,25.033358348745242,100.0,24.022727272727273,10.901955299578097,5213.977411089052,9,9,2992,4.0,4,18.181818181818173,27.090909090909093,16.90909090909091,2.272727272727273,42.18181818181819,54.545454545454554,37.99999999999999,3.3636363636363638,87.0909090909091,14.57172445688312,14.57172445688312,14.57172445688312,14.57172445688312,0.3490917462737443
356,17.880308809132252,100.0,22.113636363636367,15.898432854556658,6342.312414635671,9,9,3007,4.0,4,20.0,36.73333333333334,6.7333333333333325,1.0,25.600000000000005,88.46666666666667,17.666666666666668,1.0,54.73333333333332,35.69986153161153,35.69986153161153,35.69986153161153,35.69986153161153,0.3476284822968733
357,17.591355822328026,100.0,17.516666666666666,15.258327028533994,5568.596351732655,12,12,3010,4.0,4,100.0,26.0,20.000000000000004,3.3333333333333335,21.0,41.0,55.00000000000001,5.333333333333334,48.666666666666664,8.75387566338759,8.75387566338759,8.75387566338759,8.75387566338759,0.3472636256624317
358,5.80871332984464,100.0,17.583333333333336,8.738911830801623,3398.3756346666873,0,0,3012,4.0,4,50.0,26.0,20.0,11.5,21.0,41.0,55.00000000000001,19.5,69.0,12.06906799779972,12.06906799779972,12.06906799779972,12.06906799779972,0.34646228844465676
359,5.213196013609342,100.0,19.624999999999996,5.257388435577235,3500.517831998877,1,1,3028,4.0,4,18.75,41.375,16.6875,27.625,20.0,89.12500000000001,48.375,69.125,55.00000000000001,10.024041562246566,10.024041562246566,10.024041562246566,10.024041562246566,0.34501004618617664
360,51.3734677387196,100.0,26.421875,10.590701812895926,4121.160363375566,13,13,3038,4.0,4,20.0,41.099999999999994,13.999999999999998,29.4,11.400000000000002,89.8,40.0,83.2,33.199999999999996,9.911740601819474,9.911740601819474,9.911740601819474,9.911740601819474,0.344213909274377
361,28.133357907717595,100.0,23.974999999999998,12.41914309918551,4087.771226197947,8,8,3043,4.0,4,20.0,25.0,18.400000000000002,22.000000000000004,7.000000000000001,34.0,43.4,88.6,11.000000000000002,12.491513599525206,12.491513599525206,12.491513599525206,12.491513599525206,0.3427710913929593
362,8.401437443655478,100.0,18.099999999999998,7.0482779153099235,5059.47951899725,4,4,3044,4.0,4,100.0,24.0,16.0,23.0,7.000000000000001,31.0,31.0,96.0,11.0,12.585959993884899,12.585959993884899,12.585959993884899,12.585959993884899,0.3421956590354428
363,1.36485743036785,100.0,17.5,6.800735254367722,8778.751760008163,0,0,3058,4.0,4,21.42857142857143,11.000000000000004,34.642857142857146,19.071428571428577,8.42857142857143,11.000000000000004,80.92857142857144,78.85714285714288,15.857142857142858,10.26770021729005,10.26770021729005,10.26770021729005,10.26770021729005,0.3407613009153985
364,19.230621357012467,100.0,18.28571428571429,10.994452214535455,3791.554519355746,11,11,3072,4.0,4,35.71428571428571,17.57142857142857,37.14285714285715,10.214285714285715,1.8571428571428577,33.7857142857143,87.42857142857144,23.28571428571428,2.428571428571429,10.283223499884896,10.283223499884896,10.283223499884896,10.283223499884896,0.3393329550961016
365,14.576802030263817,100.0,16.69642857142857,13.402126936467432,3709.30199571116,9,9,3074,4.0,4,100.0,21.0,38.0,20.0,5.5,45.0,90.99999999999999,31.0,11.0,9.227349495631643,9.227349495631643,9.227349495631643,9.227349495631643,0.3388344497983934
366,3.6908203701892046,100.0,21.125,11.525505052106725,6422.381370000949,0,0,3086,4.0,4,33.33333333333334,30.000000000000004,12.000000000000004,24.0,18.25,80.25000000000001,26.25,38.33333333333333,41.74999999999999,9.779755833733361,9.779755833733361,9.779755833733361,9.779755833733361,0.337414180629027
367,25.55953318415849,100.0,21.062499999999996,7.190798237771663,3707.162653332489,8,8,3090,4.0,4,75.0,27.0,11.500000000000002,36.0,17.0,68.5,23.5,76.0,35.0,9.118946494709235,9.118946494709235,9.118946494709235,9.118946494709235,0.33706004450777544
368,11.029071975291076,100.0,22.875,9.561579813304405,2812.1700727497227,1,1,3105,4.0,4,13.333333333333329,38.2,13.533333333333333,25.200000000000006,7.133333333333333,95.0,31.80000000000001,59.46666666666667,14.199999999999996,10.17706426694834,10.17706426694834,10.17706426694834,10.17706426694834,0.33571771371148384
369,27.990477697455265,100.0,21.016666666666666,12.554142586858013,4494.057239531928,13,13,3113,4.0,4,37.5,40.0,15.375,16.249999999999996,14.875,99.0,46.0,29.25,28.500000000000004,9.361212876683567,9.361212876683567,9.361212876683567,9.361212876683567,0.3343105087514265
370,15.323562604875153,100.0,21.625,11.092041141229304,4758.972557876405,5,5,3127,4.0,4,42.85714285714286,37.57142857142858,11.857142857142854,6.214285714285716,19.85714285714286,86.57142857142858,28.142857142857142,9.785714285714286,37.92857142857141,9.759153852688282,9.759153852688282,9.759153852688282,9.759153852688282,0.33304906819725344
371,21.28332661267394,100.0,18.874999999999996,12.463792693403335,4275.297232787125,8,8,3132,4.0,4,60.0,44.00000000000001,16.0,15.200000000000003,7.600000000000001,99.0,31.0,30.8,12.4,10.719006395083852,10.719006395083852,10.719006395083852,10.719006395083852,0.3318620784230512
372,6.631581308775216,100.0,20.7,14.107878290392462,4150.5287690029945,2,2,3149,4.0,4,17.64705882352942,39.294117647058826,10.352941176470589,23.294117647058826,12.0,87.88235294117646,18.64705882352941,63.88235294117646,48.0,10.361710941651836,10.361710941651836,10.361710941651836,10.361710941651836,0.33047103486550683
373,40.591179340917165,100.0,21.235294117647058,12.154079360499537,4777.68636176616,14,14,3168,4.0,4,36.8421052631579,43.684210526315795,2.1052631578947367,10.842105263157894,4.526315789473684,81.84210526315792,3.052631578947369,26.684210526315795,14.52631578947368,10.25921326302188,10.25921326302188,10.25921326302188,10.25921326302188,0.3290858220500232
374,12.309226831558163,100.0,15.289473684210531,17.171805497496965,4614.998226368793,12,12,3185,4.0,4,41.17647058823529,41.647058823529406,8.0,14.176470588235295,13.058823529411764,81.52941176470588,14.000000000000002,37.58823529411765,50.47058823529412,28.598344940452506,28.598344940452506,28.598344940452506,28.598344940452506,0.32784409559850464
375,34.68422397992344,100.0,19.220588235294116,13.432185956276028,6539.9319629428,10,10,3194,4.0,4,22.222222222222214,28.999999999999996,17.333333333333336,13.444444444444448,25.555555555555554,57.99999999999999,51.33333333333333,32.55555555555556,73.88888888888889,12.06289866564071,12.06289866564071,12.06289866564071,12.06289866564071,0.32667565639189056
376,27.12636288028033,100.0,21.333333333333332,7.169284909851655,3670.7006843369327,7,7,3200,4.0,4,33.33333333333334,21.666666666666668,20.0,8.5,33.99999999999999,48.0,62.0,14.333333333333334,95.66666666666667,10.916875170854231,10.916875170854231,10.916875170854231,10.916875170854231,0.3259218274784576
377,13.511406319533865,100.0,21.041666666666668,9.736236867649549,3281.978714335613,4,4,3218,4.0,4,16.666666666666657,33.0,19.0,20.111111111111114,33.22222222222223,92.00000000000001,58.6111111111111,40.94444444444445,91.44444444444446,10.10071266581589,10.10071266581589,10.10071266581589,10.10071266581589,0.3245556832641765
378,62.89890594087025,100.0,26.333333333333336,7.220430453109157,3935.669933277596,15,15,3235,4.0,4,23.529411764705884,23.411764705882355,12.647058823529411,13.764705882352942,41.0,43.529411764705884,23.705882352941178,30.88235294117647,96.94117647058822,10.14377482351847,10.14377482351847,10.14377482351847,10.14377482351847,0.3231952654230833
379,30.658505866095084,100.0,22.705882352941178,12.53914748587045,3833.443304001669,13,13,3244,4.0,4,33.33333333333334,39.33333333333333,5.444444444444445,12.888888888888891,21.888888888888893,91.22222222222223,14.777777777777779,29.444444444444446,48.99999999999999,10.388554777212752,10.388554777212752,10.388554777212752,10.388554777212752,0.32204339468762594
380,16.078307068699363,100.0,19.88888888888889,13.9283665309515,5134.472743889394,6,6,3254,4.0,4,50.0,31.899999999999995,9.2,8.200000000000001,17.7,63.40000000000001,20.6,17.0,50.39999999999999,13.533369699143805,13.533369699143805,13.533369699143805,13.533369699143805,0.3206935074345882
381,17.430305063240624,100.0,16.75,10.163999006999687,7792.160288395826,5,5,3257,4.0,4,66.66666666666667,34.0,16.0,4.0,27.0,65.0,55.333333333333336,7.666666666666666,69.0,9.83256267015046,9.83256267015046,9.83256267015046,9.83256267015046,0.3196176726976158
382,7.27873455565325,100.0,20.25,11.594066695168765,4193.609748671103,1,1,3259,4.0,4,100.0,34.0,12.0,13.0,25.0,65.0,48.0,26.0,48.0,10.172281501581892,10.172281501581892,10.172281501581892,10.172281501581892,0.3191481306130994
383,5.444767315937199,100.0,21.000000000000004,9.151922678474866,3896.0902405015077,0,0,3264,4.0,4,80.0,30.400000000000006,13.199999999999998,24.800000000000004,38.4,59.00000000000001,50.2,69.4,81.0,12.73680460290052,12.73680460290052,12.73680460290052,12.73680460290052,0.318211114807231
384,19.36726775136219,100.0,26.700000000000003,9.692517218889098,8269.906995998463,1,1,3277,4.0,4,15.384615384615387,12.07692307692308,7.384615384615387,18.999999999999993,37.61538461538462,12.538461538461544,13.923076923076923,54.99999999999999,83.53846153846153,14.950203154092797,14.950203154092797,14.950203154092797,14.950203154092797,0.3168772910594411
385,21.96075510301102,100.0,19.01923076923077,12.421438942467521,6249.387005693279,11,11,3295,4.0,4,22.222222222222214,17.000000000000004,9.222222222222223,1.0000000000000002,32.833333333333336,24.33333333333333,17.888888888888893,1.0000000000000002,88.22222222222223,22.091716831912183,22.091716831912183,22.091716831912183,22.091716831912183,0.3155490582093521
386,13.805602911438651,100.0,15.013888888888888,12.010334872157866,3749.1809767202035,14,14,3298,4.0,4,0.0,20.000000000000004,8.0,1.0,39.666666666666664,31.0,14.000000000000002,1.0,87.66666666666666,12.565669671554739,12.565669671554739,12.565669671554739,12.565669671554739,0.3142263928219807
387,2.4448568273982647,100.0,17.166666666666668,14.665108624981071,5905.185406998498,3,3,3314,4.0,4,31.25,20.0,4.062499999999999,7.75,37.8125,31.0,6.687500000000002,16.0,77.8125,10.485792064173438,10.485792064173438,10.485792064173438,10.485792064173438,0.31290927156057474
388,20.170824091273296,100.0,17.40625,13.411833156151376,5429.702213251403,11,11,3330,4.0,4,37.5,20.25,7.062499999999999,3.8125,30.562500000000004,27.500000000000004,25.8125,7.249999999999999,74.75,17.19224250064144,17.19224250064144,17.19224250064144,17.19224250064144,0.3115976711862008
389,20.566763388430456,100.0,15.421875000000002,11.445727311953222,7241.8506929989235,10,10,3346,4.0,4,6.25,11.0,3.0,1.0,33.875,11.0,6.375,1.0,88.4375,14.911072189534025,14.911072189534025,14.911072189534025,14.911072189534025,0.31029156855733453
390,4.842370683178331,100.0,12.21875,13.137301207071248,4920.011227500254,15,15,3356,4.0,4,30.0,15.899999999999997,10.700000000000001,0.9999999999999999,41.0,18.0,20.3,0.9999999999999999,95.0,14.385962298547383,14.385962298547383,14.385962298547383,14.385962298547383,0.30899094062945254
391,5.990232534487508,100.0,17.15,14.92124553839465,4916.97256440093,7,7,3357,4.0,4,100.0,24.0,17.0,1.0,30.0,31.0,35.0,1.0,52.0,10.287936995155178,10.287936995155178,10.287936995155178,10.287936995155178,0.3086666363781837
392,1.5441062313932834,100.0,18.0,10.8397416943394,3448.237485004938,0,0,3372,4.0,4,20.0,23.20000000000001,11.600000000000005,15.266666666666667,28.666666666666675,29.666666666666668,23.933333333333326,47.86666666666666,78.79999999999998,13.200385801610537,13.200385801610537,13.200385801610537,13.200385801610537,0.30737281956728746
393,30.589916747694417,100.0,19.68333333333333,9.31070615556972,7149.524108868597,12,12,3390,4.0,4,33.33333333333334,16.38888888888889,10.333333333333334,35.77777777777777,18.22222222222222,22.666666666666668,31.555555555555554,72.22222222222223,41.44444444444444,11.482912221658303,11.482912221658303,11.482912221658303,11.482912221658303,0.30608442595975316
394,36.94977937574704,100.0,20.18055555555555,10.3189797692134,5458.891481221751,12,12,3407,4.0,4,17.64705882352942,17.88235294117647,27.235294117647058,24.588235294117645,33.588235294117645,26.294117647058822,64.11764705882352,51.588235294117645,94.94117647058822,10.168020057950772,10.168020057950772,10.168020057950772,10.168020057950772,0.30480143282351074
395,51.6184302824227,100.0,25.82352941176471,6.383820370405899,4437.308653235531,14,14,3424,4.0,4,47.05882352941176,25.176470588235293,18.705882352941174,4.705882352941177,26.70588235294118,54.47058823529412,57.82352941176471,7.882352941176471,55.76470588235294,10.496632943292806,10.496632943292806,10.496632943292806,10.496632943292806,0.30352381752177404
396,32.89392110978032,100.0,18.823529411764707,10.915382413558424,4485.540064526825,9,9,3432,4.0,4,25.0,31.0,12.0,2.25,41.25,79.0,48.0,5.25,79.0,10.978365749906516,10.978365749906516,10.978365749906516,10.978365749906516,0.30295063914502635
397,18.59351236312116,100.0,21.625,15.472114382949908,6096.182597751977,6,6,3435,4.0,4,66.66666666666667,19.000000000000004,3.0000000000000004,11.0,32.33333333333333,42.333333333333336,4.333333333333334,34.99999999999999,66.33333333333333,10.983911997755058,10.983911997755058,10.983911997755058,10.983911997755058,0.3018075275403166
398,4.963903176747364,100.0,16.333333333333336,11.11611454813147,4308.798487002302,1,1,3449,4.0,4,21.42857142857143,12.42857142857143,7.0000000000000036,25.35714285714285,36.28571428571429,15.857142857142858,11.000000000000004,81.92857142857144,78.14285714285717,9.830285785678175,9.830285785678175,9.830285785678175,9.830285785678175,0.3005424615864171
399,21.076034106342924,100.0,20.267857142857146,12.247900006342638,3818.9974435018876,11,11,3468,4.0,4,26.31578947368422,11.000000000000002,7.263157894736843,21.78947368421052,30.94736842105264,11.000000000000002,11.789473684210527,67.42105263157895,73.68421052631581,10.329602157550031,10.329602157550031,10.329602157550031,10.329602157550031,0.29928269832288046
400,26.296254891341967,100.0,17.750000000000004,10.42270413666583,5299.49204394698,14,14,3479,4.0,4,45.45454545454546,11.90909090909091,14.545454545454545,8.181818181818182,33.27272727272727,14.09090909090909,25.454545454545464,23.454545454545457,87.0909090909091,28.743843270190567,28.743843270190567,28.743843270190567,28.743843270190567,0.2980282155227824
401,15.688706695957439,100.0,16.977272727272727,10.01582447187487,4683.836383454036,6,6,3486,4.0,4,14.285714285714292,21.0,16.0,18.571428571428573,32.0,45.00000000000001,28.000000000000004,51.857142857142854,84.0,10.98145470937847,10.98145470937847,10.98145470937847,10.98145470937847,0.2973404927571461
402,19.834198719019614,100.0,21.892857142857142,6.319038360499333,4637.016087716412,6,6,3498,4.0,4,16.666666666666657,27.749999999999993,5.833333333333333,22.83333333333334,32.58333333333333,60.00000000000001,9.833333333333334,74.25,71.99999999999999,34.26345641734466,34.26345641734466,34.26345641734466,34.26345641734466,0.29609415096717023
403,29.924623825317763,100.0,22.25,10.717627529627698,4796.509460416321,10,10,3500,4.0,4,50.0,20.0,4.0,17.0,26.0,31.0,6.0,64.99999999999999,62.0,10.071190998132806,10.071190998132806,10.071190998132806,10.071190998132806,0.2959076508225749
404,3.848055171679606,100.0,16.75,8.460205414946131,6261.988060505246,1,1,3517,4.0,4,64.70588235294117,15.882352941176473,7.941176470588236,24.176470588235297,6.176470588235294,19.235294117647058,16.05882352941176,61.705882352941174,13.176470588235295,11.523625179132281,11.523625179132281,11.523625179132281,11.523625179132281,0.2946673149780556
405,16.70376684060383,100.0,13.544117647058822,9.582731964835727,5316.078678527607,6,6,3519,4.0,4,50.0,18.0,4.0,42.0,1.0,21.0,6.0,99.0,1.0,12.489714499679394,12.489714499679394,12.489714499679394,12.489714499679394,0.29417263759131385
406,0.5781855119561663,100.0,16.249999999999996,16.234368616201923,3568.7875339936,1,1,3532,4.0,4,38.46153846153846,24.846153846153847,7.0000000000000036,35.61538461538461,14.538461538461538,38.0,11.000000000000004,81.30769230769232,59.15384615384616,18.856769539594936,18.856769539594936,18.856769539594936,18.856769539594936,0.292939574282991
407,21.672733581694462,100.0,20.5,12.090738923177067,7714.228621154549,8,8,3538,4.0,4,100.0,15.500000000000004,2.3333333333333335,11.333333333333334,3.833333333333334,28.833333333333332,5.000000000000001,27.333333333333336,11.833333333333334,970.1418293334427,970.1418293334427,970.1418293334427,970.1418293334427,0.292570664144673
408,4.479547850610408,100.0,8.25,6.10804041577624,26955.4062080036,0,0,3539,4.0,4,100.0,7.000000000000001,5.0,10.0,4.0,28.000000000000004,13.0,26.0,10.0,558.7866470013978,558.7866470013978,558.7866470013978,558.7866470013978,0.2925092243052026
409,0.9946267528831721,100.0,6.5,2.2912878474779204,6046.871359998477,0,0,3544,4.0,4,40.0,14.2,2.6,10.600000000000001,19.0,25.6,5.800000000000001,31.4,53.400000000000006,8249.55531899468,8249.55531899468,8249.55531899468,8249.55531899468,0.29220221858916356
410,6.114222310062579,100.0,11.600000000000001,7.109727177986739,29058.413787197787,3,3,3554,4.0,4,90.0,8.600000000000001,3.4000000000000004,14.3,2.8000000000000003,21.200000000000003,8.200000000000001,40.69999999999999,6.4,2291.436870303005,2291.436870303005,2291.436870303005,2291.436870303005,0.29152793975438723
411,7.523296052647701,100.0,7.275000000000001,4.699501094217993,16132.698441998218,1,1,3567,4.0,4,53.84615384615385,11.923076923076927,1.9230769230769231,14.923076923076925,10.846153846153845,17.923076923076923,3.76923076923077,57.84615384615384,18.76923076923077,103.32114769195098,103.32114769195098,103.32114769195098,103.32114769195098,0.2906720165601096
412,8.35568868825528,100.0,9.903846153846153,6.151429328827163,15821.79301323105,6,6,3579,4.0,4,75.0,8.666666666666668,3.3333333333333335,14.41666666666667,4.583333333333334,20.91666666666667,8.0,39.916666666666664,14.083333333333336,1114.0301019174028,1114.0301019174028,1114.0301019174028,1114.0301019174028,0.2899403685164081
413,9.925797865774244,100.0,7.749999999999997,4.779323244753398,22359.797931418143,3,3,3594,4.0,4,93.33333333333333,24.26666666666667,8.399999999999999,5.466666666666667,6.000000000000001,45.00000000000001,21.46666666666667,12.933333333333334,18.8,388.75876053449855,388.75876053449855,388.75876053449855,388.75876053449855,0.28902839770348926
414,15.83524246949922,100.0,11.033333333333333,8.896614109649793,19030.440504067035,1,1,3597,4.0,4,66.66666666666667,43.0,20.000000000000004,3.0000000000000004,18.000000000000004,82.0,62.0,4.333333333333334,59.0,95.1733573359282,95.1733573359282,95.1733573359282,95.1733573359282,0.2887856903156261
415,7.18831325985594,100.0,21.0,14.326302149558886,12369.686859999396,1,1,3610,4.0,4,30.769230769230774,34.92307692307692,1.7692307692307694,12.307692307692312,12.153846153846157,81.61538461538463,2.6923076923076925,47.15384615384616,40.0,113.51941523249619,113.51941523249619,113.51941523249619,113.51941523249619,0.28769602674929223
416,19.459021081429356,100.0,15.28846153846154,12.49866554389326,11988.391489615493,9,9,3624,4.0,4,42.85714285714286,43.285714285714285,7.928571428571429,12.071428571428571,15.999999999999998,88.14285714285711,13.78571428571429,39.214285714285715,31.0,28.427958141297236,28.427958141297236,28.427958141297236,28.427958141297236,0.28649011100729976
417,21.863034308743813,100.0,19.821428571428573,14.12599310437583,4740.360180855662,8,8,3644,4.0,4,35.0,36.15,1.0000000000000002,8.399999999999999,10.499999999999998,78.95,1.0000000000000002,16.400000000000002,28.1,110.90535779949278,110.90535779949278,110.90535779949278,110.90535779949278,0.28528925001977573
418,18.122544434439348,100.0,14.0125,13.80719836018654,12136.353597103152,13,13,3664,4.0,4,55.0,23.799999999999997,4.8,15.349999999999998,3.5999999999999996,53.05000000000002,11.949999999999998,59.24999999999999,9.6,398.77174489956815,398.77174489956815,398.77174489956815,398.77174489956815,0.284093422599052
419,17.47215841643373,100.0,11.887500000000003,9.777454335832498,19488.686629351287,9,9,3684,4.0,4,90.0,10.55,6.600000000000001,11.200000000000001,4.700000000000001,29.400000000000006,17.2,28.699999999999992,11.7,2252.0636476008804,2252.0636476008804,2252.0636476008804,2252.0636476008804,0.28290260764627123
420,20.504358635621255,100.0,8.2625,4.164213742954618,25341.830762350583,2,2,3698,4.0,4,28.57142857142857,11.000000000000004,8.071428571428573,35.14285714285714,7.0000000000000036,11.000000000000004,16.71428571428571,80.14285714285715,11.000000000000004,31.334332569843223,31.334332569843223,31.334332569843223,31.334332569843223,0.2817167841510143
421,14.90480560894188,100.0,15.30357142857143,11.687555822160977,5266.344829210929,10,10,3716,4.0,4,38.888888888888886,29.388888888888893,9.277777777777779,31.333333333333336,4.000000000000001,65.77777777777779,28.166666666666668,69.99999999999999,8.888888888888888,29.397086832937525,29.397086832937525,29.397086832937525,29.397086832937525,0.2805359311909308
422,26.567300502270484,100.0,18.500000000000004,13.407394299339808,7753.50231722243,11,11,3735,4.0,4,21.05263157894737,32.21052631578948,16.94736842105263,19.368421052631582,20.947368421052634,74.8421052631579,61.789473684210506,61.26315789473684,54.05263157894738,11.668221052356163,11.668221052356163,11.668221052356163,11.668221052356163,0.2793600279313684
423,60.29787119002551,100.0,22.36842105263158,8.067679218790182,4010.650468948849,15,15,3749,4.0,4,28.57142857142857,36.285714285714285,3.8571428571428577,5.571428571428571,28.999999999999996,76.85714285714286,10.714285714285714,19.214285714285705,82.35714285714283,13.510347641256105,13.510347641256105,13.510347641256105,13.510347641256105,0.27818905362500623
424,23.09699772225173,100.0,18.67857142857143,14.595639960886903,7643.98616771775,10,10,3768,4.0,4,15.789473684210535,40.05263157894737,1.0000000000000002,2.1578947368421053,6.894736842105263,91.4736842105263,1.0000000000000002,5.947368421052633,11.736842105263156,10.867255686255367,10.867255686255367,10.867255686255367,10.867255686255367,0.27702298761148875
425,0.8077165132754205,100.0,12.526315789473683,16.22721447672164,3913.3770187388445,16,16,3781,4.0,4,46.15384615384615,40.00000000000001,0.9999999999999999,6.999999999999999,15.53846153846154,99.00000000000001,0.9999999999999999,17.69230769230769,30.230769230769234,9.377746614448439,9.377746614448439,9.377746614448439,9.377746614448439,0.27586180931706067
426,7.286296501113513,100.0,15.884615384615383,15.500076584003144,3095.682569229841,7,7,3797,4.0,4,6.25,23.25,1.0,35.375,11.5,55.75,1.0,88.1875,21.0,13.339152185835701,13.339152185835701,13.339152185835701,13.339152185835701,0.2747054982542046
427,20.66027596796575,100.0,17.78125,13.26989110298698,4758.5878576874165,15,15,3812,4.0,4,13.333333333333329,34.66666666666667,1.0,16.46666666666666,2.4,84.93333333333334,1.0,31.266666666666666,3.6000000000000005,16.011434599446755,16.011434599446755,16.011434599446755,16.011434599446755,0.273554034021279
428,7.109114922247535,100.0,13.633333333333336,13.936145061778696,3939.070937268358,13,13,3827,4.0,4,46.666666666666664,44.40000000000001,6.999999999999999,8.0,19.400000000000002,76.86666666666667,14.333333333333334,14.000000000000007,55.266666666666666,12.507775399717502,12.507775399717502,12.507775399717502,12.507775399717502,0.27240739630215854
429,23.55073599855362,100.0,19.7,15.284887628675586,4162.219344134792,8,8,3840,4.0,4,38.46153846153846,51.92307692307693,22.230769230769234,1.7692307692307692,24.384615384615387,91.00000000000001,67.61538461538461,3.6153846153846154,63.0,10.552303231983947,10.552303231983947,10.552303231983947,10.552303231983947,0.2716646604160832
430,27.128868306515383,100.0,25.076923076923073,18.219880489964822,4241.203174922983,8,8,3842,4.0,4,50.0,28.999999999999996,28.000000000000004,4.5,21.5,51.0,93.0,7.500000000000001,53.49999999999999,12.956920501892455,12.956920501892455,12.956920501892455,12.956920501892455,0.27115164529144364
431,3.8634906051380535,100.0,20.75,10.011489370028443,5609.921169001609,1,1,3856,4.0,4,14.285714285714292,20.857142857142858,27.57142857142858,8.714285714285715,7.928571428571429,31.000000000000007,90.42857142857143,16.428571428571434,16.071428571428566,10.331904285911671,10.331904285911671,10.331904285911671,10.331904285911671,0.27001507750071413
432,16.58548712879553,100.0,16.267857142857146,8.765387144239732,4500.014545715073,12,12,3863,4.0,4,57.142857142857146,18.999999999999996,30.28571428571429,12.714285714285714,2.571428571428571,24.0,70.0,25.999999999999996,7.714285714285715,10.317730282882362,10.317730282882362,10.317730282882362,10.317730282882362,0.2688832737833928
433,8.193873978489938,100.0,16.142857142857142,10.457188185404263,3996.4067224292585,3,3,3878,4.0,4,6.666666666666671,18.466666666666665,34.53333333333333,20.266666666666662,12.000000000000005,23.133333333333344,92.26666666666667,65.79999999999997,48.00000000000002,10.447294798602039,10.447294798602039,10.447294798602039,10.447294798602039,0.26775621417023937
434,37.16846100891914,100.0,21.316666666666663,8.354025770780153,3611.1924181352756,14,14,3888,4.0,4,20.0,11.000000000000002,32.4,20.999999999999996,20.8,11.000000000000002,86.30000000000001,68.0,70.39999999999999,8.647658997506369,8.647658997506369,8.647658997506369,8.647658997506369,0.26663387877571704
435,25.655347901416917,100.0,21.3,8.106155327260286,3441.5670939008123,8,8,3896,4.0,4,0.0,11.0,31.374999999999996,28.000000000000004,19.75,11.0,84.25,93.0,57.00000000000001,10.755767498267232,10.755767498267232,10.755767498267232,10.755767498267232,0.265516247797642
436,19.87397112634801,100.0,22.531250000000004,8.319200914006167,4384.1262650039425,8,8,3897,4.0,4,100.0,21.0,35.0,28.000000000000004,17.0,45.0,93.0,93.0,45.0,8.754326001508161,8.754326001508161,8.754326001508161,8.754326001508161,0.2647366946778312
437,3.3213796097342696,100.0,25.25,6.869315832017042,3023.5857130028307,0,0,3912,4.0,4,6.666666666666671,27.933333333333337,24.866666666666667,16.2,24.266666666666676,61.0,70.13333333333335,43.666666666666664,78.73333333333333,9.9524029326858,9.9524029326858,9.9524029326858,9.9524029326858,0.26362701599647337
438,44.8736363094217,100.0,23.316666666666663,7.0825951261411015,3594.1124264674727,14,14,3921,4.0,4,22.222222222222214,38.77777777777778,8.0,7.666666666666666,21.333333333333332,89.11111111111111,16.555555555555557,23.666666666666668,64.11111111111111,9.596290999777718,9.596290999777718,9.596290999777718,9.596290999777718,0.26252198867928467
439,15.637075638734604,100.0,18.944444444444443,12.823565227427933,4770.662772999559,7,7,3937,4.0,4,43.75,34.875,6.25,1.0,22.375,74.375,9.75,1.0,61.8125,10.535898499256291,10.535898499256291,10.535898499256291,10.535898499256291,0.2614215932294601
440,18.26855740873382,100.0,16.125,13.783679933451637,4761.9071971867015,9,9,3952,4.0,4,26.66666666666667,41.199999999999996,10.600000000000003,1.0,31.06666666666667,88.73333333333332,19.799999999999997,1.0,83.06666666666665,10.793782336016497,10.793782336016497,10.793782336016497,10.793782336016497,0.26032581023191853
441,23.351702549668204,100.0,20.96666666666667,16.199564690694768,4359.555062335373,11,11,3953,4.0,4,0.0,36.0,10.0,1.0,22.0,75.0,21.0,1.0,38.0,22.120252993772738,22.120252993772738,22.120252993772738,22.120252993772738,0.25999797186833973
442,1.3860656770007098,100.0,17.25,13.141061600951423,3756.777835995308,1,1,3964,4.0,4,63.63636363636363,31.636363636363633,10.545454545454545,22.0,31.181818181818187,67.72727272727273,21.90909090909091,91.63636363636365,54.18181818181819,14.578343453732403,14.578343453732403,14.578343453732403,14.578343453732403,0.25923462035295936
443,29.053157973764645,100.0,23.84090909090909,9.397235023522255,3876.343134815794,4,4,3966,4.0,4,50.0,30.0,18.5,23.0,43.0,65.0,50.0,96.0,76.0,678.9618075054022,678.9618075054022,678.9618075054022,678.9618075054022,0.25885378545421295
444,7.4762267115829895,100.0,28.625,9.294092630053054,4189.437724999152,1,1,3978,4.0,4,8.333333333333343,33.5,21.083333333333336,17.5,43.66666666666666,78.66666666666667,66.58333333333334,72.08333333333333,82.25000000000001,16.708662832873717,16.708662832873717,16.708662832873717,16.708662832873717,0.25776876576075164
445,47.47969701053372,100.0,28.9375,10.701440826288357,4724.488788164308,11,11,3979,4.0,4,0.0,39.0,20.0,1.0,46.0,85.0,62.0,1.0,96.0,9.068318002391607,9.068318002391607,9.068318002391607,9.068318002391607,0.25739008431120286
446,2.3081378284113763,100.0,26.5,17.528548142958105,3043.094297987409,1,1,3981,4.0,4,50.0,30.0,20.0,5.5,46.0,65.0,62.0,11.0,96.0,12.020768997899722,12.020768997899722,12.020768997899722,12.020768997899722,0.256634389528313
447,4.769323746887728,100.0,25.375000000000004,14.804994699659032,3217.348990001483,1,1,3991,4.0,4,10.0,21.099999999999998,19.1,10.0,35.099999999999994,35.8,69.39999999999999,21.000000000000004,77.9,10.757145601382945,10.757145601382945,10.757145601382945,10.757145601382945,0.2555586727248324
448,22.315199705840104,100.0,21.325,9.814245757412028,6050.434770697029,9,9,4001,4.0,4,50.0,18.2,23.000000000000004,11.000000000000002,38.0,39.2,96.00000000000001,24.4,70.59999999999998,10.556255499250256,10.556255499250256,10.556255499250256,10.556255499250256,0.25491540817820413
449,23.686172726806777,100.0,22.549999999999997,10.196089822719772,3299.767916899873,5,5,4015,4.0,4,50.0,25.35714285714286,16.428571428571427,12.92857142857143,34.85714285714286,63.92857142857142,66.35714285714286,39.28571428571427,62.92857142857143,11.252722499193624,11.252722499193624,11.252722499193624,11.252722499193624,0.2539002157564902
450,38.31921190053027,100.0,22.392857142857146,9.79018236102125,6305.193292001994,7,7,4030,4.0,4,33.33333333333334,34.93333333333333,8.666666666666668,7.666666666666668,31.799999999999994,65.86666666666667,18.666666666666668,23.66666666666667,74.33333333333333,13.470693066483364,13.470693066483364,13.470693066483364,13.470693066483364,0.2528359596020496
451,28.601056268128886,100.0,20.766666666666662,13.547569473889281,6167.143875001541,10,10,4034,4.0,4,25.0,39.0,3.25,11.0,36.0,85.0,6.0,35.0,96.0,9.960901999875205,9.960901999875205,9.960901999875205,9.960901999875205,0.2523585008441458
452,7.525722694828037,100.0,22.3125,15.5191228101636,3234.8302137543214,3,3,4053,4.0,4,21.05263157894737,32.21052631578947,12.684210526315788,12.105263157894738,30.263157894736842,73.63157894736841,30.684210526315788,31.368421052631568,76.73684210526315,12.295086105280605,12.295086105280605,12.295086105280605,12.295086105280605,0.2513007069905702
453,45.7609001564894,100.0,21.815789473684212,10.569975395517101,5149.58253889314,15,15,4064,4.0,4,18.181818181818173,12.81818181818182,23.45454545454545,2.909090909090909,35.36363636363637,17.181818181818183,74.45454545454545,4.545454545454546,79.72727272727272,18.401865089386277,18.401865089386277,18.401865089386277,18.401865089386277,0.2502473470190825
454,18.6289229611429,100.0,18.636363636363633,12.379623186441806,5971.925485634446,9,9,4068,4.0,4,75.0,18.5,12.0,3.5000000000000004,39.0,36.5,48.0,9.5,75.49999999999999,10.494768248463515,10.494768248463515,10.494768248463515,10.494768248463515,0.2497223239281998
455,7.762133929374764,100.0,18.249999999999996,13.293661288625321,4267.580784500751,1,1,4083,4.0,4,33.33333333333334,21.133333333333333,6.6000000000000005,1.666666666666667,40.73333333333334,45.866666666666674,22.599999999999998,3.266666666666667,89.80000000000001,12.953445666547244,12.953445666547244,12.953445666547244,12.953445666547244,0.2486755799569514
456,15.713109725964703,100.0,17.53333333333333,15.778924504437983,5703.9043590678675,10,10,4094,4.0,4,27.272727272727266,21.0,23.0,1.909090909090909,47.090909090909086,45.0,96.00000000000001,4.09090909090909,88.63636363636364,10.951920544770969,10.951920544770969,10.951920544770969,10.951920544770969,0.24773726227569823
457,22.373319047688224,100.0,23.25,16.17110621972138,3475.982346635481,8,8,4106,4.0,4,8.333333333333343,13.500000000000004,19.333333333333336,1.8333333333333337,50.5,19.499999999999996,80.08333333333334,3.833333333333333,96.5,10.611131830955856,10.611131830955856,10.611131830955856,10.611131830955856,0.24669883895149738
458,16.494928919380353,100.0,21.291666666666668,18.35480188066006,4658.945556000011,11,11,4125,4.0,4,52.631578947368425,21.52631578947369,9.894736842105264,1.0000000000000002,29.263157894736846,43.63157894736842,23.42105263157895,1.0000000000000002,62.947368421052644,13.907729470367101,13.907729470367101,13.907729470367101,13.907729470367101,0.24566476831526257
459,21.143102147819558,100.0,15.421052631578949,13.210587852671523,7316.015844633129,9,9,4138,4.0,4,15.384615384615387,12.384615384615389,18.76923076923077,16.692307692307693,29.999999999999993,14.076923076923082,44.61538461538461,58.769230769230774,96.00000000000003,10.870006998839717,10.870006998839717,10.870006998839717,10.870006998839717,0.24463503212212953
460,24.524532573562563,100.0,19.461538461538463,8.414630015286487,3900.926738461399,11,11,4156,4.0,4,22.222222222222214,34.55555555555555,7.333333333333333,13.277777777777777,17.666666666666668,68.55555555555556,15.611111111111109,48.61111111111111,51.722222222222236,54.65608005356949,54.65608005356949,54.65608005356949,54.65608005356949,0.24360961220370994
461,23.982107028737868,100.0,18.208333333333332,13.051989334286507,6140.790752666362,14,14,4171,4.0,4,26.66666666666667,20.466666666666665,25.53333333333333,1.0,13.466666666666665,30.40000000000001,71.80000000000001,1.0,24.66666666666667,24.372067200602032,24.372067200602032,24.372067200602032,24.372067200602032,0.24258849046777053
462,12.469196273740092,100.0,15.116666666666664,11.564804432729224,5937.718674799544,11,11,4189,4.0,4,22.222222222222214,20.166666666666668,34.16666666666666,1.3888888888888888,11.000000000000002,25.27777777777778,88.77777777777777,1.7222222222222225,34.99999999999999,126.41662200217576,126.41662200217576,126.41662200217576,126.41662200217576,0.24162238959972987
463,20.484080337635415,100.0,16.680555555555554,12.145498327192335,4950.052805277261,14,14,4190,4.0,4,100.0,24.0,31.0,8.0,11.0,31.0,62.0,14.000000000000002,35.0,9.632654997403733,9.632654997403733,9.632654997403733,9.632654997403733,0.2413181051772986
464,1.9319491588866557,100.0,18.5,9.394147114027968,3633.662918000482,0,0,4202,4.0,4,25.0,32.25,39.333333333333336,8.749999999999998,22.000000000000007,49.33333333333332,90.33333333333333,15.750000000000005,65.33333333333331,10.711491164935675,10.711491164935675,10.711491164935675,10.711491164935675,0.24040754916317944
465,29.696246162363785,100.0,25.58333333333333,11.690341907903347,3876.303298668063,9,9,4214,4.0,4,33.33333333333334,24.000000000000007,17.999999999999996,14.66666666666667,35.41666666666667,37.99999999999999,45.916666666666664,30.33333333333333,81.33333333333334,13.032995751321627,13.032995751321627,13.032995751321627,13.032995751321627,0.23939984929569974
466,30.694236870692126,100.0,23.020833333333336,9.12612160982471,7973.803897668404,8,8,4228,4.0,4,42.85714285714286,34.0,0.9999999999999999,20.285714285714285,30.214285714285715,75.57142857142856,0.9999999999999999,66.57142857142856,51.85714285714285,11.838558784802444,11.838558784802444,11.838558784802444,11.838558784802444,0.23839637333477556
467,31.2553476539162,100.0,21.375000000000004,13.085920916008757,4445.3961913573685,8,8,4231,4.0,4,33.33333333333334,35.66666666666667,3.0000000000000004,30.0,31.0,73.66666666666667,4.333333333333334,89.0,59.0,11.365377334489798,11.365377334489798,11.365377334489798,11.365377334489798,0.238196183452024
468,8.258975054914984,100.0,24.916666666666668,12.947256944958028,3981.9251426670235,2,2,4237,4.0,4,33.33333333333334,36.33333333333333,8.5,23.333333333333332,24.333333333333332,83.0,14.333333333333334,66.33333333333333,47.0,9.38906649874601,9.38906649874601,9.38906649874601,9.38906649874601,0.23774637064032025
469,13.876940325965816,100.0,23.125,10.515921916288901,4364.391582831256,4,4,4250,4.0,4,38.46153846153846,33.61538461538461,24.307692307692307,7.461538461538463,25.538461538461537,84.38461538461539,51.30769230769231,14.846153846153845,54.61538461538461,13.007099383125583,13.007099383125583,13.007099383125583,13.007099383125583,0.23674982545269213
470,30.605281506605643,100.0,22.730769230769234,10.658239473722706,5541.91795123244,8,8,4262,4.0,4,41.666666666666664,20.833333333333336,28.583333333333332,1.5,33.0,35.583333333333336,65.58333333333331,1.833333333333333,82.33333333333333,329.3100094185017,329.3100094185017,329.3100094185017,329.3100094185017,0.23600515877560516
471,22.755389895596075,100.0,20.979166666666668,12.8202323723228,6952.486547498363,7,7,4278,4.0,4,43.75,26.25,31.25,7.000000000000001,22.9375,43.5,74.6875,11.0,69.3125,11.16314062528545,11.16314062528545,11.16314062528545,11.16314062528545,0.2350159121065612
472,36.60274224732569,100.0,21.859375,10.14417656069066,4465.902998749698,9,9,4283,4.0,4,20.0,36.0,27.0,8.200000000000001,28.400000000000002,82.0,69.0,13.0,93.2,10.163406596984714,10.163406596984714,10.163406596984714,10.163406596984714,0.23437512645209735
473,14.34824584239339,100.0,24.900000000000002,10.322036222899449,2968.276860800688,4,4,4288,4.0,4,20.0,28.999999999999996,27.0,12.6,30.0,68.0,69.0,23.799999999999997,96.0,9.780760199646465,9.780760199646465,9.780760199646465,9.780760199646465,0.23393252937478493
474,14.943172038587889,100.0,24.65,7.043571091951225,3290.0524796015816,4,4,4308,4.0,4,44.99999999999999,29.800000000000004,11.999999999999996,18.099999999999998,25.749999999999996,69.30000000000001,27.9,53.39999999999999,69.14999999999999,9.874555451096967,9.874555451096967,9.874555451096967,9.874555451096967,0.23295197040452498
475,46.4873509218043,100.0,21.412499999999994,9.874405806972444,5624.932841700502,11,11,4322,4.0,4,35.71428571428571,35.42857142857142,1.9999999999999998,7.428571428571429,39.357142857142854,79.5714285714286,2.857142857142857,22.857142857142847,79.07142857142856,10.838622858240601,10.838622858240601,10.838622858240601,10.838622858240601,0.23197552157617957
476,21.35668456995918,100.0,21.053571428571427,16.826050199712427,4795.633475360643,9,9,4339,4.0,4,35.294117647058826,47.23529411764705,16.647058823529413,1.0,25.529411764705884,81.0,33.705882352941174,1.0,62.70588235294118,10.593344940228716,10.593344940228716,10.593344940228716,10.593344940228716,0.2310031656615482
477,27.773075027198946,100.0,22.60294117647059,17.454701339591328,4370.825558295644,11,11,4356,4.0,4,35.294117647058826,46.11764705882353,18.58823529411765,1.0,5.88235294117647,80.17647058823529,36.05882352941177,1.0,15.705882352941176,11.37331747176016,11.37331747176016,11.37331747176016,11.37331747176016,0.23003488550464457
478,16.289823450900315,100.0,17.897058823529413,17.824345111855884,5560.818768409423,11,11,4368,4.0,4,66.66666666666667,37.41666666666667,25.41666666666667,10.000000000000002,7.666666666666668,56.666666666666664,76.33333333333333,21.0,22.75,11.001072746391097,11.001072746391097,11.001072746391097,11.001072746391097,0.22907066402139414
479,23.682732723760974,100.0,20.125,12.99728540934611,4153.6887263294675,4,4,4385,4.0,4,11.764705882352942,27.705882352941174,24.529411764705884,9.470588235294118,36.0,51.23529411764706,65.11764705882354,19.823529411764703,98.99999999999999,48.142077527967665,48.142077527967665,48.142077527967665,48.142077527967665,0.2281104841993322
480,42.458196654232424,100.0,24.426470588235293,10.11727158491544,5094.378343292834,15,15,4386,4.0,4,100.0,30.0,11.0,1.0,25.0,72.0,35.0,1.0,52.0,8.802090000244789,8.802090000244789,8.802090000244789,8.802090000244789,0.22777537296675543
481,1.7549179077097825,100.0,16.75,11.453711188955307,3425.3347460035,0,0,4399,4.0,4,38.46153846153846,33.84615384615385,21.769230769230777,1.5384615384615383,9.307692307692308,69.23076923076923,71.00000000000001,2.0,16.384615384615387,14.866496923227364,14.866496923227364,14.866496923227364,14.866496923227364,0.22682062252754212
482,15.37402064674809,100.0,16.615384615384617,12.877455980369554,4372.660957921583,8,8,4400,4.0,4,0.0,45.0,18.0,8.0,10.0,92.0,59.0,14.000000000000002,21.0,12.118521000957116,12.118521000957116,12.118521000957116,12.118521000957116,0.22653497854299406
483,1.505899665711353,100.0,20.25,14.771171246722448,3097.5982040108647,1,1,4414,4.0,4,35.71428571428571,44.64285714285715,18.0,7.999999999999999,28.928571428571427,90.71428571428571,59.0,14.000000000000007,58.92857142857143,10.451775357068982,10.451775357068982,10.451775357068982,10.451775357068982,0.2255854273801795
484,33.67113610027639,100.0,24.89285714285714,13.77278583863914,3352.5849875721697,9,9,4429,4.0,4,6.666666666666671,22.199999999999996,12.000000000000005,7.0666666666666655,42.466666666666676,31.33333333333334,48.00000000000002,12.266666666666671,80.93333333333334,10.56815940149439,10.56815940149439,10.56815940149439,10.56815940149439,0.22463985638597556
485,29.937488505541392,100.0,20.93333333333333,14.251486911674654,4317.47587340069,14,14,4447,4.0,4,33.33333333333334,11.000000000000002,20.444444444444446,1.0000000000000002,37.611111111111114,11.000000000000002,73.44444444444443,1.0000000000000002,74.11111111111111,13.076622277569388,13.076622277569388,13.076622277569388,13.076622277569388,0.22369824887698195
486,23.674430616905088,100.0,17.51388888888889,13.827464708023118,6570.091225943341,12,12,4462,4.0,4,13.333333333333329,18.800000000000004,21.200000000000006,1.0,41.86666666666666,28.333333333333332,77.99999999999999,1.0,85.73333333333335,10.777480005829906,10.777480005829906,10.777480005829906,10.777480005829906,0.22276058823972894
487,27.9602770810907,100.0,20.71666666666667,14.623149508532366,3610.96189126838,13,13,4464,4.0,4,50.0,20.0,22.0,4.5,30.5,31.0,82.0,7.500000000000001,82.5,9.496979502728209,9.496979502728209,9.496979502728209,9.496979502728209,0.22252678783886892
488,4.061751095800493,100.0,19.25,9.421432516005481,4034.3561849949765,1,1,4480,4.0,4,12.5,17.1875,25.937500000000004,1.0,36.5,24.75,84.43750000000001,1.0,91.56249999999999,12.271892501303228,12.271892501303228,12.271892501303228,12.271892501303228,0.2215940375346607
489,27.921687807289807,100.0,20.15625,13.197209758537115,5640.883329559983,14,14,4500,4.0,4,55.0,20.650000000000006,37.4,3.4999999999999996,22.900000000000002,32.3,71.05,9.5,48.650000000000006,12.593903451488586,12.593903451488586,12.593903451488586,12.593903451488586,0.22066519697605405
490,38.83823396940312,100.0,21.1125,13.153145823893416,5943.565284450597,9,9,4502,4.0,4,0.0,17.5,15.0,10.500000000000002,22.0,41.5,30.5,30.5,49.5,12.129590497352183,12.129590497352183,12.129590497352183,12.129590497352183,0.22047989659043135
491,4.25817664585438,100.0,16.25,6.305585783876534,8108.862176501134,2,2,4518,4.0,4,43.75,40.375,12.062500000000002,6.625,30.437499999999996,77.18750000000001,27.6875,20.125,70.75,10.783054063722375,10.783054063722375,10.783054063722375,10.783054063722375,0.21955572610015578
492,30.79739540724951,100.0,22.375,15.400599222605624,6195.165862061003,9,9,4526,4.0,4,12.5,32.375,27.0,2.125,26.375,63.5,79.0,3.4999999999999996,78.0,11.360335627614404,11.360335627614404,11.360335627614404,11.360335627614404,0.21909509453977677
493,21.020639699971284,100.0,21.968749999999996,12.092242213167065,5032.999490626025,7,7,4535,4.0,4,11.111111111111114,12.11111111111111,25.555555555555554,1.666666666666667,30.0,14.777777777777779,82.33333333333334,2.111111111111111,89.0,12.12208944262885,12.12208944262885,12.12208944262885,12.12208944262885,0.2183142377182752
494,13.23583007664738,100.0,17.333333333333332,11.39897702628679,3210.069471557896,8,8,4551,4.0,4,50.0,21.187499999999996,26.625000000000004,7.750000000000002,35.375,30.000000000000004,87.00000000000001,12.25,74.6875,10.126004252015264,10.126004252015264,10.126004252015264,10.126004252015264,0.2173991448720505
495,32.2594138184459,100.0,22.734375,10.51271479363563,4773.556903813187,8,8,4569,4.0,4,33.33333333333334,39.55555555555555,23.38888888888889,2.0000000000000004,25.77777777777777,80.33333333333333,65.55555555555556,2.666666666666667,44.11111111111111,10.98854288850109,10.98854288850109,10.98854288850109,10.98854288850109,0.21648788775786956
496,34.45196799281525,100.0,22.680555555555554,15.575726266994035,5593.982201945134,12,12,4586,4.0,4,76.47058823529412,30.88235294117647,30.176470588235293,12.058823529411766,17.235294117647058,46.58823529411765,53.94117647058824,33.70588235294118,33.8235294117647,11.064435234669979,11.064435234669979,11.064435234669979,11.064435234669979,0.2155804502977568
497,42.2858141531773,100.0,22.588235294117645,9.786933231949172,4207.485757765586,4,4,4603,4.0,4,0.0,11.470588235294118,22.647058823529413,23.705882352941178,27.588235294117645,11.76470588235294,47.82352941176471,69.58823529411765,82.3529411764706,13.79464311621097,13.79464311621097,13.79464311621097,13.79464311621097,0.21467681648112985
498,40.69783064162381,100.0,21.35294117647059,9.473520840340806,5653.2478667624455,17,17,4617,4.0,4,14.285714285714292,15.499999999999996,1.6428571428571428,36.0,18.857142857142858,17.42857142857143,2.4285714285714284,99.00000000000001,53.92857142857142,11.684215285640676,11.684215285640676,11.684215285640676,11.684215285640676,0.21391170644103674
499,15.504306980161022,100.0,17.999999999999996,12.474876667774442,3876.1911240009276,12,12,4635,4.0,4,22.222222222222214,16.444444444444443,11.777777777777779,37.72222222222222,11.388888888888888,18.777777777777775,24.22222222222222,85.77777777777776,45.38888888888889,11.24218705647056,11.24218705647056,11.24218705647056,11.24218705647056,0.2130150673838053
500,31.443473414162842,100.0,19.333333333333336,10.943648359638933,4170.48058910829,14,14,4643,4.0,4,12.5,11.0,10.0,50.75000000000001,1.0,11.0,21.0,89.0,1.0,10.768751753857941,10.768751753857941,10.768751753857941,10.768751753857941,0.21212218670713348
501,6.07023578810073,100.0,18.1875,19.201168716924073,3515.2285960048175,7,7,4660,4.0,4,23.529411764705884,11.0,7.764705882352942,50.05882352941177,1.0,11.0,23.176470588235297,90.76470588235294,1.0,9.914789939477274,9.914789939477274,9.914789939477274,9.914789939477274,0.2112330486572747
502,10.112804169441825,100.0,17.455882352941178,19.39741742407993,4824.886151883916,13,13,4675,4.0,4,26.66666666666667,11.000000000000004,26.133333333333347,42.266666666666666,9.66666666666667,11.000000000000004,76.66666666666669,87.26666666666667,30.46666666666667,11.313659201065699,11.313659201065699,11.313659201065699,11.313659201065699,0.21034763754651634
503,33.45751788857541,100.0,22.26666666666667,13.420899691941893,4795.155531531782,11,11,4691,4.0,4,18.75,11.0,25.1875,37.8125,9.125,11.0,72.75,88.75,28.625,13.590793687399128,13.590793687399128,13.590793687399128,13.590793687399128,0.20946593775290284
504,32.682268782796655,100.0,20.78125,11.888013894062691,5021.634300061123,13,13,4710,4.0,4,52.631578947368425,18.789473684210524,28.73684210526316,37.94736842105262,1.0000000000000002,25.52631578947368,75.42105263157896,73.63157894736841,1.0000000000000002,12.367680367835993,12.367680367835993,12.367680367835993,12.367680367835993,0.2085879337199603
505,31.547978189701215,100.0,21.61842105263158,14.20174656032796,5057.715609947703,9,9,4711,4.0,4,100.0,19.0,36.0,37.0,7.000000000000001,24.0,99.0,69.0,11.0,12.196537005365826,12.196537005365826,12.196537005365826,12.196537005365826,0.20828150256308084
506,1.8980313034233216,100.0,24.75,12.497499749949988,3899.04747599212,0,0,4723,4.0,4,58.33333333333333,12.333333333333336,25.833333333333336,20.416666666666664,6.583333333333334,13.166666666666668,68.66666666666666,36.91666666666666,10.416666666666668,35.070831752818776,35.070831752818776,35.070831752818776,35.070831752818776,0.20740846324604661
507,13.458996221564615,100.0,16.291666666666664,10.588282131122686,13373.71981658483,5,5,4732,4.0,4,77.77777777777777,23.0,27.66666666666666,1.7777777777777777,28.22222222222222,45.66666666666667,82.33333333333334,2.444444444444445,49.77777777777778,47.37046599459265,47.37046599459265,47.37046599459265,47.37046599459265,0.2067126673402075
508,15.39323281260832,100.0,20.166666666666664,12.879888695324542,7365.394329336898,2,2,4736,4.0,4,100.0,38.0,3.75,14.000000000000002,38.0,89.0,12.75,38.0,69.0,11.532508251548279,11.532508251548279,11.532508251548279,11.532508251548279,0.206322308415209
509,9.882081906806198,100.0,23.437500000000004,15.131175002699383,4502.04813174787,0,0,4750,4.0,4,28.57142857142857,38.21428571428571,16.71428571428571,16.142857142857142,26.857142857142858,77.50000000000001,58.428571428571416,51.28571428571428,48.857142857142854,13.400981357595551,13.400981357595551,13.400981357595551,13.400981357595551,0.20545748131817393
510,46.11165145942727,100.0,24.482142857142858,11.960673215384611,7472.962902785054,10,10,4766,4.0,4,18.75,49.4375,8.937500000000002,1.0,22.3125,82.43750000000001,26.0,1.0,93.0,13.384760249209648,13.384760249209648,13.384760249209648,13.384760249209648,0.2045962792576824
511,21.543971174111437,100.0,20.421875,18.89852495276083,5205.857127691161,13,13,4767,4.0,4,100.0,55.00000000000001,7.000000000000001,1.0,23.0,92.0,11.0,1.0,96.0,7.990166006493382,7.990166006493382,7.990166006493382,7.990166006493382,0.20425281003793602
512,1.1954123708417437,100.0,21.500000000000004,20.946360065653412,3188.5489499982214,0,0,4781,4.0,4,21.42857142857143,52.142857142857146,0.9999999999999999,16.57142857142857,5.714285714285714,86.35714285714288,0.9999999999999999,44.28571428571429,21.14285714285713,10.367547001806088,10.367547001806088,10.367547001806088,10.367547001806088,0.20339665751558791
513,15.338772549980277,100.0,18.857142857142854,20.183109459037908,5124.8229940704605,11,11,4796,4.0,4,0.0,56.400000000000006,1.0,23.0,1.0,92.33333333333333,1.0,74.46666666666665,1.0,10.844797531414466,10.844797531414466,10.844797531414466,10.844797531414466,0.20254409366916254
514,14.899886262485884,100.0,20.349999999999998,22.715942002869642,4127.142271401438,15,15,4797,4.0,4,0.0,39.0,1.0,21.0,1.0,62.0,1.0,69.0,1.0,12.853879001340829,12.853879001340829,12.853879001340829,12.853879001340829,0.20216160673361652
515,1.0466658150639838,100.0,15.5,15.835087622113116,2718.9992219937267,1,1,4810,4.0,4,61.53846153846153,34.92307692307693,0.9999999999999999,27.769230769230766,0.9999999999999999,63.38461538461539,0.9999999999999999,65.0769230769231,0.9999999999999999,13.382602614001371,13.382602614001371,13.382602614001371,13.382602614001371,0.20131421976501232
516,10.067083574327219,100.0,16.173076923076923,15.752767986487681,6256.672397846929,5,5,4817,4.0,4,28.57142857142857,44.0,2.0,30.428571428571434,3.8571428571428577,99.00000000000001,2.857142857142857,81.71428571428572,10.714285714285714,14.53603885602206,14.53603885602206,14.53603885602206,14.53603885602206,0.20089185918793248
517,8.22713905407565,100.0,20.07142857142857,17.98803211408436,4585.855031710317,5,5,4834,4.0,4,29.411764705882348,35.411764705882355,8.176470588235295,30.23529411764706,1.0,75.94117647058822,13.941176470588236,80.3529411764706,1.0,78.57037364652463,78.57037364652463,78.57037364652463,78.57037364652463,0.2000497945331989
518,21.47752031061318,100.0,18.705882352941174,14.942833482806176,5409.29917123696,12,12,4847,4.0,4,46.15384615384615,43.53846153846154,19.538461538461537,22.6923076923077,1.4615384615384615,92.84615384615383,49.84615384615384,42.15384615384616,1.7692307692307692,26.86803946002888,26.86803946002888,26.86803946002888,26.86803946002888,0.19925310265479523
519,19.12186802966524,100.0,21.80769230769231,16.276246003549957,4531.733810613961,7,7,4861,4.0,4,50.0,13.142857142857148,37.14285714285715,9.785714285714288,25.14285714285714,18.28571428571428,74.14285714285714,17.071428571428577,62.928571428571445,11.892015570733097,11.892015570733097,11.892015570733097,11.892015570733097,0.19841790706364568
520,27.476628216247867,100.0,21.303571428571423,11.272322820470595,6203.762937785151,7,7,4867,4.0,4,0.0,11.0,37.333333333333336,1.0,35.99999999999999,11.0,81.0,1.0,99.00000000000001,11.084240667211512,11.084240667211512,11.084240667211512,11.084240667211512,0.19758621230468484
521,7.68000551457496,100.0,21.333333333333336,15.768470697217271,4263.273654166066,6,6,4878,4.0,4,18.181818181818173,13.181818181818187,34.18181818181817,1.5454545454545454,35.99999999999999,19.545454545454543,75.81818181818181,1.909090909090909,99.00000000000001,10.405502636620605,10.405502636620605,10.405502636620605,10.405502636620605,0.19708886974173054
522,15.618188586749907,100.0,21.227272727272727,14.694106047490038,4206.916186274611,9,9,4896,4.0,4,44.44444444444444,12.333333333333332,32.44444444444445,8.500000000000002,30.944444444444446,13.166666666666668,63.888888888888886,17.666666666666664,84.33333333333334,11.052306720456626,11.052306720456626,11.052306720456626,11.052306720456626,0.1962627458175368
523,33.755873129776695,100.0,21.055555555555554,11.407758781791905,5138.7391712212575,10,10,4912,4.0,4,43.75,15.999999999999998,29.6875,4.437500000000001,29.812500000000004,19.124999999999996,72.24999999999999,9.375,65.8125,14.414147936804511,14.414147936804511,14.414147936804511,14.414147936804511,0.1954400847004464
524,29.884725617925135,100.0,19.984375,11.586675911070818,7865.925901813171,9,9,4923,4.0,4,18.181818181818173,11.000000000000002,27.727272727272727,0.9999999999999999,42.90909090909091,11.000000000000002,82.09090909090911,0.9999999999999999,80.54545454545455,16.815087814889424,16.815087814889424,16.815087814889424,16.815087814889424,0.19462087187564792
525,17.700654214259302,100.0,20.659090909090907,16.062815353562982,5047.055568454776,9,9,4936,4.0,4,38.46153846153846,11.000000000000004,23.07692307692308,0.9999999999999999,45.38461538461539,11.000000000000004,51.53846153846152,0.9999999999999999,83.46153846153845,11.676008000414676,11.676008000414676,11.676008000414676,11.676008000414676,0.1938050928891704
526,14.815102003228272,100.0,20.115384615384617,17.324681035771,5608.336773153636,8,8,4953,4.0,4,23.529411764705884,11.0,32.8235294117647,1.0,48.23529411764705,11.0,76.05882352941177,1.0,85.82352941176471,10.95777929517413,10.95777929517413,10.95777929517413,10.95777929517413,0.1929927333476289
527,23.838081022881752,100.0,23.26470588235294,18.60274701307178,5467.374934997198,13,13,4966,4.0,4,23.076923076923066,11.000000000000004,27.153846153846157,8.615384615384617,32.53846153846153,11.000000000000004,84.38461538461539,33.53846153846153,64.15384615384616,12.022559770579951,12.022559770579951,12.022559770579951,12.022559770579951,0.19218377891797017
528,24.58781125552279,100.0,19.826923076923077,10.856954975451048,4900.886698999854,10,10,4983,4.0,4,11.764705882352942,14.176470588235295,31.764705882352946,20.705882352941178,12.470588235294118,18.058823529411764,84.47058823529412,76.47058823529412,27.058823529411764,13.444373236886937,13.444373236886937,13.444373236886937,13.444373236886937,0.1913782153272198
529,37.82963863271162,100.0,19.779411764705884,8.916906176655404,5589.048317351947,15,15,4989,4.0,4,66.66666666666667,20.0,24.0,22.833333333333332,2.0,31.0,59.66666666666667,55.99999999999999,2.666666666666667,10.890164332522545,10.890164332522545,10.890164332522545,10.890164332522545,0.19081633074930926
530,9.841518545094754,100.0,17.208333333333336,9.415900412041346,4351.643174001462,2,2,5001,4.0,4,16.666666666666657,21.500000000000004,32.74999999999999,23.0,1.5000000000000004,34.333333333333336,93.16666666666667,45.0,1.8333333333333337,15.517378833465045,15.517378833465045,15.517378833465045,15.517378833465045,0.19001649899744305
531,19.559358912533767,100.0,19.687500000000004,11.515632297923673,4696.705516415629,10,10,5010,4.0,4,0.0,19.000000000000004,31.88888888888889,26.77777777777778,1.0,28.777777777777775,84.33333333333333,77.88888888888889,1.0,68.4445356665593,68.4445356665593,68.4445356665593,68.4445356665593,0.1892200198455812
532,15.126220151154772,100.0,19.666666666666664,12.243112412571534,6974.422260890909,9,9,5018,4.0,4,25.0,16.125,30.625000000000004,13.374999999999998,1.0,18.5,86.125,54.0,1.0,11.018948503988213,11.018948503988213,11.018948503988213,11.018948503988213,0.1884268792408597
533,10.329926739972423,100.0,15.281250000000002,10.924007625495022,4029.574013879028,6,6,5036,4.0,4,11.111111111111114,24.000000000000004,29.61111111111111,22.33333333333333,1.0000000000000002,30.999999999999993,82.1111111111111,71.22222222222221,1.0000000000000002,25.122774111676133,25.122774111676133,25.122774111676133,25.122774111676133,0.1876370631893191
534,33.71006059855602,100.0,19.23611111111111,11.183123587245927,3888.8837508889587,16,16,5046,4.0,4,10.0,19.1,35.8,20.0,1.6,23.0,83.0,55.00000000000001,2.0,10.505178399034776,10.505178399034776,10.505178399034776,10.505178399034776,0.18704687450353502
535,17.416300816482867,100.0,19.125,12.337618224994088,4078.7258554963046,9,9,5061,4.0,4,60.0,11.933333333333335,35.333333333333336,14.866666666666664,11.133333333333331,12.333333333333336,75.93333333333334,36.86666666666665,18.2,14.153878334521627,14.153878334521627,14.153878334521627,14.153878334521627,0.18626284292338785
536,22.656067308633844,100.0,18.31666666666667,11.149122126044109,6666.530223730176,6,6,5080,4.0,4,42.10526315789473,14.315789473684216,41.78947368421053,1.0000000000000002,29.789473684210527,18.368421052631582,85.78947368421052,1.0000000000000002,69.47368421052632,12.434070369253229,12.434070369253229,12.434070369253229,12.434070369253229,0.18548209771474686
537,27.875123738409915,100.0,21.723684210526315,16.033138956680617,5359.496081208866,11,11,5092,4.0,4,50.0,20.000000000000004,33.16666666666667,0.9999999999999999,29.83333333333334,31.0,76.08333333333333,0.9999999999999999,61.74999999999999,13.278795666944157,13.278795666944157,13.278795666944157,13.278795666944157,0.1847046251023534
538,21.59219708962724,100.0,21.0,13.044787480929813,6342.546872499952,6,6,5110,4.0,4,38.888888888888886,13.499999999999998,31.22222222222223,2.6666666666666665,26.222222222222218,16.555555555555557,73.11111111111111,6.666666666666667,70.5,18.397182112999467,18.397182112999467,18.397182112999467,18.397182112999467,0.18393041136868987
539,27.367622335567596,100.0,18.40277777777778,12.547160517761757,5815.4405525557295,11,11,5117,4.0,4,85.71428571428572,18.142857142857142,29.142857142857142,17.857142857142858,31.142857142857146,35.14285714285714,77.85714285714285,49.28571428571429,54.85714285714286,11.053426430277925,11.053426430277925,11.053426430277925,11.053426430277925,0.18362163529949815
540,21.924255269813255,100.0,24.071428571428573,7.43615284551211,4908.687473858923,1,1,5136,4.0,4,47.36842105263158,35.68421052631579,25.57894736842105,10.000000000000002,5.105263157894737,82.42105263157895,60.26315789473684,20.105263157894736,8.263157894736842,13.031520893778897,13.031520893778897,13.031520893778897,13.031520893778897,0.18285196106005852
541,25.131230864739774,100.0,19.092105263157897,13.419280501978506,5011.91455552716,10,10,5143,4.0,4,28.57142857142857,28.000000000000004,35.0,18.857142857142854,2.2857142857142856,45.00000000000001,93.0,60.0,3.8571428571428577,10.499101288067843,10.499101288067843,10.499101288067843,10.499101288067843,0.18254499545627406
542,12.511059003266219,100.0,21.035714285714285,12.40254583667959,3358.4963559987955,5,5,5147,4.0,4,50.0,24.0,33.24999999999999,27.750000000000004,11.500000000000002,38.0,90.25,84.00000000000001,23.5,10.660772502887994,10.660772502887994,10.660772502887994,10.660772502887994,0.18231510948170795
543,10.74867150102347,100.0,24.125,8.500299949009325,6185.472425502667,2,2,5163,4.0,4,56.25,28.375,3.5624999999999996,23.625,19.25,53.25,10.687500000000002,55.8125,34.12499999999999,13.111172498611268,13.111172498611268,13.111172498611268,13.111172498611268,0.18155091171710463
544,28.506603745438568,100.0,18.703125,11.100786988595953,6730.625208560014,7,7,5178,4.0,4,26.66666666666667,34.53333333333334,1.4000000000000001,12.533333333333339,16.266666666666662,86.06666666666668,1.6666666666666667,38.533333333333324,26.599999999999994,13.340647668034459,13.340647668034459,13.340647668034459,13.340647668034459,0.18094186048025004
545,18.873670925243754,100.0,16.183333333333337,12.409664449328508,5521.587811862507,11,11,5196,4.0,4,33.33333333333334,18.222222222222218,23.61111111111111,19.944444444444446,6.333333333333336,29.666666666666668,58.3888888888889,66.22222222222221,12.77777777777778,13.952490167866927,13.952490167866927,13.952490167866927,13.952490167866927,0.18018341886948464
546,28.113960633194207,100.0,17.02777777777778,9.230101486815991,5430.415907169744,12,12,5210,4.0,4,35.71428571428571,20.714285714285715,25.000000000000007,16.571428571428573,13.214285714285715,47.57142857142857,74.92857142857144,38.571428571428555,43.14285714285715,29.280801070854068,29.280801070854068,29.280801070854068,29.280801070854068,0.17961667468059608
547,33.07156128337356,100.0,18.875,7.690869058294987,4922.250792072321,9,9,5220,4.0,4,20.0,29.799999999999997,9.6,20.700000000000003,26.200000000000003,80.5,21.599999999999998,46.4,82.6,21.84037859842647,21.84037859842647,21.84037859842647,21.84037859842647,0.17886378776043563
548,25.905920574314692,100.0,21.575000000000003,8.486145481527116,9866.838407499017,8,8,5238,4.0,4,50.0,23.722222222222225,6.5,26.055555555555564,4.777777777777778,55.05555555555554,16.055555555555557,65.05555555555556,7.4444444444444455,27.51029700124895,27.51029700124895,27.51029700124895,27.51029700124895,0.17811405666484192
549,15.637473768825688,100.0,15.263888888888888,12.719000889013088,6613.301734388288,9,9,5250,4.0,4,25.0,11.000000000000004,37.75,34.5,11.083333333333334,11.000000000000004,87.41666666666666,76.16666666666667,44.08333333333334,11.232358836423373,11.232358836423373,11.232358836423373,11.232358836423373,0.17736746816576102
550,27.877606110887875,100.0,23.583333333333336,12.93380391600826,4138.759045834983,9,9,5264,4.0,4,28.57142857142857,20.857142857142858,33.14285714285715,11.714285714285715,7.285714285714286,33.357142857142854,83.42857142857144,26.999999999999996,27.857142857142847,23.22817314312228,23.22817314312228,23.22817314312228,23.22817314312228,0.17662400909058637
551,23.46887414716552,100.0,18.249999999999996,11.414392033671767,6909.73931300167,10,10,5265,4.0,4,100.0,38.0,28.000000000000004,1.0,1.0,79.0,82.0,1.0,1.0,8.711508999112993,8.711508999112993,8.711508999112993,8.711508999112993,0.17625344898562845
552,1.2665857119133401,100.0,17.0,16.38596960817394,2662.076882988913,0,0,5285,4.0,4,15.0,33.599999999999994,34.04999999999999,1.0000000000000002,7.450000000000001,71.30000000000001,88.79999999999998,1.0000000000000002,11.849999999999998,17.683722849324113,17.683722849324113,17.683722849324113,17.683722849324113,0.17551465946839453
553,25.717436767559473,100.0,19.025,15.179611716062483,3563.4611204004614,17,17,5296,4.0,4,45.45454545454546,16.818181818181817,48.00000000000001,0.9999999999999999,22.09090909090909,26.636363636363637,99.00000000000001,0.9999999999999999,36.81818181818181,10.310253455166027,10.310253455166027,10.310253455166027,10.310253455166027,0.17477896668460846
554,11.618826064324026,100.0,21.977272727272723,17.373032334378358,3623.2607868190494,6,6,5312,4.0,4,31.25,12.75,37.625,1.0,22.125,15.625,79.0625,1.0,41.75000000000001,13.941672187684162,13.941672187684162,13.941672187684162,13.941672187684162,0.17404635765390464
555,20.125394084370335,100.0,18.375000000000004,13.877331894036793,6470.639990812742,11,11,5328,4.0,4,37.5,13.625000000000002,42.25,1.5625,1.0,20.3125,78.875,2.25,1.0,11.670950749248732,11.670950749248732,11.670950749248732,11.670950749248732,0.17331681945032637
556,8.22829400471522,100.0,14.609375,16.92195884982951,5247.335781686161,10,10,5344,4.0,4,25.0,21.0,33.625,26.875000000000004,1.0,45.0,81.75,72.5625,1.0,12.349403687949234,12.349403687949234,12.349403687949234,12.349403687949234,0.1725903392020978
557,30.519099654896365,100.0,20.625,12.270378918041223,5395.077503063476,12,12,5361,4.0,4,11.764705882352942,11.0,31.05882352941176,7.764705882352942,1.0,11.0,83.17647058823529,14.470588235294118,1.0,23.76194535206784,23.76194535206784,23.76194535206784,23.76194535206784,0.17186690409139674
558,10.43574266365351,100.0,12.705882352941178,11.314229499210468,7483.4237578222255,15,15,5362,4.0,4,100.0,23.0,27.0,1.0,1.0,57.99999999999999,79.0,1.0,1.0,2318.3885339967674,2318.3885339967674,2318.3885339967674,2318.3885339967674,0.17165046545037044
559,1.041117322589289,100.0,13.0,12.083045973594574,16627.423909987556,0,0,5366,4.0,4,75.0,28.000000000000004,22.499999999999996,3.5000000000000004,7.000000000000001,75.0,71.5,9.5,13.5,11.440801499702502,11.440801499702502,11.440801499702502,11.440801499702502,0.17118244966855917
560,5.484669192651231,100.0,15.25,10.883042411049008,4941.814458255976,1,1,5374,4.0,4,87.5,25.5,21.000000000000004,1.875,25.0,66.5,61.24999999999999,2.6250000000000004,47.0,15.484918005313375,15.484918005313375,15.484918005313375,15.484918005313375,0.17085918647481763
561,15.320507657488221,100.0,18.343749999999996,10.48559284318511,4412.316412002838,1,1,5390,4.0,4,31.25,30.75,11.5625,8.0,47.875,71.24999999999999,36.25,14.000000000000002,89.6875,13.954157562693581,13.954157562693581,13.954157562693581,13.954157562693581,0.17014300771850283
562,34.86789850435392,100.0,24.546875,16.20185592985956,3920.596820625178,11,11,5406,4.0,4,50.0,25.5,25.624999999999996,11.4375,28.500000000000004,51.5625,58.3125,26.125,51.81249999999999,16.9577192482393,16.9577192482393,16.9577192482393,16.9577192482393,0.16946541865757528
563,30.224000646196284,100.0,22.765625,15.068017564246977,9588.252322373592,8,8,5419,4.0,4,30.769230769230774,13.076923076923078,39.307692307692314,26.30769230769231,0.9999999999999999,14.076923076923078,91.4615384615385,77.46153846153845,0.9999999999999999,14.324218383990228,14.324218383990228,14.324218383990228,14.324218383990228,0.16875508206241413
564,17.145234331508878,100.0,19.92307692307692,14.47837608716725,4458.623645773444,9,9,5437,4.0,4,5.555555555555557,15.277777777777777,28.833333333333332,10.11111111111111,1.0000000000000002,17.11111111111111,80.22222222222223,33.55555555555555,1.0000000000000002,25.00246350084328,25.00246350084328,25.00246350084328,25.00246350084328,0.16804772293653492
565,15.47184157056277,100.0,13.805555555555557,11.292769703924293,6277.042645669199,17,17,5446,4.0,4,33.33333333333334,11.777777777777779,32.44444444444445,10.777777777777779,12.000000000000002,12.11111111111111,70.22222222222221,42.77777777777778,48.00000000000001,10.47748278102113,10.47748278102113,10.47748278102113,10.47748278102113,0.16755433645725581
566,18.12166510580237,100.0,16.75,9.267781121160718,5300.99995277932,6,6,5465,4.0,4,21.05263157894737,18.000000000000004,23.78947368421053,15.842105263157896,30.47368421052632,21.0,44.315789473684205,52.26315789473684,86.21052631578947,12.286661365865974,12.286661365865974,12.286661365865974,12.286661365865974,0.1668520104145365
567,48.95995707584714,100.0,22.026315789473685,6.7574526259389005,3942.511763053756,15,15,5484,4.0,4,26.31578947368422,15.421052631578949,18.105263157894736,5.736842105263158,34.05263157894737,17.31578947368421,55.05263157894736,11.526315789473681,80.15789473684211,17.029547841000173,17.029547841000173,17.029547841000173,17.029547841000173,0.16615262826381497
568,29.531968476191953,100.0,18.32894736842105,11.298095046927182,6398.871794262576,14,14,5503,4.0,4,31.578947368421055,25.94736842105263,39.68421052631579,1.0000000000000002,13.578947368421051,36.84210526315789,81.3157894736842,1.0000000000000002,30.578947368421055,13.32811947519842,13.32811947519842,13.32811947519842,13.32811947519842,0.16545617766538057
569,27.062355076855198,100.0,20.052631578947373,14.97067377779918,4838.390740737515,13,13,5517,4.0,4,35.71428571428571,16.071428571428573,43.92857142857142,8.071428571428571,11.714285714285717,19.428571428571423,83.71428571428572,31.214285714285715,23.71428571428571,11.814656785905495,11.814656785905495,11.814656785905495,11.814656785905495,0.16476264633124624
570,23.21268087023512,100.0,19.94642857142857,14.54710517643713,5414.769704140781,9,9,5533,4.0,4,37.5,11.0,13.5,6.5625,29.875,11.0,26.749999999999996,22.9375,74.875,17.253304624318844,17.253304624318844,17.253304624318844,17.253304624318844,0.1640720220249317
571,20.049475208853607,100.0,15.234375,10.119576869244383,5788.271918688224,10,10,5549,4.0,4,31.25,11.0,8.625,7.187499999999999,30.4375,11.0,21.625,14.75,75.3125,158.10952912579523,158.10952912579523,158.10952912579523,158.10952912579523,0.16338429256124737
572,15.841170971054684,100.0,14.3125,10.21003225422994,9715.863470996737,11,11,5566,4.0,4,5.882352941176478,11.0,29.058823529411764,1.0,25.882352941176467,11.0,94.35294117647058,1.0,89.11764705882354,11.799533352399628,11.799533352399628,11.799533352399628,11.799533352399628,0.16269944580607962
573,20.45865746513467,100.0,16.735294117647058,11.473149853897292,2863.45466835123,16,16,5578,4.0,4,8.333333333333343,11.000000000000004,29.999999999999993,8.5,27.83333333333334,11.000000000000004,96.00000000000003,17.666666666666668,92.58333333333333,9.848947749560466,9.848947749560466,9.848947749560466,9.848947749560466,0.1620174696761765
574,20.89815564670106,100.0,19.333333333333336,9.735922092764387,3161.2046114156933,11,11,5592,4.0,4,14.285714285714292,11.000000000000004,8.0,8.071428571428573,29.214285714285715,11.000000000000004,24.64285714285714,16.714285714285708,83.57142857142857,16.717433926325093,16.717433926325093,16.717433926325093,16.717433926325093,0.16133835213893452
575,13.750798079395182,100.0,14.071428571428571,9.793309008343844,8978.840519500538,12,12,5609,4.0,4,70.58823529411765,12.52941176470588,26.823529411764707,3.176470588235294,7.352941176470589,18.0,58.235294117647065,5.529411764705882,16.470588235294116,410.6159550608615,410.6159550608615,410.6159550608615,410.6159550608615,0.1606620812121865
576,12.590313751677712,100.0,12.470588235294118,11.360973585233982,16591.254603588503,5,5,5611,4.0,4,100.0,11.0,33.0,17.0,4.0,11.0,69.0,35.0,6.0,20.583274999808054,20.583274999808054,20.583274999808054,20.583274999808054,0.16025768006340374
577,2.587019157445715,100.0,16.249999999999996,10.753840851427784,5341.867809496762,0,0,5630,4.0,4,15.789473684210535,11.000000000000002,27.210526315789473,16.47368421052631,20.21052631578948,11.000000000000002,69.10526315789474,32.36842105263158,66.6842105263158,30.465215526515077,30.465215526515077,30.465215526515077,30.465215526515077,0.15958593891582074
578,36.03678376489826,100.0,18.72368421052632,8.257740521950577,7489.06116736869,16,16,5648,4.0,4,55.55555555555556,11.888888888888888,14.11111111111111,8.722222222222223,26.666666666666668,12.444444444444443,54.27777777777778,14.944444444444443,70.33333333333334,28.252700166679762,28.252700166679762,28.252700166679762,28.252700166679762,0.15891701345962408
579,26.073777239560076,100.0,15.347222222222223,7.826308809726354,9487.658653386461,8,8,5667,4.0,4,26.31578947368422,15.210526315789474,22.47368421052631,7.000000000000002,25.894736842105264,17.842105263157897,65.15789473684211,11.000000000000002,73.94736842105264,20.143885579799598,20.143885579799598,20.143885579799598,20.143885579799598,0.15825089189247302
580,32.831190476719435,100.0,17.644736842105264,8.45518091887992,6146.648432421467,14,14,5673,4.0,4,0.0,17.0,30.83333333333333,2.5000000000000004,25.666666666666664,24.666666666666668,82.16666666666667,5.166666666666667,75.83333333333333,116.44725933729205,116.44725933729205,116.44725933729205,116.44725933729205,0.15798522572024504
581,9.170566370242895,100.0,19.000000000000004,11.47648710432494,6239.861494999786,6,6,5691,4.0,4,16.666666666666657,11.000000000000002,15.722222222222223,1.3333333333333335,37.16666666666667,11.000000000000002,32.44444444444444,1.5555555555555556,89.27777777777777,15.686189056497016,15.686189056497016,15.686189056497016,15.686189056497016,0.15738910634778497
582,15.575014033029523,100.0,16.305555555555554,13.499051825958233,3877.554001834748,15,15,5702,4.0,4,9.090909090909093,11.000000000000002,0.9999999999999999,7.545454545454547,42.63636363636364,11.000000000000002,0.9999999999999999,11.90909090909091,93.90909090909093,11.139758545058696,11.139758545058696,11.139758545058696,11.139758545058696,0.15672938920428642
583,4.248189098224392,100.0,15.545454545454549,16.065173862789393,5409.634613815631,10,10,5717,4.0,4,13.333333333333329,14.6,14.933333333333335,11.4,33.199999999999996,19.0,61.13333333333334,18.33333333333333,64.86666666666669,11.604181202710606,11.604181202710606,11.604181202710606,11.604181202710606,0.15607243735197943
584,19.521505587512472,100.0,18.53333333333334,10.330586742315349,4378.800874131654,13,13,5722,4.0,4,40.0,20.0,23.000000000000004,8.8,24.0,31.0,96.0,15.0,56.400000000000006,9.544250596081838,9.544250596081838,9.544250596081838,9.544250596081838,0.1556795887564536
585,8.900439933167434,100.0,18.95,6.79554956220475,4234.789634597837,3,3,5739,4.0,4,17.64705882352942,15.764705882352942,12.0,23.0,31.941176470588236,21.588235294117645,48.411764705882355,57.94117647058823,85.58823529411765,10.71703306019224,10.71703306019224,10.71703306019224,10.71703306019224,0.15502703728082298
586,37.247365716206716,100.0,20.676470588235297,8.605309322585144,4371.0806421184,14,14,5757,4.0,4,5.555555555555557,20.333333333333332,1.0000000000000002,15.666666666666663,35.44444444444444,47.55555555555555,1.0000000000000002,44.77777777777777,87.38888888888889,10.688836276434207,10.688836276434207,10.688836276434207,10.688836276434207,0.1543772210605444
587,27.99718464460886,100.0,18.11111111111111,13.181600293519969,4771.696936557419,17,17,5774,4.0,4,47.05882352941176,27.0,31.176470588235293,1.0,18.058823529411764,64.17647058823529,72.76470588235294,1.0,54.05882352941176,11.963934177936821,11.963934177936821,11.963934177936821,11.963934177936821,0.15373012863043523
588,27.132240925570237,100.0,19.308823529411768,13.846472272088361,4719.486384762979,9,9,5790,4.0,4,37.5,26.0,37.5,1.0,10.125,46.375,86.1875,1.0,22.6875,12.008645624518977,12.008645624518977,12.008645624518977,12.008645624518977,0.15308574857337062
589,20.742003931374715,100.0,18.65625,14.458714615581366,5690.443286686786,10,10,5803,4.0,4,46.15384615384615,14.69230769230769,36.0,0.9999999999999999,28.076923076923073,25.461538461538463,89.00000000000001,0.9999999999999999,71.3076923076923,57.296142536170706,57.296142536170706,57.296142536170706,57.296142536170706,0.15244406952008221
590,23.38389661892014,100.0,19.94230769230769,13.688089503470025,4187.160276153008,7,7,5805,4.0,4,50.0,23.0,36.0,6.0,33.0,57.99999999999999,89.0,18.0,79.0,10.121678504219744,10.121678504219744,10.121678504219744,10.121678504219744,0.15202842118384413
591,6.289174087469266,100.0,24.5,11.750071845787938,3285.6298464976135,1,1,5820,4.0,4,20.0,22.000000000000007,21.666666666666668,2.1999999999999997,25.466666666666665,48.999999999999986,82.33333333333334,3.666666666666666,51.53333333333333,15.54103733409041,15.54103733409041,15.54103733409041,15.54103733409041,0.15139117405739833
592,23.939406861645033,100.0,17.833333333333332,10.867696446934797,6607.269689933552,12,12,5834,4.0,4,42.85714285714286,21.428571428571434,22.214285714285715,0.9999999999999999,11.857142857142858,35.85714285714285,77.28571428571429,0.9999999999999999,26.57142857142857,11.215857072134636,11.215857072134636,11.215857072134636,11.215857072134636,0.15075659803611177
593,15.206205419568965,100.0,14.125000000000004,9.105544286787973,4288.343423999322,8,8,5854,4.0,4,20.0,11.899999999999997,32.199999999999996,1.0000000000000002,36.150000000000006,12.999999999999998,85.9,1.0000000000000002,83.85000000000001,12.141020647686673,12.141020647686673,12.141020647686673,12.141020647686673,0.1501246819236957
594,26.63939720611669,100.0,20.3125,14.941723855991935,5123.464863150002,16,16,5868,4.0,4,21.42857142857143,11.000000000000004,32.64285714285714,0.9999999999999999,26.35714285714286,11.000000000000004,74.07142857142856,0.9999999999999999,44.85714285714285,11.446392570048504,11.446392570048504,11.446392570048504,11.446392570048504,0.14949541457079218
595,16.90411972236595,100.0,17.750000000000004,13.004333636485413,3888.3138290745724,11,11,5878,4.0,4,40.0,11.000000000000002,33.4,0.9999999999999999,25.7,11.000000000000002,83.7,0.9999999999999999,67.5,10.256518601090647,10.256518601090647,10.256518601090647,10.256518601090647,0.1488687848747773
596,15.210306803438057,100.0,17.775,12.775698790973491,4642.969200400694,6,6,5894,4.0,4,12.5,11.0,27.6875,5.375,36.5,11.0,70.25,15.875,90.25000000000001,9.818392438319279,9.818392438319279,9.818392438319279,9.818392438319279,0.1482447817795652
597,25.463898826604673,100.0,20.140625,12.775936243562356,3340.078284750234,14,14,5897,4.0,4,66.66666666666667,13.333333333333334,31.000000000000007,11.0,32.0,14.333333333333334,75.66666666666667,34.99999999999999,82.0,11.431209000875242,11.431209000875242,11.431209000875242,11.431209000875242,0.14799591352197008
598,7.740540317813874,100.0,21.833333333333336,9.837995776400954,5070.610597661774,1,1,5916,4.0,4,42.10526315789473,21.842105263157897,32.526315789473685,10.315789473684212,14.842105263157892,27.789473684210524,67.89473684210525,26.421052631578938,34.10526315789473,17.762047419398044,17.762047419398044,17.762047419398044,17.762047419398044,0.14737556918185785
599,38.012184944302106,100.0,19.88157894736842,10.108379943814784,7663.960257580345,11,11,5930,4.0,4,28.57142857142857,17.0,41.64285714285714,11.92857142857143,0.9999999999999999,34.5,80.2857142857143,21.000000000000004,0.9999999999999999,12.36348314497653,12.36348314497653,12.36348314497653,12.36348314497653,0.1467578250966523
600,16.94361142920918,100.0,17.892857142857142,15.405963796354724,4852.3346443585715,10,10,5939,4.0,4,66.66666666666667,12.77777777777778,24.333333333333332,5.333333333333333,1.666666666666667,25.222222222222225,59.33333333333333,10.666666666666668,3.0000000000000004,198.8658458867576,198.8658458867576,198.8658458867576,198.8658458867576,0.14614267036704298
601,6.541928670950677,100.0,11.027777777777777,9.482306949195983,14151.2397657805,3,3,5955,4.0,4,25.0,10.750000000000002,36.0625,2.875,1.8124999999999998,12.062500000000002,80.5,5.0,3.6875,71.79554800222832,71.79554800222832,71.79554800222832,71.79554800222832,0.14553009413940532
602,7.311744160299323,100.0,12.875,14.10976286160366,8348.267971752648,12,12,5972,4.0,4,52.94117647058824,11.0,28.52941176470588,10.588235294117647,10.705882352941176,11.0,63.176470588235304,26.176470588235297,20.41176470588235,48.882230411810966,48.882230411810966,48.882230411810966,48.882230411810966,0.14492008560560904
603,20.191683261393297,100.0,15.205882352941178,9.41880337812979,10003.428989530006,8,8,5988,4.0,4,18.75,11.0,36.5625,29.1875,1.0,11.0,83.5,74.75,1.0,11.907975625945255,11.907975625945255,11.907975625945255,11.907975625945255,0.14431263400282765
604,23.091263576701593,100.0,19.4375,14.390978365928708,3732.265214999643,13,13,6006,4.0,4,33.33333333333334,11.000000000000002,22.944444444444446,30.833333333333336,13.944444444444445,11.000000000000002,44.5,86.6111111111111,29.055555555555557,12.898902389376113,12.898902389376113,12.898902389376113,12.898902389376113,0.14370772861334843
605,26.76040524720429,100.0,19.680555555555557,10.754622810685095,5399.317927166218,12,12,6022,4.0,4,6.25,17.0,4.062499999999999,11.25,46.62499999999999,34.5,6.687500000000002,39.75,96.125,11.882567250722786,11.882567250722786,11.882567250722786,11.882567250722786,0.1431053587643835
606,20.22332424722628,100.0,19.734375,16.767603506535742,6119.56583799838,15,15,6027,4.0,4,100.0,12.6,3.0000000000000004,13.600000000000001,11.200000000000001,23.800000000000004,5.4,38.4,20.8,570.2657313988311,570.2657313988311,570.2657313988311,570.2657313988311,0.1427151730099332
607,5.309990166445385,100.0,10.100000000000001,4.814858459664235,25771.59007320006,0,0,6030,4.0,4,66.66666666666667,9.666666666666668,6.333333333333334,19.333333333333332,10.0,16.666666666666664,11.666666666666666,56.666666666666664,17.333333333333336,1734.5290556695545,1734.5290556695545,1734.5290556695545,1734.5290556695545,0.14250551382788101
608,2.912033178855897,100.0,11.333333333333334,5.012558140773141,18049.355022997286,1,1,6049,4.0,4,68.42105263157895,14.684210526315788,3.052631578947369,22.368421052631575,29.63157894736842,23.52631578947369,4.631578947368421,66.57894736842105,56.99999999999999,89.69266247387216,89.69266247387216,89.69266247387216,89.69266247387216,0.14193799019827996
609,31.999552900431137,100.0,17.434210526315788,10.277732123751534,10114.14227052362,6,6,6068,4.0,4,42.10526315789473,14.842105263157892,3.8947368421052633,26.36842105263158,5.36842105263158,22.263157894736842,7.421052631578948,69.57894736842105,9.473684210526319,497.931918784927,497.931918784927,497.931918784927,497.931918784927,0.1413430384406875
610,16.11855256198078,100.0,12.618421052631579,10.081235056943138,11474.778924368653,11,11,6087,4.0,4,68.42105263157895,13.368421052631577,32.684210526315795,12.315789473684207,1.1578947368421055,15.578947368421051,65.52631578947367,36.47368421052631,1.473684210526316,281.74343599867393,281.74343599867393,281.74343599867393,281.74343599867393,0.1407505805016517
611,20.89440569219105,100.0,14.881578947368421,11.679464449918017,15384.85900337094,6,6,6106,4.0,4,36.8421052631579,11.000000000000002,29.315789473684205,27.89473684210526,1.947368421052632,11.000000000000002,65.73684210526316,81.84210526315789,3.1052631578947367,19.86544026218134,19.86544026218134,19.86544026218134,19.86544026218134,0.1401606059280041
612,28.47395419139071,100.0,17.539473684210524,11.670775965420841,5833.867502261694,12,12,6123,4.0,4,11.764705882352942,11.0,45.705882352941174,9.11764705882353,1.0,11.0,87.94117647058823,33.294117647058826,1.0,12.692595881697557,12.692595881697557,12.692595881697557,12.692595881697557,0.13957310431039205
613,9.974520818888001,100.0,16.705882352941178,17.800971268799195,5505.1619151756095,15,15,6134,4.0,4,9.090909090909093,11.000000000000002,17.0,23.0,1.5454545454545454,11.000000000000002,34.54545454545455,96.00000000000001,1.909090909090909,11.009868727838198,11.009868727838198,11.009868727838198,11.009868727838198,0.13916331903431445
614,6.454392518851185,100.0,13.136363636363638,9.122595590020694,5383.693458091743,10,10,6154,4.0,4,35.0,15.200000000000003,1.0000000000000002,42.8,7.600000000000002,17.0,1.0000000000000002,82.85,11.999999999999996,11.386893149028765,11.386893149028765,11.386893149028765,11.386893149028765,0.13857999767590845
615,10.997479074682857,100.0,16.649999999999995,16.069919076613687,4189.571288850129,13,13,6166,4.0,4,0.0,17.999999999999996,0.9999999999999999,51.99999999999999,7.000000000000002,21.0,0.9999999999999999,99.00000000000001,11.000000000000004,10.668372498912504,10.668372498912504,10.668372498912504,10.668372498912504,0.1379991213857111
616,5.240179392592564,100.0,19.499999999999996,19.729419656948856,3256.2516479132078,12,12,6182,4.0,4,37.5,20.0,5.5,31.25,2.5,29.75,11.0,69.68749999999999,3.4999999999999996,142.40716487438476,142.40716487438476,142.40716487438476,142.40716487438476,0.13742067991489726
617,12.262427895832616,100.0,14.8125,12.434600537327201,7611.6195593758675,10,10,6199,4.0,4,17.64705882352942,18.529411764705884,9.0,31.99999999999999,1.0,35.352941176470594,19.470588235294116,83.05882352941177,1.0,21.456018586725214,21.456018586725214,21.456018586725214,21.456018586725214,0.13684466305760123
618,15.958665565780151,100.0,15.13235294117647,11.874586965780082,7545.613512351445,14,14,6218,4.0,4,10.526315789473685,11.000000000000002,1.0000000000000002,31.947368421052637,1.0000000000000002,11.000000000000002,1.0000000000000002,87.31578947368422,1.0000000000000002,14.633129314844203,14.633129314844203,14.633129314844203,14.633129314844203,0.13627106065073646
619,3.7233271830484913,100.0,11.236842105263156,12.650704910743492,6374.038202945437,17,17,6227,4.0,4,55.55555555555556,9.666666666666668,2.3333333333333335,23.666666666666668,3.2222222222222223,16.666666666666664,5.0,56.888888888888886,9.222222222222221,247.81117844718716,247.81117844718716,247.81117844718716,247.81117844718716,0.1360137245840673
620,6.214787037681121,100.0,9.722222222222223,8.640461842888632,23279.242771221714,4,4,6229,4.0,4,100.0,11.0,4.0,15.5,28.000000000000004,11.0,6.0,45.0,82.0,179.5072734967107,179.5072734967107,179.5072734967107,179.5072734967107,0.13595660481794725
621,2.7521838975173654,100.0,14.625000000000002,9.089751689264304,12756.552548009495,0,0,6248,4.0,4,21.05263157894737,11.000000000000002,5.105263157894737,31.052631578947366,19.52631578947368,11.000000000000002,7.842105263157895,71.0,43.84210526315789,47.623399789077475,47.623399789077475,47.623399789077475,47.623399789077475,0.13538672482401637
622,19.105503222985842,100.0,16.67105263157895,12.313206773012892,9169.154740578195,15,15,6266,4.0,4,5.555555555555557,11.000000000000002,6.000000000000001,29.333333333333332,1.0000000000000002,11.000000000000002,12.11111111111111,91.66666666666666,1.0000000000000002,77.27447477777281,77.27447477777281,77.27447477777281,77.27447477777281,0.13481923355704675
623,4.466037150193083,100.0,11.833333333333334,10.87783372877953,5859.256967611145,17,17,6282,4.0,4,12.5,11.0,12.0,28.000000000000004,1.0,11.0,27.874999999999993,89.125,1.0,12.573874940244423,12.573874940244423,12.573874940244423,12.573874940244423,0.13425412100437506
624,8.770277698820617,100.0,13.0,9.935805569364591,4496.181340059593,14,14,6301,4.0,4,5.26315789473685,11.000000000000002,8.000000000000002,30.0,1.0000000000000002,11.000000000000002,14.000000000000004,90.26315789473684,1.0000000000000002,11.699770894330484,11.699770894330484,11.699770894330484,11.699770894330484,0.13369137719530738
625,8.037480822822719,100.0,12.499999999999996,10.73736957864046,4372.993468261771,18,18,6317,4.0,4,18.75,11.875,1.0,42.37499999999999,4.9375,12.25,1.0,88.25,8.3125,12.837912814575247,12.837912814575247,12.837912814575247,12.837912814575247,0.13313099220094332
626,6.07574293821693,100.0,15.046875000000002,16.33868584001288,4457.847014061372,13,13,6337,4.0,4,35.0,19.499999999999996,1.0000000000000002,32.40000000000001,8.9,34.50000000000001,1.0000000000000002,81.25000000000003,17.899999999999995,51.637393047712976,51.637393047712976,51.637393047712976,51.637393047712976,0.1325729561340007
627,18.709463406436036,100.0,15.449999999999998,12.701711228976489,10126.624357447872,13,13,6355,4.0,4,33.33333333333334,11.000000000000002,1.0000000000000002,24.333333333333332,1.0000000000000002,11.000000000000002,1.0000000000000002,80.6111111111111,1.0000000000000002,14.11202666511397,14.11202666511397,14.11202666511397,14.11202666511397,0.13201725914864126
628,2.169955090590988,100.0,9.333333333333332,9.598101944248194,5377.310474889883,12,12,6372,4.0,4,5.882352941176478,11.0,6.8235294117647065,43.88235294117647,1.0,11.0,13.941176470588236,91.41176470588235,1.0,11.692661825423677,11.692661825423677,11.692661825423677,11.692661825423677,0.13146389144029688
629,5.182153436124868,100.0,15.676470588235297,16.76261925330539,4097.103065706666,16,16,6382,4.0,4,10.0,11.000000000000002,10.0,37.6,0.9999999999999999,11.000000000000002,21.000000000000004,82.29999999999998,0.9999999999999999,19.760907799354754,19.760907799354754,19.760907799354754,19.760907799354754,0.1309128432454965
630,8.252094868714309,100.0,14.899999999999999,13.69145013201048,7478.872844998841,9,9,6398,4.0,4,18.75,11.5625,2.3125,36.3125,1.0,12.25,3.5000000000000004,83.0,1.0,13.907879563703318,13.907879563703318,13.907879563703318,13.907879563703318,0.130364104841694
631,4.930484464217634,100.0,12.796875,14.265705282533558,6156.74026150009,13,13,6411,4.0,4,30.769230769230774,13.69230769230769,6.999999999999999,36.46153846153845,1.846153846153846,14.846153846153845,24.384615384615387,90.07692307692307,4.615384615384615,11.663820382986719,11.663820382986719,11.663820382986719,11.663820382986719,0.12981766654709653
632,7.558019603273222,100.0,14.749999999999996,13.47993479971883,4492.571101614605,9,9,6427,4.0,4,18.75,18.062499999999996,5.8125,37.625,7.250000000000001,21.874999999999996,21.5625,88.99999999999999,25.75,52.84420768839482,52.84420768839482,52.84420768839482,52.84420768839482,0.12927351872049386
633,22.25874071309633,100.0,17.187500000000004,12.859668708625694,8733.528856998419,13,13,6441,4.0,4,7.142857142857139,21.285714285714285,0.9999999999999999,34.07142857142858,0.9999999999999999,43.42857142857143,0.9999999999999999,84.71428571428572,0.9999999999999999,13.459026857162826,13.459026857162826,13.459026857162826,13.459026857162826,0.12873165176108797
634,12.840647358635582,100.0,14.339285714285719,14.1075029309406,4471.722787714888,13,13,6455,4.0,4,14.285714285714292,35.42857142857142,0.9999999999999999,23.85714285714286,0.9999999999999999,78.28571428571429,0.9999999999999999,65.21428571428572,0.9999999999999999,12.206671139990378,12.206671139990378,12.206671139990378,12.206671139990378,0.128192056108324
635,13.780139410734744,100.0,15.321428571428571,15.34219371286797,5839.887172785114,12,12,6472,4.0,4,47.05882352941176,30.176470588235293,1.0,15.235294117647058,27.058823529411768,51.64705882352942,1.0,62.117647058823536,63.70588235294117,12.690497177091482,12.690497177091482,12.690497177091482,12.690497177091482,0.1276547222417214
636,29.349251784495067,100.0,18.367647058823533,12.383694739345032,4398.446647059995,9,9,6490,4.0,4,22.222222222222214,33.5,2.166666666666667,5.277777777777779,38.77777777777778,78.2777777777778,5.5,19.27777777777778,75.66666666666666,43.678171778285304,43.678171778285304,43.678171778285304,43.678171778285304,0.1271196406807059
637,25.708487243744923,100.0,19.930555555555557,16.815466804626123,5492.7082087783165,14,14,6491,4.0,4,100.0,25.0,1.0,1.0,8.0,34.0,1.0,1.0,14.000000000000002,16.7327800008934,16.7327800008934,16.7327800008934,16.7327800008934,0.12690623658578562
638,0.38966977697434946,100.0,8.75,9.807522622966516,3809.5486249949317,0,0,6502,4.0,4,63.63636363636363,41.09090909090909,0.9999999999999999,13.727272727272727,6.000000000000001,74.27272727272727,0.9999999999999999,36.0,10.181818181818182,11.786899365357716,11.786899365357716,11.786899365357716,11.786899365357716,0.12653364111008691
639,8.272092206649429,100.0,15.454545454545453,15.705559592429404,4696.085664819376,4,4,6518,4.0,4,31.25,43.125,1.0,27.749999999999996,31.6875,78.0,1.0,84.00000000000001,58.375,11.826627250229649,11.826627250229649,11.826627250229649,11.826627250229649,0.12600325870811074
640,38.03346822106471,100.0,25.890625,17.25097075185759,4540.365219314481,11,11,6538,4.0,4,10.0,14.500000000000002,1.0000000000000002,24.499999999999996,25.95,16.0,1.0000000000000002,78.10000000000002,44.85000000000001,13.20660269993823,13.20660269993823,13.20660269993823,13.20660269993823,0.1254750994737433
641,15.798069248230206,100.0,16.4875,12.970924255777208,6212.004579399218,18,18,6555,4.0,4,35.294117647058826,15.52941176470588,2.176470588235294,30.23529411764706,9.23529411764706,17.47058823529412,5.0,82.05882352941177,17.0,42.83194817510187,42.83194817510187,42.83194817510187,42.83194817510187,0.12494915408828508
642,15.448144114674989,100.0,14.29411764705882,10.749184254993814,5937.221081236631,11,11,6573,4.0,4,22.222222222222214,11.000000000000002,1.0000000000000002,32.333333333333336,1.666666666666667,11.000000000000002,1.0000000000000002,77.38888888888889,2.111111111111111,54.29518844579838,54.29518844579838,54.29518844579838,54.29518844579838,0.12442541327209716
643,5.8022490069940655,100.0,11.5,12.76244204415623,6256.246534498739,14,14,6592,4.0,4,10.526315789473685,11.000000000000002,2.1052631578947367,45.578947368421055,1.0000000000000002,11.000000000000002,3.052631578947369,90.42105263157897,1.0000000000000002,11.471991421881524,11.471991421881524,11.471991421881524,11.471991421881524,0.12390386778443742
644,2.3539918890107674,100.0,14.921052631578952,18.1510314766082,4137.029808684785,17,17,6607,4.0,4,13.333333333333329,11.000000000000004,7.000000000000001,39.20000000000001,3.4000000000000004,11.000000000000004,21.400000000000002,88.06666666666668,6.333333333333332,10.176146002292322,10.176146002292322,10.176146002292322,10.176146002292322,0.1233845084232975
645,11.790279654715562,100.0,15.150000000000002,14.320725157944755,3853.6689585297913,13,13,6619,4.0,4,8.333333333333343,11.000000000000004,11.000000000000004,38.25,10.000000000000002,11.000000000000004,35.0,89.83333333333331,21.0,10.187596250034403,10.187596250034403,10.187596250034403,10.187596250034403,0.12286732602524054
646,15.859066531834289,100.0,17.5625,11.951098028482509,3951.1273810009393,11,11,6637,4.0,4,5.555555555555557,11.000000000000002,1.5555555555555556,47.99999999999999,9.000000000000002,11.000000000000002,2.8888888888888893,92.44444444444446,18.222222222222218,10.175867943972763,10.175867943972763,10.175867943972763,10.175867943972763,0.12235231146523945
647,9.931449240790961,100.0,17.38888888888889,18.154119433273596,4112.990995222289,17,17,6656,4.0,4,15.789473684210535,11.000000000000002,1.0000000000000002,46.10526315789474,4.789473684210526,11.000000000000002,1.0000000000000002,85.84210526315789,9.421052631578947,11.944458894983033,11.944458894983033,11.944458894983033,11.944458894983033,0.1218394556565158
648,8.095015932685742,100.0,15.723684210526317,17.996735446044447,5385.930142683241,16,16,6668,4.0,4,50.0,12.750000000000004,0.9999999999999999,40.583333333333336,25.500000000000007,13.500000000000004,0.9999999999999999,77.41666666666666,58.666666666666664,15.617127917115189,15.617127917115189,15.617127917115189,15.617127917115189,0.1213287495503796
649,16.868966810282917,100.0,19.958333333333332,14.93364267745447,7157.773477167211,6,6,6685,4.0,4,17.64705882352942,11.0,2.764705882352941,30.941176470588232,18.588235294117645,11.0,6.999999999999999,81.76470588235294,59.11764705882351,117.47170999810538,117.47170999810538,117.47170999810538,117.47170999810538,0.12082018413606974
650,24.063678034203367,100.0,15.823529411764708,10.769854986915211,5841.281279176816,14,14,6699,4.0,4,28.57142857142857,19.500000000000004,11.000000000000004,40.64285714285713,9.142857142857146,28.857142857142858,35.0,88.71428571428572,14.571428571428575,23.727549998771533,23.727549998771533,23.727549998771533,23.727549998771533,0.12031375044059474
651,23.206807588530104,100.0,20.07142857142857,12.643366865892617,4432.288700929867,10,10,6716,4.0,4,5.882352941176478,14.705882352941174,5.11764705882353,40.76470588235295,3.823529411764706,19.235294117647058,15.0,86.11764705882354,5.705882352941177,10.897447883240496,10.897447883240496,10.897447883240496,10.897447883240496,0.11980943952857476
652,12.81772740850258,100.0,16.10294117647059,14.913176114432215,4475.483937179567,16,16,6733,4.0,4,5.882352941176478,11.0,1.0,46.411764705882355,1.0,11.0,1.0,87.82352941176471,1.0,11.94634847171769,11.94634847171769,11.94634847171769,11.94634847171769,0.11930724250208366
653,5.530551376873751,100.0,14.85294117647059,18.674043294884765,4498.284205588896,16,16,6752,4.0,4,21.05263157894737,11.000000000000002,1.0000000000000002,39.578947368421055,7.631578947368423,11.000000000000002,1.0000000000000002,79.21052631578947,13.315789473684214,11.364279314875603,11.364279314875603,11.364279314875603,11.364279314875603,0.1188071505004922
654,12.264557611040448,100.0,14.802631578947366,14.777638653440949,4639.009313419688,15,15,6755,4.0,4,33.33333333333334,11.0,1.0,43.0,14.000000000000002,11.0,1.0,89.33333333333331,27.999999999999996,10.129979001552178,10.129979001552178,10.129979001552178,10.129979001552178,0.11830915470031154
655,2.5745620779955263,100.0,17.25,15.760891564341376,4724.815179006934,2,2,6774,4.0,4,15.789473684210535,11.000000000000002,1.0000000000000002,43.842105263157904,17.68421052631579,11.000000000000002,1.0000000000000002,86.0,46.210526315789465,10.320908789014394,10.320908789014394,10.320908789014394,10.320908789014394,0.11781324631503777
656,23.176507727667065,100.0,18.381578947368425,15.879144627519173,4432.308043262885,16,16,6790,4.0,4,37.5,11.0,1.0,44.125,25.812500000000004,11.0,1.0,85.25,53.187499999999986,10.023490939602198,10.023490939602198,10.023490939602198,10.023490939602198,0.11731941659499667
657,22.558868303184767,100.0,20.484375000000004,16.693451847204532,4624.98936312295,10,10,6810,4.0,4,25.0,12.049999999999997,1.0000000000000002,35.599999999999994,33.699999999999996,12.499999999999996,1.0000000000000002,80.94999999999999,71.60000000000001,12.048075298662297,12.048075298662297,12.048075298662297,12.048075298662297,0.11682765682718947
658,30.58613708934347,100.0,20.5875,14.92426304199809,5574.140372200782,15,15,6822,4.0,4,50.0,15.5,0.9999999999999999,33.74999999999999,32.66666666666666,27.333333333333332,0.9999999999999999,77.5,56.66666666666666,78.06853249955263,78.06853249955263,78.06853249955263,78.06853249955263,0.11633795833513916
659,20.200734946896375,100.0,20.729166666666664,14.20065769635681,5307.792783587502,6,6,6840,4.0,4,33.33333333333334,30.44444444444445,3.4444444444444446,17.222222222222218,39.166666666666664,80.05555555555557,11.444444444444445,34.8888888888889,85.94444444444444,10.703480778223215,10.703480778223215,10.703480778223215,10.703480778223215,0.11585031247873719
660,35.390252361133975,100.0,22.569444444444446,14.443434765483582,4637.52224433362,12,12,6857,4.0,4,41.17647058823529,19.764705882352942,23.0,3.1176470588235294,41.17647058823529,27.0,96.0,4.529411764705882,77.47058823529412,10.015689941664117,10.015689941664117,10.015689941664117,10.015689941664117,0.11536471065409122
661,27.911907175032056,100.0,21.764705882352942,13.791084493174214,4140.81454235694,10,10,6876,4.0,4,15.789473684210535,22.47368421052631,20.52631578947369,1.0000000000000002,44.578947368421055,47.105263157894726,79.4736842105263,1.0000000000000002,86.5263157894737,11.019611158285683,11.019611158285683,11.019611158285683,11.019611158285683,0.11488114429337325
662,35.538987766621005,100.0,22.144736842105264,15.976402357182131,5587.882772684679,16,16,6892,4.0,4,18.75,11.0,25.250000000000007,6.25,42.125,11.0,81.0,10.750000000000002,91.0,10.841493189218454,10.841493189218454,10.841493189218454,10.841493189218454,0.11439960486466848
663,23.060118551622292,100.0,21.15625,14.301299725977096,4062.386622626036,13,13,6910,4.0,4,22.222222222222214,13.0,20.722222222222225,5.277777777777779,40.88888888888889,18.833333333333332,81.0,8.944444444444446,76.33333333333333,12.376026777524707,12.376026777524707,12.376026777524707,12.376026777524707,0.11392008387182477
664,29.16360977345392,100.0,19.972222222222225,13.610886452323903,4704.926438886711,14,14,6918,4.0,4,12.5,11.0,23.0,1.7500000000000002,47.375,11.0,96.0,2.25,90.375,12.50385462299164,12.50385462299164,12.50385462299164,12.50385462299164,0.11370495568423888
665,10.266849107843782,100.0,20.78125,17.138328121131558,3617.0428087498294,7,7,6929,4.0,4,36.36363636363637,11.000000000000002,17.09090909090909,9.000000000000002,43.999999999999986,11.000000000000002,45.54545454545455,19.727272727272727,87.81818181818181,9.98151654493995,9.98151654493995,9.98151654493995,9.98151654493995,0.11322834640481472
666,16.594303133452158,100.0,20.272727272727273,14.275662676346467,4277.93666545635,7,7,6943,4.0,4,35.71428571428571,11.714285714285717,29.14285714285714,7.0000000000000036,38.57142857142858,13.42857142857143,66.28571428571428,11.000000000000004,75.71428571428572,10.99903035459907,10.99903035459907,10.99903035459907,10.99903035459907,0.11275373489588233
667,25.229748685121486,100.0,21.60714285714286,13.28206471710577,4118.7553784277825,9,9,6946,4.0,4,33.33333333333334,11.0,30.0,3.0000000000000004,26.0,11.0,72.33333333333333,4.333333333333334,51.66666666666667,12.029652003548108,12.029652003548108,12.029652003548108,12.029652003548108,0.11242269102742804
668,4.427927639133424,100.0,17.5,11.05885602620285,8608.36534933575,2,2,6965,4.0,4,36.8421052631579,11.000000000000002,18.000000000000004,7.000000000000002,41.84210526315789,11.000000000000002,46.21052631578948,11.000000000000002,79.05263157894738,12.247416003159934,12.247416003159934,12.247416003159934,12.247416003159934,0.11195145652899237
669,26.783722273530135,100.0,19.460526315789476,13.98643357587769,5260.511254261425,12,12,6978,4.0,4,23.076923076923066,11.000000000000004,24.46153846153846,0.9999999999999999,35.46153846153847,11.000000000000004,68.23076923076921,0.9999999999999999,64.30769230769232,11.05302930675232,11.05302930675232,11.05302930675232,11.05302930675232,0.11148219727194694
670,18.689537978021157,100.0,17.980769230769226,13.265095793541956,4277.052034613846,10,10,6993,4.0,4,60.0,12.600000000000005,26.60000000000001,2.1999999999999997,23.199999999999996,17.266666666666662,58.333333333333336,3.666666666666666,49.00000000000001,11.516921198926866,11.516921198926866,11.516921198926866,11.516921198926866,0.1110149049768076
671,19.624080894519626,100.0,16.150000000000002,11.103145173391107,5163.132305335603,6,6,7003,4.0,4,30.0,11.000000000000002,39.0,1.6,33.8,11.000000000000002,85.6,2.0,68.30000000000001,10.876517297583632,10.876517297583632,10.876517297583632,10.876517297583632,0.11073547031017128
672,16.617813971204072,100.0,21.35,15.588527179724537,4012.5263480018475,7,7,7011,4.0,4,37.5,16.0,33.25,1.7500000000000002,27.875,19.124999999999996,79.0,2.25,57.62499999999999,14.052310372790089,14.052310372790089,14.052310372790089,14.052310372790089,0.11047993979349803
673,13.116030282004406,100.0,19.71875,12.48966987881714,4769.009422001545,5,5,7019,4.0,4,75.0,33.125,19.375,1.7500000000000002,12.000000000000002,73.49999999999999,45.12500000000001,2.25,26.25,79.69052450062009,79.69052450062009,79.69052450062009,79.69052450062009,0.11017870929428994
674,11.028183007285877,100.0,16.5625,12.41543161169413,6092.985624378343,2,2,7039,4.0,4,20.0,32.300000000000004,33.199999999999996,1.4500000000000002,5.2,61.80000000000001,84.7,2.0,10.0,41.41362894879421,41.41362894879421,41.41362894879421,41.41362894879421,0.10971688074048037
675,17.842351912859918,100.0,18.037500000000005,15.82891084165104,7555.627744753292,16,16,7052,4.0,4,23.076923076923066,12.230769230769235,40.38461538461539,16.615384615384613,1.4615384615384615,13.000000000000004,95.3846153846154,32.38461538461539,1.7692307692307692,19.4892204599455,19.4892204599455,19.4892204599455,19.4892204599455,0.10934881207430402
676,10.179647953610171,100.0,17.673076923076923,14.28591690714393,5977.614797306999,10,10,7070,4.0,4,22.222222222222214,11.000000000000002,31.88888888888889,12.833333333333332,7.000000000000001,11.000000000000002,83.66666666666667,41.72222222222222,11.000000000000002,13.368972056519446,13.368972056519446,13.368972056519446,13.368972056519446,0.10889046214386343
677,19.188524315236677,100.0,15.680555555555554,9.976271683716737,4757.5694427764065,14,14,7084,4.0,4,28.57142857142857,26.571428571428573,22.214285714285715,17.500000000000004,9.785714285714288,55.85714285714286,54.07142857142856,72.00000000000001,19.57142857142857,46.62850835926032,46.62850835926032,46.62850835926032,46.62850835926032,0.10843403344745137
678,25.22427150538189,100.0,19.01785714285714,11.196894260826742,6548.625935574819,10,10,7104,4.0,4,30.0,38.949999999999996,9.2,3.6500000000000004,7.6,80.1,23.39999999999999,11.649999999999997,16.299999999999997,41.979219803761225,41.979219803761225,41.979219803761225,41.979219803761225,0.10797951793196263
679,17.279990905455687,100.0,14.849999999999996,14.669053130920991,11108.513307600515,14,14,7123,4.0,4,47.36842105263158,29.368421052631575,21.999999999999993,15.1578947368421,1.1578947368421055,58.52631578947369,45.78947368421053,36.52631578947368,1.473684210526316,74.84580078897507,74.84580078897507,74.84580078897507,74.84580078897507,0.10752690757804774
680,24.134681931663568,100.0,16.92105263157895,13.603846742113754,14457.972204632058,10,10,7139,4.0,4,43.75,30.875000000000004,16.875,1.5625,5.1875,54.43750000000001,67.25,2.5625,17.5,189.33582350018696,189.33582350018696,189.33582350018696,189.33582350018696,0.1070761943999713
681,15.090513302491658,100.0,13.625000000000002,12.320854506344336,13033.259454062318,9,9,7156,4.0,4,52.94117647058824,42.8235294117647,21.47058823529412,6.294117647058823,3.5882352941176467,75.58823529411765,55.294117647058826,12.764705882352942,12.058823529411763,26.502105647095423,26.502105647095423,26.502105647095423,26.502105647095423,0.10662737044547128
682,22.972521758993572,100.0,18.544117647058822,15.998013591839422,7052.966693944387,8,8,7169,4.0,4,30.769230769230774,44.07692307692307,12.846153846153847,7.230769230769233,0.9999999999999999,88.3846153846154,51.92307692307693,11.769230769230774,0.9999999999999999,21.86599507695064,21.86599507695064,21.86599507695064,21.86599507695064,0.10631431352342804
683,11.074447312642802,100.0,16.28846153846154,16.929129665309222,8393.959707462973,9,9,7181,4.0,4,25.0,45.83333333333333,23.0,23.666666666666668,1.833333333333333,88.25,96.00000000000003,56.66666666666666,3.833333333333333,25.134663669935737,25.134663669935737,25.134663669935737,25.134663669935737,0.10593540838585568
684,26.561912906657223,100.0,23.583333333333336,15.795861783617452,5358.326834165685,9,9,7198,4.0,4,58.82352941176471,32.470588235294116,14.176470588235295,6.764705882352942,15.705882352941176,73.11764705882354,33.70588235294117,16.52941176470588,40.05882352941176,20.164308884619352,20.164308884619352,20.164308884619352,20.164308884619352,0.10549136618600206
685,26.21394939704452,100.0,17.27941176470588,12.471281461584576,6745.485085528344,7,7,7218,4.0,4,44.99999999999999,42.800000000000004,15.8,7.600000000000002,12.549999999999997,82.69999999999999,41.89999999999999,29.20000000000001,38.65,13.689791448268807,13.689791448268807,13.689791448268807,13.689791448268807,0.10504918524744207
686,40.39311895668595,100.0,19.6875,14.651446834081804,5469.768589701562,11,11,7221,4.0,4,100.0,50.0,13.999999999999998,20.000000000000004,17.666666666666668,98.99999999999999,51.66666666666666,62.0,57.666666666666664,12.224283675701978,12.224283675701978,12.224283675701978,12.224283675701978,0.10496097172395738
687,9.50934859584298,100.0,25.416666666666664,14.480291139058096,4184.245477333509,0,0,7234,4.0,4,30.769230769230774,42.0,18.0,6.076923076923077,33.23076923076923,79.00000000000001,59.0,18.461538461538453,90.23076923076923,12.42128230828362,12.42128230828362,12.42128230828362,12.42128230828362,0.10452101400355743
688,33.84986212982807,100.0,24.826923076923084,14.403644277006597,5621.140093459801,9,9,7252,4.0,4,27.777777777777786,15.333333333333332,28.000000000000004,1.0000000000000002,10.777777777777779,17.666666666666664,75.11111111111113,1.0000000000000002,19.777777777777782,19.147817331637878,19.147817331637878,19.147817331637878,19.147817331637878,0.10408290042381813
689,15.660068010364165,100.0,13.777777777777775,11.293591057514524,6819.014485442797,13,13,7269,4.0,4,23.529411764705884,11.0,31.94117647058824,1.0,10.0,11.0,78.5294117647059,1.0,21.0,15.653068998397108,15.653068998397108,15.653068998397108,15.653068998397108,0.10364662325478133
690,13.767930600580845,100.0,13.485294117647062,11.391397937135583,5233.849274414002,13,13,7278,4.0,4,44.44444444444444,11.0,42.0,8.333333333333332,23.555555555555557,11.0,96.00000000000001,32.33333333333333,83.11111111111111,16.282503444623824,16.282503444623824,16.282503444623824,16.282503444623824,0.10321217479889001
691,17.104578387084434,100.0,21.22222222222222,13.546017384974729,3822.051174667043,5,5,7284,4.0,4,50.0,12.666666666666668,29.5,30.833333333333336,22.0,16.666666666666664,69.0,84.0,82.0,11.548538830538746,11.548538830538746,11.548538830538746,11.548538830538746,0.10301726756790283
692,18.62419339769069,100.0,23.75,8.342936711367443,3770.1157264988674,3,3,7294,4.0,4,20.0,11.000000000000002,8.799999999999999,37.60000000000001,25.200000000000006,11.000000000000002,15.400000000000006,89.6,80.3,12.236023000150453,12.236023000150453,12.236023000150453,12.236023000150453,0.10258545713916362
693,16.699320338653838,100.0,20.650000000000006,11.97843649936234,4796.102140200674,8,8,7306,4.0,4,8.333333333333343,12.500000000000004,7.999999999999999,31.33333333333334,36.5,14.333333333333337,14.000000000000004,76.66666666666667,94.0,10.760793247754918,10.760793247754918,10.760793247754918,10.760793247754918,0.10215545670064033
694,23.121672428458336,100.0,22.083333333333332,12.206642595180654,3405.8216844156655,11,11,7322,4.0,4,31.25,17.0,4.5,25.75,36.25000000000001,32.56250000000001,7.500000000000001,82.74999999999999,83.875,11.080697624493041,11.080697624493041,11.080697624493041,11.080697624493041,0.10172725866552085
695,30.023080800829312,100.0,20.875,12.506499842247834,5875.848711311846,11,11,7336,4.0,4,7.142857142857139,30.428571428571434,1.4285714285714286,6.5,50.142857142857125,81.92857142857143,1.7142857142857144,18.92857142857142,92.85714285714288,10.035633717572116,10.035633717572116,10.035633717572116,10.035633717572116,0.10134341524395207
696,18.610579096489776,100.0,22.125000000000007,19.870415598734944,4535.601290998914,13,13,7351,4.0,4,20.0,26.066666666666666,11.0,9.066666666666666,33.53333333333334,65.5333333333333,24.6,35.733333333333334,80.13333333333334,11.093512331717648,11.093512331717648,11.093512331717648,11.093512331717648,0.10091862098742083
697,29.898568736363266,100.0,19.91666666666667,10.879440919144852,4839.050903135406,12,12,7365,4.0,4,7.142857142857139,15.285714285714286,11.428571428571432,21.285714285714292,36.85714285714287,25.571428571428566,35.71428571428571,87.14285714285717,90.42857142857146,10.117504212498066,10.117504212498066,10.117504212498066,10.117504212498066,0.10049560731189669
698,35.30905424763622,100.0,21.214285714285715,9.96241884174268,4507.128886355661,13,13,7384,4.0,4,31.578947368421055,14.26315789473684,7.947368421052632,14.473684210526313,42.21052631578948,21.631578947368418,25.631578947368418,49.84210526315789,88.36842105263158,12.069188789801524,12.069188789801524,12.069188789801524,12.069188789801524,0.1000743667538402
699,33.19369890629177,100.0,19.72368421052631,13.809299075306104,4610.951731315397,13,13,7394,4.0,4,70.0,16.599999999999998,1.6,7.3999999999999995,38.4,27.200000000000003,2.0,18.200000000000003,71.3,18.691104800382163,18.691104800382163,18.691104800382163,18.691104800382163,0.09984343754415942
700,10.57469514657531,100.0,16.0,14.462824133239218,7861.640824502683,3,3,7395,4.0,4,100.0,30.0,7.000000000000001,8.0,23.0,65.0,11.0,14.000000000000002,45.0,19.11942799051758,19.11942799051758,19.11942799051758,19.11942799051758,0.09975959547149749
