episode,total_reward,success_rate,avg_util,avg_imbalance,avg_response_time,deployed_pods,avg_available_nodes,min_available_nodes,safety_compliance_rate,safety_compliance_rate_after,z3_unsafe_prevented,epsilon,minikube_avg_cpu,minikube_avg_mem,minikube-m02_avg_cpu,minikube-m02_avg_mem,minikube-m03_avg_cpu,minikube-m03_avg_mem,minikube-m04_avg_cpu,minikube-m04_avg_mem,minikube_avg_rt,minikube-m02_avg_rt,minikube-m03_avg_rt,minikube-m04_avg_rt
1,12.958499903603537,15.0,0,0,0,3,4,4,100.0,100,0,1,11.0,11.0,1.0,1.0,10.5,28.000000000000004,5.500000000000001,6.0,100.0,100.0,44.4312903326742,108.7601619947236
2,15.114657028603032,15.0,7.000000000000001,6.011699224701072,3272.168939747644,6,4.0,4,100.0,100,0,1,23.0,31.0,1.0,1.0,25.0,62.0,11.333333333333334,23.666666666666668,12.721758997940924,100.0,100.0,42.545846331631765
3,46.24231785244483,55.00000000000001,15.083333333333332,10.39269968218851,5418.770907000483,17,4.0,4,91.66666666666666,100.0,1,0.9930227045625007,25.307692307692303,55.92307692307692,17.76923076923077,27.461538461538463,31.0,64.76923076923077,22.69230769230769,58.53846153846154,30.707230542214926,33.166953089609954,21.33639282229441,61.4690297246191
4,37.42548608188192,65.0,24.192307692307693,6.570492364468741,6107.179660153074,30,4.0,4,76.47058823529412,100.0,4,0.9831395048898272,38.78947368421053,73.89473684210526,28.21052631578947,54.421052631578945,20.263157894736842,55.84210526315789,22.47368421052632,52.0,26.298127999829237,10.947552921537023,66.19703538509874,21.458273382002236
5,14.60884055466055,40.0,27.434210526315788,9.492972103848718,6052.152331209647,38,4.0,4,85.71428571428571,100.0,1,0.9777457355241367,27.555555555555557,50.0,16.666666666666664,37.99999999999999,18.555555555555557,56.44444444444444,15.333333333333336,27.888888888888886,66.98742775297433,45.310531000177434,80.10678274986276,24.886794625672337
6,14.934745380758164,15.0,19.52777777777778,6.747645158856068,11420.078220888778,41,4.0,4,100.0,100,0,0.9753038143277888,11.0,11.0,12.0,21.0,15.0,48.0,20.666666666666668,28.999999999999996,100.0,11.71852600236889,100.0,42.286498002067674
7,9.406462853625925,10.0,14.666666666666664,4.6139402137981715,3975.8873866691524,43,4.0,4,100.0,100,0,0.973354669167264,28.999999999999996,48.0,12.0,21.0,15.0,48.0,20.0,25.0,14.896949996909825,100.0,100.0,100.0
8,11.889404632934653,15.0,19.0,6.558952439567915,3895.994355501898,46,4.0,4,100.0,100,0,0.9709237146646298,35.0,65.0,17.5,31.5,15.0,48.0,33.24999999999999,50.0,100.0,124.08944533478159,100.0,22.529472332583584
9,16.242521810691013,75.0,25.1875,9.470572268841511,3756.8710560008185,61,4.0,4,41.17647058823529,100.0,10,0.9612604583313399,30.1578947368421,57.73684210526315,30.526315789473685,60.89473684210526,26.842105263157894,56.94736842105262,29.894736842105267,56.368421052631575,73.07937360019423,23.405353734269738,39.062666400083494,12.709962132309252
10,-18.30044629069424,65.0,29.35526315789474,7.144802565535392,5301.623385473488,74,4.0,4,35.294117647058826,100.0,11,0.9516933769307994,39.05263157894737,68.42105263157896,24.631578947368418,71.73684210526315,16.42105263157895,29.736842105263158,30.315789473684212,67.78947368421055,19.98085207641662,22.323842692668013,26.444854152885874,66.43977576884656
11,11.959077741302192,20.0,27.60526315789474,10.259982889696522,5354.702584578358,78,4.0,4,50.0,100.0,1,0.9493165215325956,44.0,82.0,27.0,82.0,35.75000000000001,47.75,17.5,31.5,100.0,100.0,12.569509000968537,66.95819399901666
12,-4.706167527145301,20.0,31.0625,10.1847517459331,3719.4450275001145,82,4.0,4,88.88888888888889,100.0,1,0.9431644419191232,29.545454545454547,64.36363636363637,16.545454545454543,49.45454545454545,43.63636363636365,56.545454545454554,22.000000000000004,40.09090909090909,100.0,32.30597850088088,247.50429000050644,100.0
13,9.557141883981267,10.0,27.93181818181818,10.828448664505999,2981.2773005456124,84,4.0,4,100.0,100,0,0.9417504025116805,25.0,57.99999999999999,26.0,69.0,48.0,62.0,26.5,41.5,100.0,100.0,100.0,17.8315824996389
14,9.522442420344689,10.0,31.374999999999996,9.88096860031221,3118.0881964974105,86,4.0,4,100.0,100,0,0.9398683138614449,28.999999999999996,48.0,26.0,69.0,33.0,41.5,32.0,52.0,28.381235999404453,100.0,100.0,100.0
15,1.6358045990151986,10.0,30.0,4.625959660921845,8378.89794199873,88,4.0,4,100.0,100,0,0.9375209915730345,23.0,31.0,26.0,69.0,45.49999999999999,74.0,32.0,52.0,100.0,100.0,13.765720501396572,100.0
16,-1.8747392024724023,50.0,31.625000000000004,8.67352178763023,4310.964204501943,98,4.0,4,31.25,100.0,11,0.9281901805911033,34.99999999999999,65.0,25.38888888888889,60.77777777777777,22.166666666666668,62.44444444444445,33.111111111111114,60.83333333333333,20.64558200072497,56.62144860034459,2005.9289361993433,22.876485897868406
17,-9.833317401512861,25.0,28.916666666666668,7.038660873722496,3056.0097716665446,103,4.0,4,44.44444444444444,100.0,5,0.9217139234789336,29.909090909090907,54.63636363636364,35.99999999999999,82.0,24.454545454545453,73.45454545454545,29.272727272727273,65.0,35.312011402857024,100.0,100.0,250.56690520024858
18,18.576360098238585,45.0,29.909090909090914,5.462358553069847,3057.241217001733,112,4.0,4,72.72727272727273,100.0,3,0.9143677990935521,41.6923076923077,61.769230769230774,21.769230769230763,51.461538461538446,10.000000000000002,21.69230769230769,20.000000000000004,41.92307692307693,10.580368331122575,44.50664533263383,25.772052223813564,100.0
19,14.658002079610835,15.0,23.365384615384617,13.544886690073607,5102.84300353893,115,4.0,4,100.0,100,0,0.9120841643726423,41.25,60.00000000000001,11.0,14.000000000000002,15.25,29.5,15.75,36.5,100.0,100.0,9.843950996582862,43.678169000971444
20,17.371561956323447,20.0,20.812500000000004,12.568591901287608,3813.54491725142,119,4.0,4,100.0,100,0,0.9098062330323018,21.0,24.0,22.0,35.0,23.75,35.5,25.0,55.00000000000001,100.0,14.558093003870454,64.40072399927885,100.0
21,5.628023680995014,5.0,22.9375,3.5703170306379444,5691.233572999408,120,4.0,4,100,100,0,0.9084422059237025,11.0,11.0,22.0,35.0,41.0,59.0,25.0,55.00000000000001,100.0,100.0,17.44283100561006,100.0
22,-2.616565601900178,65.0,24.75,10.73254396683284,6690.448749999632,133,4.0,4,35.294117647058826,100.0,11,0.8994008056908817,32.10526315789474,66.6842105263158,28.789473684210527,57.15789473684211,39.26315789473684,54.42105263157896,25.052631578947366,63.947368421052644,13.396167925608237,26.397767923593236,20.9778069996481,61.206818078286375
23,10.824597906233704,60.0,31.302631578947366,6.3864188804658095,5567.237943001888,145,4.0,4,64.70588235294117,100.0,6,0.8904493912795439,32.15789473684211,56.10526315789473,18.105263157894736,37.10526315789474,15.94736842105263,40.263157894736835,19.894736842105267,52.789473684210506,10.780564498418244,36.706369833215525,19.931392499953898,110.70551908317914
24,14.442747281343658,60.0,21.52631578947369,10.59716330315279,5315.212462316068,157,4.0,4,58.82352941176471,100.0,7,0.8815870670930053,35.73684210526316,62.789473684210506,33.73684210526316,51.94736842105263,24.47368421052632,53.789473684210506,11.26315789473684,32.26315789473684,20.54473666382061,15.085059832320743,35.72301274871279,47.126409417008595
25,19.2186084901385,20.0,26.30263157894736,11.215916403373031,4579.131788368901,161,4.0,4,100.0,100,0,0.8776278503249659,43.0,73.33333333333334,24.666666666666668,38.00000000000001,26.999999999999996,55.333333333333336,15.0,36.66666666666667,100.0,56.98807850130834,45.27016000065487,51.101069250216824
26,14.04052422800062,15.0,27.416666666666668,10.87161847118535,5061.040684167286,164,4.0,4,100.0,100,0,0.8754359736720191,24.0,29.25,26.0,47.0,11.0,14.000000000000002,30.500000000000004,58.50000000000001,100.0,41.962473333599824,100.0,23.624703993846197
27,23.372752911302516,40.0,22.875,8.27752192517648,5764.462015002209,172,4.0,4,71.42857142857143,100.0,2,0.8706330950236377,28.999999999999996,60.444444444444436,36.333333333333336,57.44444444444444,26.88888888888889,61.0,37.44444444444445,68.22222222222221,19.95765737065085,14.179230125591857,33.22871299897088,67.4738338766474
28,-24.206338642218427,60.0,32.416666666666664,6.779474260495709,4193.397511999744,184,4.0,4,29.411764705882355,100.0,12,0.8619679953434173,35.31578947368422,76.47368421052632,43.57894736842105,59.8421052631579,34.15789473684211,77.73684210526316,29.578947368421055,46.210526315789465,12.382101995171979,27.485553416166415,16.377384915782994,33.836382666534824
29,19.545506105922268,35.0,35.65789473684211,6.815770475236392,3714.285372894282,191,4.0,4,71.42857142857143,100.0,2,0.8576678395884348,29.000000000000004,55.11111111111112,22.777777777777775,38.33333333333333,9.666666666666666,12.11111111111111,27.44444444444445,54.22222222222223,44.28984556891789,38.1141747154678,30.55836071372531,100.0
30,8.768549610443158,20.0,22.22222222222222,9.447857926392023,5181.405712666067,195,4.0,4,60.0,100.0,2,0.8546705011556123,28.857142857142858,62.28571428571429,23.0,59.0,14.142857142857142,42.857142857142854,15.285714285714286,32.714285714285715,33.92194075095176,100.0,51.05630949947226,56.96180500017363
31,8.142596045322982,25.0,20.32142857142857,7.28111115800323,3901.7448331433116,200,4.0,4,60.0,100.0,2,0.8508321669676098,35.714285714285715,62.28571428571428,28.57142857142857,71.85714285714285,23.0,59.0,20.57142857142857,48.99999999999999,56.27619719802169,11.784056005126331,100.0,29.48573719651904
32,14.84930161357763,50.0,26.96428571428571,6.4871246036537595,3910.2005532851244,210,4.0,4,58.333333333333336,100.0,5,0.8436289496477257,54.071428571428584,71.5714285714286,27.142857142857142,68.35714285714285,20.64285714285714,30.78571428571429,19.499999999999996,51.99999999999998,18.1969825005217,19.5544995025557,38.884595398558304,100.0
33,6.306037031700701,25.0,30.33928571428571,15.398521986326779,3696.7321454280213,215,4.0,4,75.0,100.0,2,0.839000572940262,48.8,66.1,29.4,70.0,37.0,56.39999999999999,19.5,51.99999999999999,66.46797899971716,100.0,12.874983402434736,29.094362397445366
34,8.144188141826437,10.0,33.675,11.798993964093818,4106.927300300595,217,4.0,4,100.0,100,0,0.8364867153768749,33.75,46.0,11.0,14.000000000000002,15.5,38.24999999999999,13.0,35.0,12.406144000124186,100.0,100.0,100.0
35,8.87392285274708,10.0,18.3125,9.311769456470309,3436.6246297504404,219,4.0,4,100.0,100,0,0.8343975887598745,44.0,75.0,21.666666666666668,32.33333333333333,13.0,34.99999999999999,13.0,34.99999999999999,100.0,12.198575001093559,100.0,100.0
36,11.935316713476993,20.0,22.916666666666664,13.201865036526724,2524.5306769987415,223,4.0,4,100.0,100,0,0.8323136797392108,44.0,75.0,17.0,27.749999999999996,9.5,21.25,15.0,34.0,100.0,27.225286001339555,57.07336100094835,33.871718500813586
37,5.124941180540858,5.0,21.375000000000004,14.007636619069629,7673.928751497442,224,4.0,4,100,100,0,0.8314815741378917,44.0,75.0,12.0,21.0,10.0,11.0,12.0,21.0,100.0,100.0,9.613721995265223,100.0
38,4.8647553844581335,65.0,19.5,14.168627315304755,4163.404652994359,237,4.0,4,52.94117647058824,100.0,8,0.8232061355365418,33.73684210526316,61.42105263157895,23.105263157894733,59.526315789473685,6.736842105263157,19.36842105263158,28.052631578947363,59.00000000000001,46.54196507628792,36.524348074118066,44.22203723034517,16.81539253779472
39,22.699256230125243,60.0,22.90789473684211,12.136881397632127,6093.557033526227,249,4.0,4,69.23076923076923,100.0,4,0.8162368025428616,32.26666666666667,50.0,25.999999999999996,61.66666666666666,13.866666666666665,34.79999999999999,15.733333333333336,25.000000000000007,28.082228668305714,48.241335086277104,64.42006866636802,29.988347580850434
40,4.927174220672956,5.0,21.966666666666665,10.58788680723706,7377.438397533842,250,4.0,4,100,100,0,0.8158286841415902,35.0,65.0,20.0,25.0,23.0,59.0,23.0,42.0,100.0,100.0,100.0,18.421968001348432
41,6.514911445957605,25.0,25.25,5.760859310901456,6139.518474999932,255,4.0,4,50.0,100.0,3,0.8121647889613309,31.874999999999996,56.75,29.375,53.37499999999999,17.5,44.49999999999999,15.375,31.25,16.92640300025232,34.00291359750554,100.0,76.02095979906153
42,10.494573442152735,45.0,23.531249999999996,9.027889975102966,6770.130073000473,264,4.0,4,57.14285714285714,100.0,3,0.8073051786371559,29.888888888888882,63.44444444444446,25.666666666666664,57.77777777777777,15.111111111111109,22.666666666666668,5.333333333333334,13.333333333333334,26.35193322203122,33.67591655632067,79.35959977896547,60.436164444157235
43,-3.4040305518365077,70.0,19.0,10.56293362094319,6755.160758667141,278,4.0,4,52.94117647058824,100.0,8,0.7992703590498541,36.52631578947369,64.78947368421052,43.578947368421055,65.89473684210526,30.263157894736842,70.57894736842105,12.263157894736842,34.842105263157904,25.486333000714826,103.47077942902355,10.840373930217797,35.26752114433163
44,-2.9030580688781944,15.0,30.657894736842106,13.162027159246426,4403.42708894796,281,4.0,4,25.0,100.0,3,0.7956808274813141,32.33333333333333,50.33333333333333,50.83333333333333,68.33333333333333,37.50000000000001,69.33333333333334,25.0,76.33333333333333,100.0,100.0,14.351888666472709,100.0
45,-5.386574597618142,15.0,36.41666666666666,10.579131729204917,5560.727190999994,284,4.0,4,10.0,100.0,9,0.7901291272740233,29.083333333333332,59.916666666666664,31.499999999999993,49.49999999999999,25.33333333333333,54.66666666666665,14.999999999999996,48.000000000000014,10.17600833195805,47.716974002347946,100.0,100.0
46,25.504444601616427,60.0,25.229166666666664,7.525376561321455,1965.8109408331559,296,4.0,4,60.0,100.0,6,0.7826565830718433,40.882352941176464,60.41176470588236,23.882352941176475,64.70588235294117,24.88235294117647,52.70588235294117,15.764705882352942,46.8235294117647,14.286536002449187,42.63286466981905,22.04895774909043,25.547821248983382
47,12.208794050410917,40.0,26.35294117647059,10.172527080127477,4751.624500295079,304,4.0,4,80.0,100.0,2,0.7768071589872145,42.75,62.000000000000014,25.58333333333333,54.58333333333333,22.583333333333332,48.416666666666664,9.000000000000002,23.666666666666668,29.579395996734092,24.708593873765494,66.96460412422311,51.294616252198466
48,6.866751943731941,10.0,24.979166666666668,13.838488619510233,6057.245873416226,306,4.0,4,100,100,0,0.7760305460300172,37.0,57.99999999999999,36.0,76.0,1.0,1.0,13.0,35.0,63.938069997675484,100.0,100.0,100.0
49,17.001349160592227,75.0,21.75,15.554134271134295,3257.3183644999517,321,4.0,4,58.82352941176471,100.0,7,0.7683069916709178,35.68421052631579,66.73684210526316,28.578947368421055,58.789473684210535,21.684210526315788,46.26315789473684,25.842105263157894,57.78947368421052,78.72355453301377,71.15417246551563,94.57993386652863,25.31221486637757
50,10.33844845571766,10.0,27.94736842105263,9.683356481274748,6988.112896947745,323,4.0,4,100,100,0,0.7671551073176169,20.0,21.0,36.0,82.0,1.0,1.0,14.000000000000002,16.0,100.0,100.0,100.0,15.744941498269327
51,16.47068818929936,20.0,17.75,12.692525738038988,4310.405101499782,327,4.0,4,100.0,100,0,0.7652391364783871,26.749999999999996,28.499999999999996,22.0,55.25,1.0,1.0,23.5,32.0,56.500167000922374,100.0,100.0,55.793439749322715
52,5.230817951003696,5.0,18.3125,11.91093175583868,10536.412174751604,328,4.0,4,100,100,0,0.764474088651693,48.0,55.00000000000001,13.0,35.0,1.0,1.0,18.0,21.0,10.399740996945184,100.0,100.0,100.0
53,47.531330563095345,70.0,20.0,17.306068299876777,7306.198687001597,342,4.0,4,88.23529411764706,100.0,2,0.7568655515779528,54.52631578947369,62.42105263157895,16.05263157894737,47.89473684210526,10.526315789473683,29.10526315789474,19.263157894736846,24.157894736842103,29.67334557283071,57.09386500082993,19.475054285430815,14.02934028530061
54,0.9135883561382219,25.0,25.092105263157894,18.043753480327734,3851.888315630755,347,4.0,4,33.33333333333333,100.0,2,0.7542204923819443,54.39999999999999,67.0,27.0,82.0,32.99999999999999,73.19999999999999,19.2,34.199999999999996,46.55630319961347,100.0,28.45638159662485,14.785758801735938
55,0.7567536643108763,35.0,33.4,13.57304519602465,5760.000835398387,354,4.0,4,44.44444444444444,100.0,5,0.7489580731815793,44.90909090909092,72.45454545454545,21.727272727272727,63.99999999999999,26.272727272727263,47.81818181818181,38.36363636363636,72.63636363636363,24.09007257270527,43.708359572545824,50.86202514274711,11.736169995856471
56,1.5761278266510104,10.0,32.81818181818181,10.303510854703504,4847.182772726889,356,4.0,4,100.0,100,0,0.747087549457845,44.0,75.0,23.0,59.0,30.0,69.0,35.0,69.0,100.0,100.0,13.305652501003351,100.0
57,6.53802886000224,40.0,33.0,7.9349958193498855,5426.381275505264,364,4.0,4,66.66666666666666,100.0,3,0.7426173305838513,34.54545454545455,51.63636363636363,19.454545454545453,39.909090909090914,25.90909090909091,78.9090909090909,10.818181818181817,27.545454545454547,23.96298012463376,55.89246862455184,99.44333400198957,46.29288812484447
58,24.170904824539285,40.0,22.681818181818183,10.169038205364872,4173.902860001941,372,4.0,4,83.33333333333334,100.0,1,0.7389125872463826,46.5,65.0,23.25,60.875,21.000000000000004,54.25,15.875,42.125,34.64349237619899,12.42889350396581,67.59641425014706,21.862986998894485
59,5.030515561897392,5.0,26.656250000000004,12.188629097859977,4781.496301249717,373,4.0,4,100,100,0,0.7374358700713607,53.0,75.0,26.0,69.0,25.0,55.00000000000001,23.0,48.0,100.0,100.0,100.0,10.87856199592352
60,-10.801718837571777,65.0,31.75,12.316147936753602,4138.4926099999575,386,4.0,4,43.75,100.0,9,0.7300964347128126,40.44444444444444,54.55555555555556,30.44444444444444,71.22222222222221,37.05555555555556,67.77777777777777,16.000000000000004,47.16666666666667,44.84688484640523,21.309301536530256,16.54869238700485,52.162378077292274
61,0.298879655018097,15.0,30.986111111111114,13.062593570572458,4692.4916197781895,389,4.0,4,18.75,100.0,13,0.7228300461283215,29.166666666666668,37.666666666666664,18.88888888888889,53.44444444444445,24.66666666666667,53.500000000000014,21.5,65.38888888888889,100.0,100.0,27.4718579967157,41.359818669540495
62,-2.981553356294496,55.00000000000001,23.55555555555555,4.5854698164773975,2583.4657713320566,400,4.0,4,53.84615384615385,100.0,6,0.7170690401446995,24.266666666666662,39.33333333333333,20.73333333333333,51.86666666666666,25.133333333333336,74.8,15.799999999999995,50.26666666666668,25.173881820096128,28.72047881855079,20.3285510011483,63.6886099979165
63,5.060360743764183,5.0,21.48333333333333,6.779621812633846,3902.4570350011345,401,4.0,4,100,100,0,0.716352150371815,30.0,34.0,23.0,59.0,35.0,69.0,1.0,1.0,100.0,100.0,12.70874200417893,100.0
64,5.291059852475519,5.0,22.25,12.987975207860536,5019.779703005042,402,4.0,4,100,100,0,0.7156359773094809,30.0,34.0,23.0,59.0,35.0,69.0,12.0,21.0,100.0,100.0,100.0,12.274439999600872
65,0.6518814674630811,25.0,25.0,8.631338250816032,3689.0950450033415,407,4.0,4,66.66666666666666,100.0,1,0.7131350053484364,37.6,54.599999999999994,17.8,39.800000000000004,35.0,69.0,18.4,34.599999999999994,12.684700600220822,100.0,100.0,32.557307197130285
66,7.8418760287370795,75.0,27.200000000000003,9.994780684065132,5324.534268403659,422,4.0,4,56.25,100.0,7,0.7063906231131261,51.77777777777778,68.72222222222223,25.38888888888889,50.777777777777764,21.0,34.77777777777777,25.666666666666664,48.66666666666666,17.183573131333105,10.869772068205444,70.87558953401943,42.135239998848796
67,-12.693234148387189,40.0,30.958333333333332,14.09153291269073,4871.825067554407,430,4.0,4,37.5,100.0,10,0.6993601699894918,47.333333333333336,61.83333333333334,27.27777777777777,63.66666666666666,28.666666666666668,67.72222222222223,19.11111111111111,57.6111111111111,11.224720623431494,64.80398249987047,23.174443498828623,31.96552525005245
68,8.653558219350831,20.0,30.597222222222225,11.23351230610376,4629.332225167066,434,4.0,4,100.0,100,0,0.695871226460228,40.57142857142857,54.57142857142857,26.0,69.0,1.0,1.0,1.0,1.0,48.43924075103132,11.152435996336862,100.0,100.0
69,5.245995477007331,5.0,17.14285714285714,17.06247653379299,3150.41705585879,435,4.0,4,100,100,0,0.6948279414369737,28.999999999999996,31.0,15.0,48.0,10.0,11.0,1.0,1.0,100.0,100.0,14.167606997943949,100.0
70,0.3166547622084392,5.0,13.749999999999998,10.13348409975562,8863.250573995174,436,4.0,4,100,100,0,0.6937862205589209,28.999999999999996,31.0,15.0,48.0,10.0,11.0,10.0,11.0,100.0,100.0,100.0,508.4711630042875
71,5.466186681073633,5.0,15.999999999999998,7.778174593052022,4108.1490899960045,437,4.0,4,100,100,0,0.6923996884502843,33.0,55.00000000000001,15.0,48.0,10.0,11.0,10.0,11.0,43.30605599534465,100.0,100.0,100.0
72,4.906388664331341,5.0,17.0,9.460443964212251,5822.42868499452,438,4.0,4,100.0,100,0,0.69101592732676,33.0,55.00000000000001,15.0,48.0,15.000000000000002,18.0,1.0,1.0,100.0,100.0,14.032490995305125,100.0
73,9.326179478854993,10.0,15.999999999999998,11.561825602969558,1746.7464789988298,440,4.0,4,100.0,100,0,0.6896349316505328,47.0,73.50000000000001,15.0,48.0,15.000000000000002,18.0,1.0,1.0,11.641192497336306,100.0,100.0,100.0
74,-7.872204207411802,45.0,19.5,17.063675352416823,3951.352060495992,449,4.0,4,28.57142857142857,100.0,10,0.6827712419288002,49.625,77.18750000000001,24.625000000000004,74.8125,27.625,64.625,18.250000000000004,48.5625,80.25516177715164,30.800755222541436,21.3713951074169,12.571972554724198
75,0.6755371040950688,10.0,30.03125,12.498438833318742,3053.3370293132975,451,4.0,4,66.66666666666666,100.0,1,0.6807254868888832,47.75,60.0,27.0,82.0,35.0,79.0,26.0,69.0,12.888002500403672,100.0,100.0,100.0
76,-2.419864840178138,10.0,33.93750000000001,8.83232161394263,1661.0606202466442,453,4.0,4,25.0,100.0,6,0.6763140210655568,48.99999999999999,65.8,23.4,71.8,26.1,55.2,21.6,60.60000000000001,100.0,100.0,11.786930503149051,100.0
77,20.470144116447994,55.00000000000001,30.025000000000002,12.021076107482028,1476.846801800275,464,4.0,4,71.42857142857143,100.0,4,0.6695829096006238,41.75,56.3125,18.624999999999996,38.875,26.187499999999996,61.87499999999999,7.125000000000001,21.5625,10.924626635228792,27.8409345452515,20.599257725619033,68.68666581788354
78,1.3308043416255364,10.0,23.421875,13.811824317428334,2936.0992608735614,466,4.0,4,100.0,100,0,0.6682447478210375,47.0,65.0,36.0,82.0,26.0,69.0,15.0,48.0,11.530655498063425,100.0,100.0,100.0
79,2.9585175240448827,65.0,30.999999999999993,11.96780901753388,2918.667540001479,479,4.0,4,47.05882352941176,100.0,9,0.6615939469455022,50.1578947368421,70.78947368421053,32.63157894736842,77.05263157894736,29.42105263157895,63.315789473684205,28.842105263157887,72.15789473684208,17.716970614408357,86.50397907790298,25.87665446279481,10.883590848467206
80,8.771468552284997,35.0,35.26315789473684,10.335763379095393,3602.9852931575365,486,4.0,4,50.0,100.0,4,0.657306463749877,46.699999999999996,56.599999999999994,22.200000000000003,68.39999999999999,34.9,61.59999999999999,27.399999999999995,61.4,27.961899140999385,37.8072307174859,75.28507257146495,10.793494999234099
81,7.817947656205643,35.0,32.8,10.992848815943725,4758.052793000388,493,4.0,4,36.36363636363637,100.0,7,0.6520676852970176,50.230769230769226,59.538461538461526,22.69230769230769,67.53846153846153,31.07692307692308,60.84615384615386,23.76923076923077,68.69230769230768,27.84445328683692,100.0,12.065035713021643,53.2440214295223
82,4.868816541795662,15.0,31.942307692307693,11.990772139770387,5348.927484076949,496,4.0,4,50.0,100.0,1,0.6501139258653886,42.25,53.75,14.000000000000002,39.75,19.0,36.50000000000001,27.0,82.0,50.26256800192641,40.16635133351277,100.0,100.0
83,27.679908507192806,70.0,25.5625,11.495445538993742,6699.830786999883,510,4.0,4,62.5,100.0,6,0.6436435745735278,43.888888888888886,57.72222222222223,26.16666666666666,59.33333333333333,20.05555555555555,49.444444444444436,23.444444444444443,54.05555555555556,10.697643430570938,69.1950781426775,18.46407942825213,38.208461070046596
84,21.77228024892473,30.0,28.388888888888893,10.25585540372941,4537.777890334029,516,4.0,4,87.5,100.0,1,0.6401123717506414,36.199999999999996,59.5,26.400000000000002,43.0,29.599999999999998,73.0,28.500000000000004,62.0,14.052597996245217,28.68083266390992,55.36921599996276,41.46286000031978
85,4.702361554703999,20.0,30.175,6.306409773280411,2977.993458898709,520,4.0,4,100.0,100,0,0.6381944334571027,33.0,55.00000000000001,23.0,48.0,16.5,35.0,31.25,56.00000000000001,100.0,21.772118001536,55.5072229988582,32.50011950185581
86,15.995662111637827,45.0,25.937500000000004,7.3244795453138885,3604.166444249131,529,4.0,4,41.17647058823529,100.0,10,0.6318427126083592,38.789473684210535,69.47368421052632,24.789473684210524,74.57894736842105,31.315789473684212,69.63157894736844,38.21052631578947,66.78947368421053,21.137449552609016,34.58660533085802,10.551654000462602,70.54386122294494
87,-4.501587173184904,25.0,33.276315789473685,6.942916168036832,2111.234831631009,534,4.0,4,13.333333333333334,100.0,13,0.6255542081645629,38.70588235294118,76.11764705882354,22.058823529411768,61.41176470588234,32.235294117647065,69.23529411764706,30.294117647058826,69.0,100.0,45.78121480066329,24.15087100234814,29.73334020090988
88,1.657384812059579,20.0,30.823529411764707,7.063917990063004,1420.3429397063755,538,4.0,4,80.0,100.0,1,0.6227448376523007,27.57142857142857,46.71428571428572,22.71428571428571,35.85714285714286,25.0,62.0,10.42857142857143,25.857142857142858,60.42549074918497,15.754781998111866,32.93390575381636,100.0
89,6.3076331353446635,15.0,21.428571428571427,7.9978078453268475,5276.568133143883,541,4.0,4,50.0,100.0,1,0.6208789368762069,36.25,53.75,21.25,47.5,11.0,14.000000000000002,1.0,1.0,16.033213665650692,41.778526000174075,100.0,100.0
90,4.463425402381858,5.0,17.375,13.239155405021458,4736.199864501032,542,4.0,4,100,100,0,0.6202582131590649,34.0,51.0,12.0,21.0,11.0,14.000000000000002,13.0,35.0,100.0,100.0,100.0,11.58337399829179
91,17.373929593453727,20.0,17.5,9.552486587271401,4250.476651999634,546,4.0,4,100.0,100,0,0.6180905630563543,41.833333333333336,61.0,1.0,1.0,21.333333333333336,26.666666666666668,1.0,1.0,34.58560124854557,100.0,11.700135499268072,100.0
92,4.387896768862801,5.0,16.291666666666668,17.010336537915048,2450.02009000018,547,4.0,4,100,100,0,0.6177815177748261,31.0,41.0,13.0,35.0,28.000000000000004,35.0,1.0,1.0,100.0,8.968553003796842,100.0,100.0
93,19.769131849523166,65.0,18.25,12.07010770457331,2428.94791100116,560,4.0,4,68.75,100.0,5,0.6116329593720796,41.05555555555556,69.77777777777777,30.444444444444446,61.111111111111114,30.555555555555557,65.22222222222221,8.222222222222223,10.888888888888888,14.913928767222947,30.447117463336326,27.093418692731156,46.38801315349365
94,14.467133279124088,60.0,27.569444444444446,13.301446508276193,4209.992627110397,572,4.0,4,50.0,100.0,9,0.6055455953711473,35.89999999999999,60.60000000000001,24.349999999999998,48.399999999999984,35.35,71.44999999999999,20.900000000000002,51.95000000000001,11.336363751373332,59.10135575092378,28.734691833597026,47.57395383179149
95,-1.3990439008721287,50.0,29.125000000000007,8.908736916166928,3209.518441549517,582,4.0,4,37.5,100.0,10,0.5995188167260429,37.111111111111114,73.22222222222223,36.00000000000001,82.0,34.94444444444444,62.77777777777778,32.444444444444436,65.05555555555554,47.36719480191823,24.625944999570493,55.93844859977253,19.247199400124373
96,-7.367615540330656,35.0,35.125,3.766086319186378,2323.4428423339623,589,4.0,4,33.33333333333333,100.0,6,0.5959315794179285,37.09090909090909,57.72727272727273,18.0,35.81818181818181,42.0,67.09090909090908,14.909090909090908,30.999999999999993,13.632662570411672,23.41239671472327,100.0,100.0
97,-15.629254073207594,60.0,28.000000000000004,13.15275264097337,4570.014252725576,601,4.0,4,35.294117647058826,100.0,11,0.5900004856336893,40.36842105263158,69.73684210526316,33.8421052631579,75.26315789473684,29.63157894736842,53.421052631578945,23.10526315789474,48.05263157894736,31.549072748384788,10.723234003914209,26.442441747591754,18.946376166059054
98,1.1950152444692534,10.0,31.73684210526315,9.432166437474109,2650.1749587903187,603,4.0,4,33.33333333333333,100.0,2,0.5882326952041615,29.000000000000004,42.75,36.0,82.0,51.0,82.0,36.0,76.0,13.461949001793982,100.0,100.0,100.0
99,-5.736279134491622,40.0,38.0,8.198957789749645,1628.7257010026224,611,4.0,4,43.75,100.0,9,0.582378225659823,29.055555555555557,61.83333333333334,26.27777777777778,62.277777777777786,41.388888888888886,69.38888888888887,29.44444444444444,68.55555555555556,45.58296412560594,11.491417499200907,23.770127751231485,31.734014500580088
100,1.7718355243242927,75.0,31.54166666666666,8.540234864076176,3635.5742797224793,626,4.0,4,47.05882352941176,100.0,9,0.5765820235561167,52.05263157894737,66.42105263157895,22.736842105263158,48.10526315789474,23.315789473684216,68.1578947368421,20.789473684210524,61.73684210526314,9.721968935627956,243.30234920130655,18.96181493221472,71.388501933446
101,4.290598215066593,5.0,29.723684210526315,13.790092143498036,4285.765293210141,627,4.0,4,100,100,0,0.5760055856780665,50.0,62.0,12.0,21.0,25.0,62.0,13.0,35.0,100.0,100.0,100.0,42.22680399834644
102,5.042931217683439,5.0,25.0,15.313392831113553,6525.729699002113,628,4.0,4,100,100,0,0.5751420092317381,50.0,62.0,12.0,21.0,11.0,14.000000000000002,10.0,11.0,100.0,100.0,100.0,12.883404997410253
103,7.344501330272717,15.0,20.75,16.90229274388537,2506.1330850003287,631,4.0,4,100.0,100,0,0.5737055913449342,31.33333333333333,47.0,12.0,21.0,25.0,62.0,10.000000000000002,11.0,40.125101999243874,100.0,8.49154099705629,100.0
104,-7.996645831625088,75.0,19.583333333333332,9.302325459122992,2831.1164363331045,646,4.0,4,40.0,100.0,9,0.5679957048674754,48.05882352941177,74.94117647058825,28.705882352941174,48.764705882352935,33.352941176470594,76.94117647058823,19.117647058823533,38.411764705882355,21.02687813322215,12.791544266413743,21.584832995431498,40.15712166437879
105,0.496881944539707,10.0,32.30882352941176,11.468245499112493,4056.8999603526795,648,4.0,4,25.0,100.0,3,0.5657276940444539,44.6,63.20000000000001,45.0,76.0,33.199999999999996,72.6,35.0,79.0,12.826932001189562,100.0,100.0,100.0
106,5.445163978506477,5.0,39.45,5.975318203044601,3234.4513061994803,649,4.0,4,100,100,0,0.564879526728442,48.0,55.00000000000001,45.0,76.0,22.0,35.0,35.0,79.0,18.039922004390974,100.0,100.0,100.0
107,-0.14307721152605346,25.0,37.5,10.161200716450788,3678.5153680029907,654,4.0,4,20.0,100.0,4,0.5623426468471161,50.0,65.0,41.0,71.71428571428571,19.142857142857146,43.0,35.0,79.0,9.119656999246217,48.95734720106702,31.250556400045753,100.0
108,35.36903963982711,70.0,36.285714285714285,11.700699177590321,2713.8832954286563,668,4.0,4,76.92307692307693,100.0,3,0.5578607366516495,47.99999999999999,64.39999999999999,32.2,57.33333333333335,32.2,61.66666666666668,17.666666666666668,34.13333333333334,16.849662711112096,11.375776856896534,25.652853143401444,56.576345856592525
109,10.812310499801978,20.0,32.516666666666666,11.622255523192797,6260.189237733721,672,4.0,4,100.0,100,0,0.5559111504028157,36.00000000000001,52.166666666666686,23.833333333333332,48.33333333333334,19.000000000000004,45.0,23.0,48.0,10.686669500501011,31.953139001780073,100.0,100.0
110,0.2007115440285645,60.0,25.45833333333334,6.941171735487757,3628.605420001501,684,4.0,4,40.0,100.0,9,0.5503783656291613,55.705882352941174,74.82352941176471,28.294117647058815,64.6470588235294,23.52941176470588,54.41176470588235,24.88235294117647,51.05882352941177,47.78305099935096,19.29677383438199,11.007468249469335,55.18462716596938
111,5.073801913880466,5.0,33.102941176470594,14.144271021084345,3485.16543788291,685,4.0,4,100.0,100,0,0.5492784341902968,61.0,82.0,35.0,79.0,27.0,52.0,36.0,59.0,100.0,100.0,13.326903004781343,100.0
112,2.9235962813501226,20.0,39.75,13.314469503794912,2635.4102160003094,689,4.0,4,66.66666666666666,100.0,1,0.547632657309173,39.2,50.6,32.4,72.2,34.0,61.59999999999999,38.8,58.00000000000001,61.17031299872906,100.0,10.496242000954226,34.72853199709789
113,7.421078359479084,10.0,36.1,6.1965800810580784,9474.60540500033,691,4.0,4,100,100,0,0.5462649440631737,44.0,75.0,6.5,11.0,11.0,14.000000000000002,23.0,42.0,125.39131499943323,58.69357850024244,100.0,100.0
114,5.664734192879629,5.0,21.125,14.648694008681934,8081.6788880001695,692,4.0,4,100,100,0,0.5457188156853466,31.0,41.0,12.0,21.0,21.0,28.000000000000004,12.0,21.0,100.0,100.0,8.850168000208214,100.0
115,-19.107429982898445,55.00000000000001,19.0,7.842193570679061,2442.713039003138,703,4.0,4,13.333333333333334,100.0,13,0.5408281645297824,44.1764705882353,68.29411764705883,31.294117647058826,74.88235294117648,25.76470588235294,60.47058823529411,24.294117647058826,60.47058823529411,21.14479699838822,9.73099272497083,27.34741863995706,35.98131254402688
116,3.7510763262811784,55.00000000000001,31.38235294117647,8.28322704722515,2583.9003404107643,714,4.0,4,53.84615384615385,100.0,6,0.535981342665124,44.66666666666666,69.26666666666665,20.59999999999999,46.46666666666666,25.2,59.66666666666668,20.2,46.53333333333334,21.875890364886303,100.0,12.960797632827466,35.524271362175405
117,-6.86527108775741,25.0,27.666666666666668,11.873755398162869,5433.86069086652,719,4.0,4,33.33333333333333,100.0,2,0.5343754072277128,44.00000000000001,72.0,19.8,45.60000000000001,23.4,62.0,23.000000000000004,48.0,100.0,12.874122001812793,30.336512001231313,100.0
118,9.729770646465132,10.0,27.55,9.861061751221142,3799.367374999565,721,4.0,4,100,100,0,0.5330408039803595,48.0,75.0,23.0,48.0,25.0,62.0,13.0,35.0,11.504810998303583,100.0,100.0,100.0
119,16.87732901695793,40.0,27.250000000000004,12.837155892247798,5792.130555502808,729,4.0,4,57.14285714285714,100.0,3,0.5301163978865424,47.88888888888889,71.33333333333334,23.000000000000004,48.00000000000001,31.11111111111111,39.888888888888886,17.0,41.66666666666667,23.117638497933513,100.0,11.74761387756007,67.81005175071186
120,26.15413370971361,45.0,29.75,12.452084283402993,3391.624626666372,738,4.0,4,87.5,100.0,1,0.5272080358759129,37.0,45.60000000000001,25.2,57.199999999999996,37.900000000000006,54.599999999999994,18.8,51.0,34.65405766732551,42.03614111013141,24.119959884653024,32.745480111690185
121,8.520703108030787,10.0,29.725,9.34000121955516,9447.152954099147,740,4.0,4,100.0,100,0,0.526154410352644,33.0,42.333333333333336,25.0,62.0,12.0,21.0,1.0,1.0,18.3718564985611,100.0,100.0,100.0
122,-13.592292834928891,55.00000000000001,17.75,12.343469516785843,2567.943700334581,751,4.0,4,31.25,100.0,11,0.5209177837656779,48.77777777777778,75.8888888888889,22.444444444444443,67.05555555555556,31.555555555555557,76.22222222222221,20.277777777777775,41.27777777777777,29.039351361809,19.163083635133013,9.9717715446869,36.28733500002206
123,-1.819708476921222,50.0,30.76388888888889,12.069677711976547,2638.9747824990386,761,4.0,4,38.88888888888889,100.0,11,0.5157332754494546,36.04999999999999,67.10000000000001,14.499999999999996,41.75,23.499999999999996,52.900000000000006,27.3,58.45,696.9193784956587,64.58909200096969,38.56989920066553,38.19879759772448
124,-10.14720581760169,70.0,25.337500000000002,9.663976605088374,4984.784330200637,775,4.0,4,23.52941176470588,100.0,13,0.5106003666894737,45.68421052631579,69.15789473684211,22.36842105263158,68.10526315789474,30.263157894736832,64.73684210526315,24.526315789473685,55.421052631578945,143.02160942793958,27.659592354549595,64.81609278624612,10.02850421407077
125,-1.6218008615928552,65.0,30.710526315789473,10.828150035020412,4449.270749999606,788,4.0,4,42.857142857142854,100.0,8,0.505518543933814,44.375,63.0,19.0625,56.62499999999999,24.062499999999996,38.74999999999999,27.250000000000004,70.625,29.73313015278948,20.763392153961693,33.76716769517561,19.725468002434354
126,9.346143905071813,10.0,28.6875,10.05257270605716,5013.643279498865,790,4.0,4,100,100,0,0.5045082648710347,54.49999999999999,72.0,27.0,82.0,16.5,24.5,26.0,69.0,13.427654997940408,100.0,100.0,100.0
127,-17.46499446899948,40.0,31.0,14.230934915469797,4708.055606501148,798,4.0,4,16.666666666666664,100.0,5,0.5022425129601336,49.375,68.12499999999999,17.5,44.875,31.25,61.12500000000001,1.0,1.0,29.395328870305093,65.77848649867519,62.30934174891445,100.0
128,18.1139294277584,20.0,24.78125,18.24811029456664,11488.512800251556,802,4.0,4,100.0,100,0,0.5012387810468929,20.0,31.25,26.0,69.0,12.0,21.0,11.5,36.25,57.788568751493585,212.76440400106367,100.0,39.26315199751116
129,7.797069515498088,15.0,17.375,7.383921435346647,7661.10037774888,805,4.0,4,100.0,100,0,0.5002370550923828,36.333333333333336,49.333333333333336,15.0,48.0,7.000000000000001,7.666666666666666,15.0,48.0,35.54850266179225,100.0,51.024706668492094,100.0
130,9.662522729151325,10.0,18.333333333333336,11.040722058332538,10089.426487002735,807,4.0,4,100.0,100,0,0.4992373310876935,7.000000000000001,28.000000000000004,5.0,13.0,10.0,26.0,4.0,10.0,82.96745199913858,100.0,100.0,100.0
131,0.8572786664635393,20.0,6.5,2.2912878474779204,12067.215167498944,811,4.0,4,100.0,100,0,0.4982396050319275,46.75,58.25,13.0,31.5,3.25,3.5000000000000004,10.0,11.0,85.93958100100281,139.9691842529137,100.0,343.7579739984358
132,4.1782454120208135,75.0,18.25,17.53475293085706,15625.92976399901,826,4.0,4,50.0,100.0,8,0.49328080451433615,33.33333333333333,62.11111111111111,20.77777777777777,49.444444444444436,14.500000000000002,36.388888888888886,9.444444444444446,20.888888888888886,41.556625066247456,103.20513319815898,52.21765746595338,72.15056306595216
133,-1.339060661757638,10.0,19.513888888888886,10.729971870273605,7882.81321711151,828,4.0,4,99,100.0,1,0.49204883508861486,32.0,48.0,26.0,69.0,23.0,59.0,36.00000000000001,82.0,148.11635850128368,100.0,100.0,100.0
134,-11.373834388742763,50.0,29.250000000000004,6.401482229155957,4677.534774668554,838,4.0,4,31.25,100.0,11,0.4871516490891974,38.166666666666664,62.444444444444436,17.277777777777782,42.05555555555555,16.444444444444443,41.11111111111111,24.22222222222222,57.22222222222223,38.39777830406092,24.469348402053583,27.612962100101868,63.7665085021581
135,4.306797566592695,10.0,24.02777777777778,9.911608953641055,5933.884877499319,840,4.0,4,38.46153846153847,100.0,8,0.48302738189248823,31.2,46.86666666666667,21.533333333333335,39.2,24.6,75.20000000000002,13.13333333333333,41.73333333333334,38.042320498789195,100.0,100.0,100.0
136,5.7510590538685165,40.0,22.616666666666667,6.749800667803635,2390.5031779329875,848,4.0,4,42.857142857142854,100.0,4,0.48037736296609657,42.888888888888886,80.44444444444446,10.333333333333334,32.33333333333333,17.666666666666668,22.777777777777775,2.3333333333333335,4.777777777777778,27.285684375965502,45.82082625038311,20.51555337402533,32.82455725129694
137,-34.11640185129609,80.0,18.305555555555554,15.913011863803868,4227.492084553685,864,4.0,4,18.75,100.0,13,0.47559633895263465,38.61111111111112,76.27777777777776,32.05555555555556,70.66666666666667,45.94444444444444,64.44444444444444,11.999999999999998,24.72222222222222,66.04119237408668,14.998921375172358,13.34739912635996,51.32179643642303
138,-11.581700165812439,30.0,32.15277777777777,14.14288562253992,4675.369565832322,870,4.0,4,14.285714285714285,100.0,6,0.47322370058897834,30.44444444444444,63.88888888888889,21.666666666666668,56.1111111111111,36.666666666666664,52.11111111111112,33.111111111111114,68.44444444444444,100.0,10.885677502907734,47.23784966748402,100.0
139,10.256134081376977,55.00000000000001,30.472222222222218,8.279126504020029,4513.402682112226,881,4.0,4,33.33333333333333,100.0,10,0.4685138744175588,38.235294117647065,69.6470588235294,33.88235294117647,75.70588235294117,42.41176470588236,64.05882352941177,18.764705882352942,53.823529411764696,27.917961273421746,12.262914548707407,143.67041581823617,19.049140089059208
140,-4.733111795119741,20.0,33.32352941176471,10.939413242515172,3887.7990932348494,885,4.0,4,33.33333333333333,100.0,2,0.4668765335062146,36.6,60.8,32.4,65.19999999999999,30.800000000000004,39.6,27.0,82.0,100.0,18.779554249704233,56.74521799919603,100.0
141,2.5555777790477645,10.0,31.700000000000006,5.372446940727669,6371.885410002142,887,4.0,4,100.0,100,0,0.46571050878033315,26.5,38.0,23.0,59.0,21.0,28.000000000000004,15.0,48.0,10.600190002151066,100.0,100.0,100.0
142,-29.451050302529666,85.0,21.375,4.7140986145228805,4231.242693997046,904,4.0,4,12.5,100.0,14,0.46107545871874744,44.00000000000001,75.0,34.111111111111114,68.27777777777777,36.55555555555556,63.22222222222222,14.166666666666666,30.722222222222218,194.64118000178132,17.58369347106268,94.49642488111482,72.51986299927333
143,0.12424355819948918,65.0,32.208333333333336,12.110405824314856,4905.77563372224,917,4.0,4,46.666666666666664,100.0,8,0.45648653965199304,37.76470588235294,72.88235294117648,37.76470588235294,66.47058823529412,30.352941176470587,65.41176470588236,32.235294117647065,58.94117647058822,17.381120155355,11.89427361588549,33.3209475399389,46.11965622965587
144,6.30946886247184,10.0,34.529411764705884,5.52853004908005,4384.404545823653,919,4.0,4,28.57142857142857,100.0,5,0.45420923558599413,42.88888888888888,71.66666666666667,37.44444444444445,61.22222222222222,25.0,62.0,25.0,55.00000000000001,12.783499001670862,100.0,100.0,100.0
145,1.181200587290105,35.0,32.583333333333336,8.140229879684705,1000.7777674440554,926,4.0,4,50.0,100.0,3,0.4521693771433558,47.25,73.75,34.875,58.75,26.375,54.87499999999999,23.375,50.875,75.47781971308203,26.40005271179169,40.263675713919966,13.671501001226716
146,-31.5,45.0,32.96875,11.523274520020042,8479.489153748546,935,4.0,4,6.25,100.0,15,0.44766909711990455,38.38888888888889,71.94444444444446,34.38888888888889,76.05555555555554,25.055555555555554,71.0,23.44444444444445,71.11111111111111,21.946179554571344,14.138464335701428,70.4642338890052,30.70525244434571
147,-2.285626879933985,25.0,30.319444444444443,7.182607379309823,3125.3414262226015,940,4.0,4,20.0,100.0,8,0.44432330478227483,41.75,72.5,29.666666666666668,58.58333333333333,27.0,82.0,19.33333333333333,57.83333333333333,49.97847420076141,12.00575120310532,100.0,100.0
148,5.478328223109249,30.0,29.437500000000007,8.968715784693105,3500.237144584389,946,4.0,4,50.0,100.0,2,0.44210668023652117,44.66666666666667,70.16666666666667,33.166666666666664,51.16666666666667,20.000000000000004,58.50000000000001,2.8333333333333335,4.333333333333334,34.054084168262,13.50219549931353,70.59221666568192,41.88336266379338
149,6.13225517680336,50.0,25.16666666666667,16.04125910264321,7361.991035334843,956,4.0,4,25.0,100.0,12,0.4377065506349272,36.94444444444444,66.55555555555556,38.66666666666666,72.27777777777776,29.777777777777786,62.55555555555555,20.277777777777775,51.277777777777764,49.74761540273903,12.25271539951791,31.03160890052095,18.623348295805044
150,5.26953185876726,5.0,31.41666666666667,8.431950753033584,3624.494682999486,957,4.0,4,100,100,0,0.43661337797772015,35.0,72.0,35.0,69.0,43.0,69.0,26.0,69.0,100.0,100.0,12.328158001764677,100.0
151,4.64875173130526,5.0,34.75,6.015604707757982,2627.794010004436,958,4.0,4,100,100,0,0.43574080592355235,44.0,82.0,12.0,21.0,43.0,69.0,15.0,48.0,13.967389000754338,100.0,100.0,100.0
152,15.781210545603244,15.0,28.499999999999996,15.041608956491324,3856.9514970004093,961,4.0,4,100.0,100,0,0.43443521644486055,44.0,82.0,15.5,32.99999999999999,32.0,48.25,17.75,44.25,100.0,11.597691998758819,100.0,41.446075666074954
153,29.49817303086288,80.0,27.312499999999996,12.448735615465798,4209.850269997332,977,4.0,4,50.0,100.0,8,0.4301114381775173,39.33333333333333,74.0,25.5,46.33333333333333,39.72222222222223,53.44444444444445,26.999999999999996,45.72222222222223,18.014758438857825,43.38654718740145,12.576011558394384,21.934359060378483
154,-4.1845827538838,25.0,32.88888888888889,8.96378730058644,3736.7912843890535,982,4.0,4,23.076923076923077,100.0,10,0.42647007824633054,24.666666666666664,55.53333333333333,20.733333333333327,46.19999999999999,29.93333333333333,52.46666666666666,28.066666666666666,63.79999999999999,64.78523840138223,28.081854396732524,16.301192001265008,57.079946196463425
155,-25.762903016229572,65.0,25.85,5.2068609120248,3759.642364466466,995,4.0,4,12.5,100.0,14,0.4222255741495324,42.666666666666664,75.22222222222221,27.833333333333332,63.66666666666666,28.33333333333334,61.22222222222222,24.83333333333334,61.55555555555555,10.102153617481235,30.849341999027484,19.342141767824963,36.00267138278399
156,1.0781394239304607,10.0,30.91666666666667,8.288922893323964,4294.6325784444825,997,4.0,4,100.0,100,0,0.42138175612850826,30.666666666666664,36.66666666666667,32.0,59.0,23.0,59.0,23.0,59.0,11.164660998474574,100.0,100.0,100.0
157,11.467219803182854,45.0,27.166666666666668,4.197126752311323,2543.2039320027493,1006,4.0,4,57.14285714285714,100.0,3,0.4194893262405436,37.111111111111114,59.22222222222222,25.55555555555556,42.33333333333333,13.666666666666666,40.0,4.888888888888889,11.11111111111111,13.567852556459709,52.69076588738244,100.0,19.760120887399857
158,4.040495251709313,65.0,20.305555555555557,13.20088429906196,6675.800866445772,1019,4.0,4,47.05882352941176,100.0,9,0.4153142990707296,37.52631578947369,64.89473684210525,27.52631578947369,56.89473684210527,21.894736842105264,54.105263157894726,20.68421052631579,49.052631578947384,73.35751961576395,27.97887438265696,24.573688076522487,44.94989592170056
159,-15.14011085231287,60.0,26.907894736842103,8.013099164400248,4419.445066684076,1031,4.0,4,21.428571428571427,100.0,11,0.4111808244525023,35.1875,76.0,40.0625,65.12499999999999,35.4375,67.0625,24.625000000000004,62.125,100.0,10.722628501753206,24.989572250221197,16.462747998472576
160,4.9695656275639415,5.0,33.828125,7.058917509650374,3859.058394688873,1032,4.0,4,100.0,100,0,0.40994882287967,16.0,17.5,41.0,62.0,37.5,70.5,25.0,62.0,14.362685004016384,100.0,100.0,100.0
161,9.738118716657176,10.0,29.874999999999996,10.218023383346353,1834.0531319990987,1034,4.0,4,100,100,0,0.40933420705572415,36.5,51.0,30.0,42.0,21.0,31.0,25.0,62.0,11.128474499855656,100.0,100.0,100.0
162,19.819141728021894,20.0,28.125,6.031354722380381,4097.078783997858,1038,4.0,4,100.0,100,0,0.4083118943620627,29.250000000000004,37.0,18.25,26.25,19.749999999999996,34.0,25.0,62.0,34.06022300114273,8.555187996535096,54.34967250112095,100.0
163,13.584842524721115,30.0,23.0625,6.92381893315088,5518.760859749818,1044,4.0,4,60.0,100.0,2,0.4066815021114777,40.0,48.0,18.714285714285715,48.42857142857142,10.857142857142858,27.142857142857142,9.285714285714286,20.285714285714285,9.80778799566906,25.58213299950391,55.50262399823017,100.0
164,3.3121220891527656,55.00000000000001,19.714285714285715,15.115702613321686,5436.09711985794,1055,4.0,4,18.75,100.0,13,0.402633946632551,59.55555555555555,71.44444444444444,36.00000000000001,82.0,25.66666666666666,78.22222222222221,25.444444444444446,61.27777777777778,18.226949182016224,100.0,28.24287399853347,11.41594945379025
165,4.008026395806045,70.0,36.666666666666664,14.366586435995963,2492.9236187223673,1069,4.0,4,37.5,100.0,10,0.39862667502508137,40.8888888888889,63.83333333333334,24.888888888888886,54.6111111111111,20.38888888888889,55.00000000000001,26.611111111111118,58.833333333333336,14.162262925050786,25.829575286063896,33.753620216677,42.50816928314244
166,-39.0,60.0,28.194444444444443,9.378361644168372,5375.463204999202,1081,4.0,4,84,100.0,16,0.3946592863581097,38.11111111111111,73.33333333333333,45.22222222222222,75.05555555555554,30.277777777777782,61.16666666666666,26.111111111111107,63.66666666666665,85.15092733311273,12.674532166177718,55.31647900061216,41.13800233171787
167,-10.616845762127799,80.0,34.93055555555556,9.254079725161018,3940.8277661661687,1097,4.0,4,35.294117647058826,100.0,11,0.3907313836909995,39.526315789473685,63.73684210526317,28.10526315789474,52.1578947368421,33.0,69.73684210526315,16.000000000000004,35.26315789473684,14.793213124994509,27.44740837651989,10.495555624402186,44.856642126069346
168,-5.1885541673776245,65.0,29.15789473684211,10.323952064572719,4489.8421326311345,1110,4.0,4,35.294117647058826,100.0,11,0.38684257403372235,51.473684210526315,66.21052631578948,38.26315789473684,68.10526315789474,28.789473684210538,59.210526315789465,16.526315789473685,33.421052631578945,10.287353847860896,65.34040984652864,18.25911861457056,38.61757969335975
169,-8.079937673467246,60.0,33.76315789473684,13.915163905551733,4647.826113736971,1122,4.0,4,25.0,100.0,12,0.38299246830753886,47.49999999999999,74.72222222222223,30.944444444444446,75.1111111111111,31.555555555555557,69.55555555555554,19.88888888888889,54.49999999999999,55.71025349745469,10.643619752348362,21.326340583497466,28.59437883331945
170,6.088956881082888,15.0,32.47222222222222,10.342003465895342,4428.120451499126,1125,4.0,4,40.0,100.0,3,0.3814631767023146,40.28571428571429,59.285714285714285,29.142857142857142,64.85714285714286,25.857142857142858,58.85714285714284,31.0,65.28571428571428,23.306616332168534,42.20729933197921,100.0,100.0
171,-8.481292850035139,60.0,31.571428571428577,6.773067594784085,5780.828069000563,1137,4.0,4,18.75,100.0,13,0.37766661019300973,49.944444444444436,72.55555555555556,27.38888888888889,68.94444444444444,29.72222222222222,67.38888888888889,23.77777777777778,57.499999999999986,34.18962858425706,48.22173749865518,12.211825499737946,25.349741250708274
172,-23.420202085768654,45.0,32.70833333333334,10.91348849480784,2462.0603966108724,1146,4.0,4,25.0,100.0,12,0.37390782955175167,45.44444444444444,72.00000000000001,32.388888888888886,72.94444444444443,27.166666666666668,49.27777777777778,33.444444444444436,73.66666666666666,13.424075000835323,49.472971445680336,19.427350889762035,33.18087311054114
173,0.0265050336137298,10.0,34.6111111111111,9.35205301152545,3011.2324879450575,1148,4.0,4,25.0,100.0,3,0.3720424912633628,44.0,75.0,32.0,69.0,26.333333333333336,56.666666666666664,23.0,59.0,100.0,100.0,10.25679599842988,100.0
174,12.184699421282893,55.00000000000001,31.333333333333336,8.088170670960519,897.9655128314334,1159,4.0,4,42.857142857142854,100.0,8,0.3683396854654887,36.75000000000001,58.62499999999999,33.0,56.49999999999999,40.81249999999999,73.50000000000001,21.3125,47.1875,44.88224190956151,19.618113089448094,18.78872700035572,28.03465809080411
175,0.4191101402827666,60.0,32.96875,8.841716053164474,5359.026376564088,1171,4.0,4,35.294117647058826,100.0,11,0.3646737323688482,47.73684210526315,74.63157894736844,35.84210526315788,67.42105263157893,25.263157894736842,59.526315789473685,29.315789473684212,62.578947368421055,18.352819083520444,41.86907466452491,9.558475836456637,25.86533508741316
176,-17.262101689759206,65.0,34.53947368421053,9.858826842555073,3559.4151245252424,1184,4.0,4,20.0,100.0,12,0.3610442651916921,40.882352941176464,74.94117647058823,28.52941176470588,50.99999999999999,26.588235294117652,53.117647058823536,22.588235294117645,45.705882352941174,13.034836231851772,17.180698230423822,72.53746400058914,32.35571430649053
177,-7.157541429797625,60.0,29.647058823529406,8.506147223310489,4417.835023587994,1196,4.0,4,40.0,100.0,9,0.35745092080271823,37.41176470588235,70.3529411764706,36.29411764705882,68.00000000000001,30.529411764705877,69.70588235294116,29.82352941176471,61.1764705882353,34.13638533347694,11.667241746787719,19.757349415885983,44.301850665942766
178,5.153953136438507,5.0,33.51470588235294,6.701610861345284,4771.05480088272,1197,4.0,4,100,100,0,0.35709355924464575,34.0,68.0,33.0,65.0,26.0,69.0,33.0,65.0,100.0,9.805446003156248,100.0,100.0
179,5.4480767770748955,70.0,31.5,3.201562118716425,3758.9485890057404,1211,4.0,4,28.57142857142857,100.0,10,0.353893339684741,30.1875,52.81249999999999,22.8125,61.18749999999999,30.374999999999996,65.99999999999999,26.625,69.3125,11.983216928326458,32.60733299643367,20.927839786807972,29.45766114363713
180,1.1970816063830032,10.0,27.500000000000004,6.4527698619429055,6686.501950874572,1213,4.0,4,100,100,0,0.3530094906266224,53.49999999999999,65.0,13.0,35.0,26.0,69.0,15.0,48.0,15.393579502415378,100.0,100.0,100.0
181,21.9659551843799,50.0,26.875,16.166025947512196,6037.968754499161,1223,4.0,4,69.23076923076923,100.0,4,0.3501959803157708,34.800000000000004,45.533333333333346,15.066666666666661,40.33333333333332,16.866666666666667,35.93333333333332,13.333333333333327,42.33333333333334,33.42241360020125,12.243393000971992,49.650750201253686,51.901089602615684
182,5.541879908410601,5.0,20.01666666666667,10.278866075714244,5637.540207934217,1224,4.0,4,100,100,0,0.349670948948508,34.0,57.99999999999999,1.0,1.0,22.0,35.0,15.0,48.0,10.391149000497535,100.0,100.0,100.0
183,-23.638872839379637,60.0,18.000000000000004,11.937336386313323,2589.1416180020315,1236,4.0,4,17.647058823529413,100.0,14,0.3461907991067037,43.84210526315789,76.78947368421053,26.736842105263154,68.7894736842105,31.000000000000007,69.99999999999999,23.63157894736842,52.31578947368421,25.418834996283596,13.883542499873633,33.26955450186991,48.22139666794101
184,7.923513957895344,15.0,31.302631578947366,8.867209118803352,3108.696171315387,1239,4.0,4,100.0,100,0,0.34549893662161524,23.0,38.00000000000001,34.99999999999999,79.0,27.0,82.0,33.0,65.0,39.99152633623453,100.0,9.542138999677263,100.0
185,-2.455388505382767,65.0,29.5,5.656752192510094,5197.243625666791,1252,4.0,4,29.411764705882355,100.0,12,0.34206030932574477,36.99999999999999,67.52631578947368,29.684210526315784,64.6842105263158,29.42105263157894,60.78947368421051,24.05263157894737,53.89473684210526,11.641266617516521,26.04285030885456,16.869480229238086,38.92145446174814
186,10.511633051425804,10.0,30.039473684210527,7.3004407491474215,2993.8289894742315,1254,4.0,4,100.0,100,0,0.3413767016265486,29.33333333333334,42.333333333333336,32.0,75.66666666666667,34.99999999999999,69.0,36.00000000000001,82.0,11.823993001598865,100.0,100.0,100.0
187,11.055373375646084,70.0,33.08333333333333,3.6107197571507452,4310.7297013314865,1268,4.0,4,37.5,100.0,10,0.3379791014606387,40.833333333333336,63.66666666666667,27.66666666666666,68.2222222222222,24.11111111111111,67.83333333333333,28.666666666666668,63.55555555555554,24.80875814237931,20.010418211417605,13.763237929586987,63.62763978676022
188,4.65398170799715,5.0,30.31944444444445,8.849169212436287,5526.714991888487,1269,4.0,4,100.0,100,0,0.3371349982323726,38.0,61.5,21.0,31.0,26.0,69.0,32.0,59.0,29.806602993630804,100.0,100.0,100.0
189,-16.28083395594352,80.0,29.25,6.5241447954223455,3669.4109559975914,1285,4.0,4,35.294117647058826,100.0,11,0.33377961422265356,48.21052631578947,69.89473684210526,26.157894736842096,65.78947368421052,32.473684210526315,56.157894736842096,28.157894736842103,55.15789473684208,427.86390531418874,16.195499874811503,22.376724126115732,38.83384943892452
190,26.85586312677596,70.0,33.75000000000001,10.563864147990847,6519.832353472961,1299,4.0,4,66.66666666666666,100.0,6,0.3304576251494191,45.4,66.55000000000001,25.299999999999994,68.80000000000001,36.4,68.39999999999999,31.800000000000004,75.29999999999998,18.623269644428678,37.63350857313656,11.010229144241228,29.153326217887557
191,-6.098962243296679,85.0,34.725,8.3548317496588,4346.540875299979,1316,4.0,4,41.17647058823529,100.0,10,0.327168698644815,42.36842105263158,56.684210526315795,20.42105263157895,55.421052631578945,28.15789473684211,56.42105263157896,10.210526315789474,27.42105263157894,21.879205413022326,21.44168775968651,24.758063646817497,48.85996641096426
192,-19.40898293831323,35.0,25.289473684210524,13.316570839505083,5608.4432450508375,1323,4.0,4,11.76470588235294,100.0,15,0.3239125056489256,49.21052631578947,71.63157894736841,32.42105263157895,68.68421052631578,28.89473684210526,67.73684210526315,25.36842105263158,67.89473684210525,47.364907856224036,12.22699171505935,49.23081271367015,87.26338642861394
193,29.20333579349412,55.00000000000001,33.973684210526315,10.24364330331133,2062.9257312110367,1334,4.0,4,50.0,100.0,7,0.32100964977421276,28.125,50.375,26.687499999999996,62.74999999999999,35.62499999999999,49.3125,19.0,54.99999999999999,20.581965179404836,29.155197273146108,10.77332554467086,50.43616163708396
194,9.491873771391777,10.0,27.359374999999996,8.147053181745973,5134.705288937312,1336,4.0,4,100.0,100,0,0.32020792777273993,47.0,73.50000000000001,23.0,59.0,12.0,21.0,12.0,21.0,10.309198503819061,100.0,100.0,100.0
195,1.4322187769325723,65.0,23.5,14.302103810137067,2558.548859000439,1349,4.0,4,41.17647058823529,100.0,10,0.3170210128387604,45.68421052631579,73.57894736842105,23.36842105263158,56.684210526315795,21.894736842105264,58.052631578947356,19.157894736842106,40.84210526315789,119.11960092402296,59.94939553862563,21.1128292291855,38.898805616302596
196,-13.818789282187222,35.0,27.52631578947369,11.27760859447371,4227.22456452711,1356,4.0,4,28.57142857142857,100.0,5,0.3152817497750495,30.555555555555557,65.77777777777779,30.88888888888889,67.22222222222221,27.888888888888886,52.888888888888886,28.22222222222222,60.777777777777764,100.0,100.0,26.424636712181382,12.496577143403035
197,8.444138409791412,10.0,29.388888888888886,5.033650728800817,7202.169359778054,1358,4.0,4,100,100,0,0.3148090635722891,28.500000000000004,41.0,1.0,1.0,22.0,35.0,20.5,58.5,32.98451299633598,100.0,100.0,100.0
198,13.823849507864143,45.0,18.0,10.931026503476463,5909.910195499833,1367,4.0,4,42.857142857142854,100.0,4,0.3126125477293428,38.77777777777778,53.77777777777778,18.555555555555557,55.00000000000001,31.77777777777777,70.1111111111111,19.0,59.33333333333333,13.097822330665723,27.61316944347022,29.798805224062463,70.00460966664832
199,1.4782932789572119,40.0,27.02777777777778,9.38617889584507,3779.0707317771094,1375,4.0,4,29.411764705882355,100.0,12,0.3095012268952905,42.1578947368421,71.63157894736842,24.89473684210526,75.26315789473684,31.73684210526315,73.3157894736842,26.157894736842096,72.94736842105262,13.422630748209485,100.0,21.975312373069755,44.624553001631284
200,6.226600431225943,15.0,31.23684210526315,7.597836203776687,4121.626818840971,1378,4.0,4,100.0,100,0,0.30872824719433983,26.0,27.666666666666668,1.0,1.0,18.666666666666668,32.33333333333333,1.0,1.0,42.19453867020396,100.0,15.877235668691961,100.0
201,3.831712411535503,20.0,11.666666666666668,11.379429262338984,7861.549145668202,1382,4.0,4,50.0,100.0,1,0.30780321941215266,40.5,44.5,7.999999999999999,24.5,21.5,50.0,1.0,1.0,11.551122752280207,55.97628849936882,33.1420464994153,100.0
202,-29.48446426866938,70.0,17.750000000000004,15.439239888360706,3503.80941649928,1396,4.0,4,11.11111111111111,100.0,16,0.30473976410205267,52.849999999999994,67.85000000000001,26.949999999999996,63.74999999999999,28.749999999999996,67.25,13.649999999999999,33.89999999999999,9.071794353076257,17.964591499912785,21.42609935794358,60.29225692722581
203,1.1691210822321612,10.0,30.55,15.670440092177829,4673.156900749746,1398,4.0,4,100,100,0,0.30413074153114394,35.0,65.0,46.0,82.0,22.0,36.5,13.0,35.0,100.0,100.0,10.892053000134183,100.0
204,3.045358518414109,45.0,28.999999999999996,12.556594931891132,5961.73540950258,1407,4.0,4,60.0,100.0,4,0.3018577271301075,35.833333333333336,61.583333333333336,40.833333333333336,70.16666666666667,18.000000000000004,34.66666666666667,11.666666666666666,33.916666666666664,32.60735133387951,40.941611333012894,10.900090669262378,20.831324556396186
205,-4.28574036190666,45.0,26.583333333333332,12.531926548157092,3236.1248480004483,1416,4.0,4,25.0,100.0,6,0.29990152735150444,42.400000000000006,71.80000000000001,32.4,54.50000000000001,31.8,56.8,14.999999999999996,48.00000000000001,14.07415633002529,41.71891722184632,23.282525443452567,100.0
206,3.3362863121699036,90.0,30.4,10.791629114008236,7110.492119999253,1434,4.0,4,38.88888888888889,100.0,11,0.29691671475524006,43.0,64.39999999999999,31.399999999999995,48.199999999999996,21.1,59.650000000000006,6.550000000000001,14.799999999999999,29.36288250283623,61.85832666637402,45.107194834256205,32.0687339477849
207,-11.448297238642553,40.0,25.512500000000003,15.25485607142259,6036.107945349431,1442,4.0,4,23.076923076923077,100.0,10,0.2945502677882049,38.6,63.53333333333335,45.20000000000001,65.26666666666667,21.799999999999997,65.8,29.266666666666662,58.86666666666665,157.35662562547077,25.71310475032078,100.0,19.6434252520703
208,-12.66069333247869,65.0,33.71666666666667,10.355784679901681,5838.132094199925,1455,4.0,4,41.17647058823529,100.0,10,0.291618714363681,42.526315789473685,67.0,22.894736842105264,67.78947368421053,24.894736842105267,75.26315789473685,14.473684210526319,36.05263157894736,12.623337073959052,40.04264453822263,17.473058081164847,42.25382676992852
209,9.016188211133542,10.0,26.197368421052623,11.077019333730656,3579.0815120003813,1457,4.0,4,100.0,100,0,0.2908903962601255,31.33333333333333,41.333333333333336,17.666666666666668,50.66666666666667,23.0,70.66666666666667,34.99999999999999,79.0,17.68150999851059,100.0,100.0,100.0
210,-2.4066464457509396,40.0,26.75,8.812083258093589,6739.364369330967,1465,4.0,4,28.57142857142857,100.0,5,0.2892944928300246,46.0,69.0,21.444444444444443,64.0,20.111111111111114,38.44444444444445,26.222222222222218,51.22222222222222,27.861876246970496,21.457794999150792,34.12984387468896,100.0
211,-13.30580382225982,70.0,28.44444444444444,12.739084391661248,6503.853800445439,1479,4.0,4,25.0,100.0,12,0.28641524825313086,38.22222222222222,60.722222222222214,26.05555555555556,57.333333333333336,30.277777777777782,54.33333333333334,15.111111111111109,45.44444444444444,42.94945028699918,20.227498644193734,14.494262215261447,25.992890428772494
212,5.7941154273188005,5.0,27.416666666666668,10.052488518960768,5818.322285221964,1480,4.0,4,100,100,0,0.28612890460868984,35.0,65.0,23.0,59.0,23.0,59.0,23.0,59.0,100.0,100.0,100.0,12.78812099917559
213,13.86014297955192,40.0,26.0,5.19615242270663,5351.443823994487,1488,4.0,4,55.55555555555556,100.0,4,0.2844168444482641,32.0,48.9090909090909,23.363636363636367,69.09090909090908,22.818181818181817,59.818181818181806,18.272727272727273,41.54545454545454,36.37783512567694,24.974038253458275,77.3580712495459,52.20841812533763
214,-20.910775718145192,70.0,24.113636363636367,6.097642722363612,5736.970626090293,1502,4.0,4,12.5,100.0,14,0.28158614536048016,32.0,67.44444444444444,33.888888888888886,61.00000000000001,23.22222222222222,39.83333333333333,13.444444444444445,42.77777777777778,18.663208073225437,10.806701213628653,72.87776792852257,68.57292821212988
215,9.10905673853199,45.0,25.638888888888882,9.1493605421544,4634.829733666265,1511,4.0,4,55.55555555555556,100.0,4,0.2799012669248015,32.81818181818182,58.9090909090909,22.81818181818182,42.63636363636363,33.36363636363636,62.63636363636363,20.81818181818182,61.818181818181806,55.1817373311173,37.322339888325786,43.85523266488841,20.34519822595434
216,5.575500385208241,5.0,27.45454545454545,7.426571978319978,7636.111910183073,1512,4.0,4,100,100,0,0.2797613162913391,43.0,57.99999999999999,23.0,48.0,25.0,55.00000000000001,13.0,35.0,14.536031005263794,100.0,100.0,100.0
217,7.702879784002565,65.0,26.0,10.816653826391967,8564.80822100275,1525,4.0,4,53.84615384615385,100.0,6,0.2772541368328408,32.06666666666666,69.46666666666667,27.266666666666673,61.53333333333335,18.133333333333333,45.79999999999998,10.333333333333334,18.26666666666667,26.79648622937608,73.75499577218972,32.312669463079565,33.36694130792659
218,12.385006371542916,70.0,21.949999999999996,9.442454325256081,6285.001012734331,1539,4.0,4,57.14285714285714,100.0,6,0.2750444019859935,33.0625,53.25,20.5,46.62499999999999,20.0,50.93749999999999,11.5625,31.437499999999996,78.053153358113,52.46414728691369,44.187307071427185,23.09777178587475
219,36.351916194161184,70.0,21.28125,9.775710316799797,12369.46565231301,1553,4.0,4,55.55555555555556,100.0,8,0.2723069834645546,48.550000000000004,59.19999999999999,19.5,59.650000000000006,23.400000000000006,61.29999999999999,18.25,36.5,30.594957857309574,24.78982214462511,30.993052643524216,69.3566430001478
220,9.586722933606675,10.0,27.425000000000004,13.38162588420162,4743.538301949593,1555,4.0,4,100.0,100,0,0.2714910829848368,50.0,65.0,13.0,35.0,15.0,48.0,35.0,79.0,16.35073549914523,100.0,100.0,100.0
221,6.49146484191087,15.0,28.249999999999996,15.221284439888768,8625.196835997485,1558,4.0,4,100.0,100,0,0.2709485079197631,34.66666666666667,44.66666666666667,10.333333333333334,32.33333333333333,1.0,1.0,34.99999999999999,79.0,41.37350866997925,23.890083000878803,100.0,100.0
222,8.95134021691195,10.0,20.25,15.293186737829492,5465.073045335885,1560,4.0,4,100,100,0,0.27040701719122817,55.49999999999999,73.50000000000001,1.0,1.0,1.0,1.0,35.0,79.0,14.193004499247763,100.0,100.0,100.0
223,-26.659158432388118,70.0,23.125,23.310996384800845,5282.060536002973,1574,4.0,4,23.076923076923077,100.0,10,0.26811772843926185,53.533333333333324,70.06666666666666,21.266666666666666,58.13333333333331,14.333333333333334,37.39999999999999,7.600000000000001,19.400000000000002,87.26222385739675,27.15127657107327,30.479777714208467,74.44686485853579
224,1.3294646269337145,10.0,24.183333333333337,18.451950666570475,7187.2144017999135,1576,4.0,4,100.0,100,0,0.2674481040774214,48.5,70.0,26.0,69.0,26.0,69.0,15.0,48.0,13.549462000810308,100.0,100.0,100.0
225,-10.141300026575323,50.0,28.874999999999996,12.209583900116773,4225.450735502818,1586,4.0,4,20.0,100.0,12,0.2647862887910935,55.705882352941174,74.76470588235294,38.23529411764706,67.3529411764706,21.529411764705884,52.058823529411754,24.529411764705884,73.70588235294117,27.4560631022905,20.108339500584407,64.67522339895368,13.41767000121763
226,1.8594235030112536,10.0,35.0,13.974165938091904,3251.2327432349966,1588,4.0,4,100.0,100,0,0.2643893079145252,45.0,55.00000000000001,48.0,65.0,26.0,38.0,13.0,35.0,100.0,100.0,13.771115001873113,100.0
227,10.09261547794684,35.0,32.99999999999999,14.641336266791066,4627.887990998715,1595,4.0,4,50.0,100.0,4,0.2626759235644717,39.0,55.199999999999996,37.7,49.099999999999994,31.0,45.0,25.4,76.29999999999998,23.454509425209835,61.28686128670649,100.0,10.130298143069792
228,-7.513590443912367,30.0,33.275,7.811349482532393,3561.5738801010593,1601,4.0,4,21.428571428571427,100.0,11,0.260061604083292,46.68750000000001,73.875,31.874999999999996,59.375,33.0625,64.625,22.1875,56.00000000000001,25.842043334948055,10.989648331208931,41.05886366523919,100.0
229,-6.055265141902572,70.0,33.453125,9.392885008124193,2781.5289119384943,1615,4.0,4,40.0,100.0,9,0.2574733039884987,51.64705882352942,67.76470588235296,29.529411764705888,62.411764705882355,21.88235294117647,66.05882352941175,19.235294117647058,53.88235294117646,17.39241599986729,23.21240500293373,31.993497431540163,10.936665068064551
230,-0.9497400805244745,60.0,30.573529411764707,13.534954512644482,4335.520730352608,1627,4.0,4,29.411764705882355,100.0,12,0.25491076431844917,45.84210526315789,66.89473684210525,25.52631578947368,61.421052631578945,28.157894736842103,63.578947368421034,23.42105263157894,55.47368421052631,20.700814582111587,69.87806991710386,12.549160835381675,32.73767599760807
231,-9.32906270786577,30.0,30.73684210526316,10.79213122840298,4668.8071124218895,1633,4.0,4,23.52941176470588,100.0,13,0.252373728688853,34.89473684210526,64.36842105263158,28.842105263157897,71.10526315789474,34.473684210526315,69.94736842105263,22.631578947368425,59.210526315789465,25.25032000412466,40.984719999444984,13.106147166884815,69.94072699890239
232,4.982112414304991,5.0,30.210526315789476,6.47010070467291,2469.415877632089,1634,4.0,4,100.0,100,0,0.2518693596658973,16.0,17.5,23.0,59.0,35.0,69.0,15.0,48.0,18.614094995427877,100.0,100.0,100.0
233,-13.127018561560348,70.0,22.25,8.214035456539328,1185.7640279995394,1648,4.0,4,23.52941176470588,100.0,13,0.24936259404858624,43.31578947368421,70.0,31.157894736842096,68.78947368421052,33.73684210526316,55.94736842105264,17.842105263157894,49.84210526315789,9.912251001618902,22.35486386021616,17.29234221586791,55.23229478442642
234,-10.5,5.0,31.51315789473685,10.733695759586698,3835.512283474504,1649,4.0,4,6.666666666666667,100.0,14,0.24688077737253777,37.5,61.0625,29.937499999999993,69.0625,29.125,66.875,24.4375,64.75,100.0,285.8911379953497,100.0,100.0
235,5.4371787679809715,5.0,30.25,5.669685099859293,2750.4320442499193,1650,4.0,4,100,100,0,0.24675733698385152,21.0,24.0,15.0,48.0,1.0,1.0,1.0,1.0,23.908827002742328,100.0,100.0,100.0
236,17.73481800036584,20.0,9.5,8.760707733967617,12097.28706599708,1654,4.0,4,100.0,100,0,0.2460179896962517,39.75,57.49999999999999,22.5,58.50000000000001,1.0,1.0,1.0,1.0,9.88286249958037,38.49528625178209,100.0,100.0
237,-31.7517888135053,90.0,16.0625,16.37651666361798,3982.961579496987,1672,4.0,4,17.647058823529413,100.0,14,0.24356946067061477,47.89473684210526,75.3157894736842,31.894736842105264,59.26315789473685,24.210526315789473,45.89473684210525,6.789473684210526,20.105263157894736,34.448433886023444,16.156160444047096,18.600103333867285,72.52905733403168
238,23.201155019236047,80.0,27.69736842105263,16.206969576636318,4609.830603209909,1688,4.0,4,52.94117647058824,100.0,8,0.24114530097828063,38.8421052631579,54.31578947368422,25.6842105263158,46.578947368421055,21.105263157894736,38.421052631578945,15.105263157894733,44.05263157894736,112.85861162514266,40.79284437411843,61.94890037513687,16.04594688033103
239,-6.833157164649889,70.0,25.18421052631579,11.08042501853478,8430.253369368362,1702,4.0,4,31.25,100.0,11,0.2387452680799943,51.277777777777764,68.8888888888889,31.111111111111107,64.61111111111111,26.88888888888889,62.999999999999986,25.388888888888893,60.38888888888888,18.86667392900563,11.171677428397484,52.96115192800893,27.4284177874506
240,9.168070731263427,10.0,33.666666666666664,12.130092211666883,7587.582178555345,1704,4.0,4,100.0,100,0,0.23838732920698225,28.000000000000004,38.0,10.0,11.0,8.0,24.5,1.0,1.0,16.026683999371016,100.0,100.0,100.0
241,7.622723306778951,75.0,11.75,10.532154478942854,10520.311773503636,1719,4.0,4,35.294117647058826,100.0,11,0.23601474541492687,52.84210526315789,70.15789473684212,24.526315789473678,52.263157894736835,25.0,75.94736842105263,14.36842105263158,33.89473684210526,15.602116930919388,36.85396533391516,16.69737806621318,47.136425734400596
242,-16.604848173064052,90.0,29.18421052631579,15.077426037570527,4267.686456526128,1737,4.0,4,31.25,100.0,11,0.23366577510043782,41.111111111111114,72.38888888888889,32.333333333333336,57.33333333333333,16.0,38.99999999999999,22.833333333333336,43.722222222222214,27.141921000697444,17.284741331807002,22.08294211167312,94.96780616666203
243,-26.031793458842348,65.0,28.069444444444446,11.95631990020849,5166.896177443657,1750,4.0,4,18.75,100.0,13,0.23134018324702182,39.11111111111112,62.500000000000014,37.77777777777778,64.38888888888889,28.888888888888886,63.888888888888886,22.88888888888889,69.94444444444444,31.960306614928413,33.59158830683624,12.426857079285233,17.52985715138493
244,2.4599138059127945,10.0,32.16666666666667,8.91814976476119,6571.645779110339,1752,4.0,4,100.0,100,0,0.23076241085025953,34.0,57.99999999999999,36.0,48.5,26.0,69.0,15.0,48.0,100.0,10.733764498581877,100.0,100.0
245,2.1558818863435434,85.0,27.749999999999996,8.448977975153669,3380.3447795035027,1769,4.0,4,37.5,100.0,10,0.2284657151423951,44.833333333333336,65.27777777777779,45.83333333333333,67.77777777777777,30.500000000000004,50.72222222222222,21.5,54.49999999999999,16.25163353061961,13.705101351661142,89.2618101745029,21.863905941684017
246,9.515545127723698,10.0,35.66666666666667,11.192230745040241,5244.7343706112915,1771,4.0,4,100.0,100,0,0.2278951217333163,37.0,51.5,12.0,21.0,31.5,36.5,20.5,58.5,12.905878498713719,100.0,100.0,100.0
247,8.668450497144448,10.0,25.25,10.574247871271677,12351.513870999042,1773,4.0,4,100,100,0,0.227439673218599,55.49999999999999,77.0,12.0,21.0,27.0,31.0,15.0,48.0,10.18949699573568,100.0,100.0,100.0
248,-23.857568119802096,60.0,27.375,17.192491714259162,3097.146544499992,1785,4.0,4,20.0,100.0,12,0.22517604752949924,57.23529411764705,78.41176470588236,28.64705882352942,57.1764705882353,26.411764705882355,49.0,16.647058823529413,50.94117647058823,25.740202830638736,18.961895583561272,11.32428333282102,49.317143416071
249,10.235807352065688,10.0,32.23529411764706,16.392716935316063,4801.108935235414,1787,4.0,4,100.0,100,0,0.22461367006939464,36.0,48.0,30.0,42.0,11.0,14.000000000000002,27.0,82.0,13.008630499825813,100.0,100.0,100.0
250,-18.045157468233313,80.0,26.0,9.403210798905205,3208.107831000234,1803,4.0,4,23.52941176470588,100.0,13,0.22237817057848835,53.10526315789473,76.73684210526315,38.631578947368425,70.10526315789475,28.315789473684212,59.26315789473684,20.21052631578947,56.99999999999999,10.879067872792803,16.917696813015937,21.820021938037826,60.7652015018175
251,2.7576267684009323,20.0,35.06578947368421,14.040425033045612,3919.30416394768,1807,4.0,4,14.285714285714285,100.0,6,0.22115814375818577,39.44444444444445,62.11111111111111,39.22222222222223,63.0,33.33333333333333,60.999999999999986,17.222222222222218,51.11111111111111,58.24127700252575,12.981342248167493,100.0,33.06088900026225
252,6.04534133532148,15.0,32.30555555555556,11.130701097973736,5511.79415510948,1810,4.0,4,100.0,100,0,0.22071615909731984,37.99999999999999,75.33333333333333,28.666666666666668,43.66666666666667,16.666666666666664,20.333333333333332,15.0,48.0,20.264381998761866,100.0,40.84533733645609,100.0
253,-19.524746386096073,80.0,24.583333333333332,10.027770436737704,6487.525026997901,1826,4.0,4,23.52941176470588,100.0,13,0.21851945013858012,39.42105263157895,75.05263157894738,29.47368421052632,63.6842105263158,45.526315789473685,63.15789473684209,16.42105263157895,28.789473684210527,50.207724501160556,33.23437574945274,10.213619873411517,61.428424062251
254,-13.509154727947472,60.0,32.71052631578948,12.034441767650277,4159.895866789922,1838,4.0,4,50.0,100.0,8,0.21634460423811916,37.111111111111114,70.5,21.88888888888889,42.611111111111114,35.777777777777786,64.88888888888889,29.33333333333334,54.888888888888886,132.0009724165478,17.52642816863954,14.031742997758556,36.52317124979163
255,-33.0,50.0,31.027777777777775,8.22158826898867,5264.295008556171,1848,4.0,4,86,100.0,14,0.2141914038007406,44.0,75.0,42.43749999999999,56.18749999999999,23.25,55.625,23.0,52.87500000000001,100.0,11.0268435018952,30.88661989706452,82.48875620018225
256,10.05516728532617,20.0,33.17187499999999,11.230850710182784,3698.110103312956,1852,4.0,4,100.0,100,0,0.21322946795894776,23.25,26.75,54.49999999999999,68.75,28.500000000000004,38.49999999999999,15.0,48.0,56.050179501471575,12.50102800258901,33.364328497918905,100.0
257,12.667608381009977,20.0,30.312499999999996,14.978705354223537,4526.375941000879,1856,4.0,4,100.0,100,0,0.21269692709625013,32.25,60.00000000000001,42.5,55.00000000000001,31.0,42.0,19.0,53.49999999999999,13.908950502809603,56.63790800172137,100.0,33.42907375044888
258,0.8103741132144187,35.0,31.1875,9.071737116074388,3612.098211000557,1863,4.0,4,33.33333333333333,100.0,6,0.21142424919037942,42.90909090909091,62.54545454545455,41.36363636363637,66.45454545454545,25.545454545454543,60.181818181818194,11.909090909090908,36.18181818181817,23.392593286657107,35.9964072853992,11.471614001493435,73.92532714376492
259,-20.67731455082693,70.0,30.431818181818183,13.72547635290466,4783.036567999013,1877,4.0,4,25.0,100.0,12,0.2093200192862765,48.72222222222222,70.22222222222221,35.16666666666667,61.61111111111111,28.77777777777778,65.27777777777777,10.833333333333334,32.77777777777778,9.916012573480007,36.477404354393784,18.23694421244519,31.598725857475074
260,9.603496691922345,10.0,30.874999999999996,14.69003922889307,4720.731391222216,1879,4.0,4,100,100,0,0.20869284365538623,47.0,65.0,12.0,21.0,11.0,14.000000000000002,15.0,48.0,12.196963500173297,100.0,100.0,100.0
261,1.6513144196656189,10.0,21.250000000000004,14.941721801294253,3675.6553249979333,1881,4.0,4,100.0,100,0,0.20817163301755612,34.0,51.0,21.000000000000004,64.99999999999999,1.0,1.0,1.0,1.0,100.0,12.797223000234226,100.0,100.0
262,-8.890630223925855,60.0,14.250000000000002,14.245431847392592,4941.110528499848,1893,4.0,4,29.411764705882355,100.0,12,0.20609977523842765,40.94736842105263,71.5263157894737,28.684210526315784,67.15789473684211,24.631578947368418,60.473684210526315,14.57894736842105,27.789473684210524,18.602048834630597,33.897634001186816,27.055673829575728,15.131440248903042
263,10.465281271957029,85.0,27.21052631578948,10.098792123009389,3279.6852311052803,1910,4.0,4,41.17647058823529,100.0,10,0.20404853791845934,40.736842105263165,63.1578947368421,30.894736842105257,65.10526315789474,21.47368421052632,42.78947368421052,17.52631578947369,32.68421052631579,18.045300881888526,17.9056586464867,718.499750351047,75.03593241237789
264,2.2732201590778143,45.0,27.657894736842103,11.126825868963456,7561.6967960515085,1919,4.0,4,36.36363636363637,100.0,7,0.20252351857031958,45.53846153846153,65.84615384615385,24.076923076923077,73.15384615384615,34.15384615384616,56.53846153846154,24.923076923076916,65.30769230769228,52.561472002546196,100.0,12.082383890325824,232.29094844621918
265,8.534553573146248,10.0,32.17307692307691,9.458789013007015,5673.2028067703,1921,4.0,4,100.0,100,0,0.20221988515978762,55.49999999999999,77.0,1.0,1.0,32.0,59.0,26.0,69.0,10.952211501717102,100.0,100.0,100.0
266,-1.6532170713914205,90.0,28.625,19.424107114229205,3896.0069919994567,1939,4.0,4,33.33333333333333,100.0,12,0.20020726299753833,50.24999999999999,69.45,26.200000000000003,61.050000000000004,29.450000000000003,57.800000000000004,17.599999999999998,41.65,26.09260344599736,9.685077441746317,30.4116915523385,15.823816724231518
267,2.033730498775432,60.0,30.875000000000004,13.174368054831891,4395.588284498808,1951,4.0,4,33.33333333333333,100.0,8,0.19871095259598395,51.142857142857146,67.35714285714286,32.357142857142854,57.214285714285694,36.0,56.00000000000001,22.14285714285714,43.857142857142854,18.368996584710356,25.277561668432707,11.016628006473184,100.0
268,12.17044276798298,45.0,35.410714285714285,12.873074300697157,6670.785061571223,1960,4.0,4,62.5,100.0,3,0.19752196015271756,45.199999999999996,60.9,39.699999999999996,62.7,15.799999999999997,48.80000000000001,14.899999999999999,39.699999999999996,21.737290337073823,100.0,11.231268437566339,40.29679355282698
269,-13.162688337224113,70.0,28.900000000000002,14.483136737020155,3573.631888201635,1974,4.0,4,14.285714285714285,100.0,12,0.19575179761680242,49.3125,71.875,25.375000000000004,48.8125,21.6875,53.5625,25.312500000000004,67.68749999999999,10.750463351931623,18.32739056990249,36.78372799851267,100.0
270,-6.557332590065883,45.0,30.421875,11.895843655895222,4863.933657375128,1983,4.0,4,17.647058823529413,100.0,14,0.1938035500155716,46.526315789473685,71.10526315789473,25.42105263157895,67.89473684210525,27.999999999999996,70.99999999999999,25.631578947368418,77.73684210526316,25.73774089428803,66.35474266820691,174.0505043339605,14.263654223112907
271,0.1610260076600225,25.0,31.394736842105264,9.383124755554533,2935.605857209578,1988,4.0,4,66.66666666666666,100.0,1,0.19322286564451027,44.8,69.8,25.8,44.2,7.6,13.0,27.0,82.0,46.04328939807601,11.783650401048362,100.0,100.0
272,-0.13805881601015102,25.0,26.3,13.543613002611767,6366.148836200591,1993,4.0,4,40.0,100.0,3,0.1924513253902768,43.57142857142857,67.85714285714286,35.0,79.0,14.142857142857142,42.857142857142854,11.0,34.57142857142857,64.20932080014609,18.05794499523472,27.82617979857605,45.407738202484325
273,-14.90204851199535,30.0,25.928571428571434,13.939420351089971,2274.7094352858508,1999,4.0,4,14.285714285714285,100.0,12,0.19053592620819995,49.4375,75.25,34.1875,76.875,35.9375,73.37499999999999,27.0,82.0,39.76643433319017,100.0,27.355233165144455,15.182183997239918
274,11.142537794806948,70.0,36.640625,8.642216911946166,1643.1290800637726,2013,4.0,4,50.0,100.0,8,0.18863959030884805,45.27777777777778,68.94444444444444,28.166666666666668,50.88888888888889,28.94444444444444,67.72222222222223,21.22222222222222,62.83333333333332,16.44887306777361,11.696600069366728,49.11726100087565,23.423511149511405
275,-5.068691658513586,30.0,30.902777777777775,10.09664797051985,6640.8490828891645,2019,4.0,4,66.66666666666666,100.0,2,0.18769851172557542,36.375,63.625,30.000000000000004,44.125,20.75,63.37499999999999,15.0,30.25,100.49386099951032,210.11859533124758,100.0,104.98631950467825
276,7.84323990925783,10.0,25.531250000000007,10.153080384822744,11642.03561325121,2021,4.0,4,100,100,0,0.1875108601384778,39.5,77.0,10.0,11.0,1.0,1.0,15.0,48.0,34.02605000155745,100.0,100.0,100.0
277,2.957885233480849,35.0,16.375,14.279334845702806,4148.796777997632,2028,4.0,4,40.0,100.0,3,0.18676212796218894,38.714285714285715,74.28571428571428,15.42857142857143,25.285714285714295,7.7142857142857135,11.714285714285714,11.428571428571429,35.857142857142854,25.99287299090065,100.21384157880675,49.4571307141866,100.0
278,-27.050368132884557,80.0,18.321428571428573,13.215374216575665,8558.44804100343,2044,4.0,4,23.52941176470588,100.0,13,0.18490335132650573,46.1578947368421,75.3157894736842,43.368421052631575,63.578947368421055,25.578947368421055,46.684210526315795,8.263157894736842,16.57894736842105,21.127683368467842,12.491838067035133,39.52660362847382,57.17908112656005
279,8.982240108070103,10.0,30.842105263157894,16.32305454119619,5624.127086840944,2046,4.0,4,100.0,100,0,0.1844415549754964,42.66666666666667,61.66666666666667,26.666666666666668,38.00000000000001,45.0,82.0,26.0,69.0,17.35724299942376,100.0,100.0,100.0
280,14.783925890180715,55.00000000000001,35.083333333333336,10.367226592733395,6581.305910328713,2057,4.0,4,44.44444444444444,100.0,5,0.18324627489292708,44.54545454545454,58.909090909090914,23.36363636363636,58.999999999999986,26.818181818181813,59.363636363636374,12.909090909090908,37.81818181818182,23.443475910674103,18.275396278741855,28.578799006539736,59.0162168182856
281,-5.358240403800269,55.00000000000001,26.90909090909091,12.90932345750742,7664.836915457272,2068,4.0,4,26.666666666666668,100.0,11,0.18142249028486188,50.35294117647058,70.17647058823529,27.294117647058826,65.47058823529412,24.411764705882355,57.1764705882353,22.176470588235293,59.0,23.427410267653283,59.32884490784173,13.418879817684434,34.13454472425986
282,-12.52001631082764,70.0,31.05882352941177,11.957384179356223,5212.550171294853,2082,4.0,4,23.52941176470588,100.0,13,0.1796168571524464,35.1578947368421,67.94736842105262,25.84210526315789,67.05263157894737,22.47368421052632,45.10526315789475,24.684210526315788,73.21052631578947,44.30998950452444,25.37310579043281,16.778573065364203,19.766097427470545
283,-3.350374765917513,20.0,27.03947368421053,7.097579065715694,4610.673803949459,2086,4.0,4,50.0,100.0,1,0.17916826382724324,43.0,79.0,29.5,56.00000000000001,25.0,44.99999999999999,21.000000000000004,65.0,100.0,11.719444253685651,56.46380399848567,100.0
284,2.6987188590734172,55.00000000000001,29.624999999999996,9.661934272392319,5839.337375251489,2097,4.0,4,50.0,100.0,5,0.17791815391749677,32.916666666666664,63.66666666666666,36.08333333333333,62.58333333333334,30.833333333333336,68.5,10.25,27.583333333333332,51.233220545956016,17.53242444829084,34.65910327451473,44.279555273401044
285,-17.0471665252327,80.0,27.520833333333332,11.238671224068574,7963.572263421763,2113,4.0,4,26.666666666666668,100.0,11,0.1761473981910859,45.0,71.3529411764706,42.88235294117647,57.64705882352942,30.823529411764707,71.8235294117647,11.941176470588237,33.294117647058826,20.751020812167553,29.02482425342896,27.64403674791538,56.691441314615076
286,16.94076186775323,25.0,32.661764705882355,14.399967668068115,6887.633850881898,2118,4.0,4,75.0,100.0,1,0.17553180630099802,28.499999999999996,37.83333333333332,21.000000000000004,31.5,15.0,48.0,27.0,82.0,33.93981099827215,100.0,15.38680901285261,100.0
287,2.116295031155971,10.0,22.875,7.224658299881343,6094.42925566691,2120,4.0,4,100.0,100,0,0.1752686402184598,41.0,51.0,6.5,11.0,15.0,48.0,15.0,48.0,14.277561502240133,100.0,100.0,100.0
288,-1.1042768713412903,25.0,19.375,13.106075120154854,8324.56839599763,2125,4.0,4,25.0,100.0,3,0.1745687913119536,54.333333333333336,73.66666666666667,11.333333333333332,29.166666666666668,18.333333333333336,52.66666666666667,1.0,1.0,11.094344599405304,46.08081639511511,403.7808279902674,100.0
289,-27.737806952933717,95.0,21.25,20.711682956239986,2908.087151835692,2144,4.0,4,11.11111111111111,100.0,16,0.17283137059314588,48.199999999999996,69.14999999999999,29.450000000000003,63.55000000000002,30.900000000000006,48.80000000000001,11.300000000000002,32.75,48.09081637266852,23.127343993186706,11.676188367633394,55.21260358050073
290,-3.3375442685253516,65.0,29.9625,15.63655518046336,8537.106640899583,2157,4.0,4,29.411764705882355,100.0,12,0.17111124180109932,34.47368421052632,64.0,26.842105263157894,56.631578947368425,24.368421052631582,74.1578947368421,20.263157894736842,61.368421052631575,43.581039155385675,65.71110738351798,39.47775201231707,18.98226069125275
291,1.2900869907441006,55.00000000000001,26.486842105263158,6.876276962376528,4307.100497582149,2168,4.0,4,31.25,100.0,11,0.1694082328354539,40.11111111111111,66.55555555555556,36.22222222222222,67.77777777777779,27.611111111111107,63.0,20.777777777777775,63.55555555555554,50.75995190947486,91.98983590944077,19.679180180537514,11.863717998494394
292,-7.557969889608841,65.0,31.180555555555557,10.30343225507147,5092.249813329545,2181,4.0,4,27.27272727272727,100.0,8,0.16814210843464356,44.000000000000014,75.0,17.0,38.38461538461539,31.153846153846153,49.99999999999999,3.8461538461538463,9.000000000000002,10.345023998524994,16.725908151756112,26.60441322861096,37.78111276512321
293,-1.462872570931518,30.0,24.000000000000004,16.61094020271915,4549.575811844149,2187,4.0,4,50.0,100.0,2,0.16747071581940465,37.666666666666664,62.83333333333334,35.99999999999999,82.0,28.33333333333334,59.66666666666667,30.5,65.33333333333333,55.18685516726691,100.0,70.16685432948482,10.820427332267476
294,2.1961158417139774,10.0,33.12500000000001,4.755481209478147,3939.783613832939,2189,4.0,4,100,100,0,0.1671360255101147,47.0,63.0,36.0,82.0,35.0,69.0,35.0,79.0,10.253367501718458,100.0,100.0,100.0
295,-28.5,40.0,38.25,5.070455324799504,3100.7953270018334,2197,4.0,4,85,100.0,15,0.16547258044987184,59.82352941176471,80.3529411764706,33.0,73.0,31.0,62.41176470588235,34.470588235294116,78.41176470588236,12.71700499637518,54.82188337446132,24.188409618727746,100.0
296,-6.696944613934661,60.0,39.57352941176471,12.186831499354478,2700.698202531545,2209,4.0,4,31.25,100.0,11,0.16382569106312905,33.666666666666664,69.1111111111111,31.555555555555554,68.66666666666667,35.27777777777778,65.83333333333334,24.22222222222222,73.72222222222223,23.641817085202394,78.18341758247698,11.316797749411004,17.62290716045148
297,-7.758980439310576,65.0,31.180555555555557,6.63969177552792,3683.0750780556828,2222,4.0,4,26.666666666666668,100.0,11,0.16227633074256287,33.235294117647065,67.94117647058823,32.8235294117647,72.76470588235294,45.82352941176471,62.235294117647065,25.470588235294116,77.23529411764706,66.25193061369758,10.219137314169739,31.34496738247645,51.39953915719301
298,10.034971976893353,10.0,34.338235294117645,8.274628653106342,4233.78868388125,2224,4.0,4,100,100,0,0.16187104540373864,48.0,75.0,35.0,79.0,40.0,55.00000000000001,27.0,82.0,10.129526504897512,100.0,100.0,100.0
299,4.850678493164029,75.0,37.5,7.750467051777456,3361.0341055027675,2239,4.0,4,47.05882352941176,100.0,9,0.16026000080667238,50.473684210526315,73.0,21.947368421052634,54.1578947368421,35.99999999999999,48.052631578947356,16.368421052631575,49.94736842105262,16.383539801851537,28.26706353497381,30.325402134718995,100.0
300,4.669246179521822,5.0,31.197368421052634,14.359053965729144,7034.146887683739,2240,4.0,4,100.0,100,0,0.15993972111494031,53.0,75.0,27.0,82.0,36.0,48.5,1.0,1.0,100.0,100.0,12.697679005214013,100.0
301,14.261067164720778,65.0,29.25,18.912322997612666,1623.9566060030484,2253,4.0,4,43.75,100.0,9,0.15834789829748813,47.49999999999999,64.94444444444444,26.333333333333336,80.1111111111111,37.777777777777786,64.27777777777777,25.66666666666666,78.22222222222221,33.04650407494941,18.946223388103625,39.76804000155356,16.680126221707233
302,8.671047189189487,10.0,34.31944444444445,9.702509937731147,3469.564875834395,2255,4.0,4,100.0,100,0,0.15803143994357657,42.66666666666667,64.0,27.0,82.0,34.99999999999999,69.0,27.0,82.0,11.915661998500582,100.0,100.0,100.0
303,-21.58887901709389,70.0,32.916666666666664,6.982795050235273,2232.5884773405655,2269,4.0,4,12.5,100.0,14,0.15645860956583554,39.777777777777786,68.72222222222223,22.22222222222222,68.05555555555556,27.22222222222222,63.16666666666666,17.944444444444443,53.72222222222223,24.71791299800056,15.578160994794287,34.58657842961007,20.128650283731986
304,-26.48389957393413,65.0,26.791666666666664,9.226970674647212,5095.20398438892,2282,4.0,4,12.5,100.0,14,0.15490143300608175,41.55555555555556,70.33333333333334,34.555555555555564,66.05555555555556,30.222222222222218,63.0,30.000000000000004,62.94444444444445,18.546457613522833,10.945399159726758,81.27179584698752,36.62390977036781
305,-7.471783165726656,75.0,34.08333333333333,7.402557108294516,5504.655355280394,2297,4.0,4,37.5,100.0,10,0.15335975446746575,43.94444444444445,70.5,29.83333333333333,54.222222222222214,28.333333333333332,69.16666666666667,23.777777777777775,55.44444444444445,20.128043796867132,25.16490073292516,56.21637839882169,12.584099139591368
306,-2.168878043392266,80.0,31.472222222222218,9.240525456078034,5778.704148778666,2313,4.0,4,35.294117647058826,100.0,11,0.15183341970372846,45.8421052631579,66.26315789473685,36.47368421052631,63.578947368421034,22.42105263157895,51.78947368421052,20.631578947368425,59.526315789473685,25.391469878013595,26.31474037625594,12.166075442110014,34.14969550285605
307,7.831762093146065,10.0,31.342105263157894,11.89793259307541,6093.846599317131,2315,4.0,4,50.0,100.0,1,0.15145421554827412,55.00000000000001,74.5,26.0,47.0,26.0,69.0,23.5,70.25,16.735525990952738,100.0,100.0,100.0
308,-27.079791206168146,80.0,32.62500000000001,13.270369742736104,3494.677590249921,2331,4.0,4,29.411764705882355,100.0,12,0.14994684593159327,53.42105263157894,75.52631578947368,34.99999999999999,54.789473684210535,17.894736842105267,46.42105263157894,3.5263157894736845,7.7368421052631575,54.64953462687845,13.168161686735402,72.5328278118468,17.09247249764303
309,-12.536657225243546,70.0,27.46052631578947,20.062194984219246,5102.519650157774,2345,4.0,4,17.647058823529413,100.0,14,0.14845447862536687,44.26315789473684,61.421052631578945,39.473684210526315,66.68421052631578,29.526315789473685,66.6842105263158,26.105263157894736,59.0,19.558180572598108,43.04158121625993,372.1411626457536,23.724712284456473
310,-11.879724316494901,80.0,34.8421052631579,8.99127856481791,6019.028194314543,2361,4.0,4,25.0,100.0,12,0.1469769643169669,50.0,69.66666666666667,33.166666666666664,50.611111111111114,25.66666666666667,78.22222222222221,9.666666666666668,26.555555555555554,16.044301314286713,27.33472987783898,17.616807381273247,66.94181912644126
311,-3.6028900832421487,35.0,29.625,16.445559906319072,3805.075347501972,2368,4.0,4,23.52941176470588,100.0,13,0.1455141551798204,50.684210526315795,70.78947368421052,50.421052631578945,76.78947368421053,25.52631578947368,77.05263157894736,35.47368421052632,81.3157894736842,39.34987471064752,10.421086133906751,62.05681342315594,21.588720571682124
312,9.519836848061306,10.0,40.526315789473685,10.899555601613246,2076.007230054146,2370,4.0,4,100.0,100,0,0.14529599306447777,44.5,56.49999999999999,1.0,1.0,1.0,1.0,1.0,1.0,21.85706649470376,100.0,100.0,100.0
313,-9.805203858140475,80.0,11.875,18.83605253231154,8776.920740499918,2386,4.0,4,23.52941176470588,100.0,13,0.1438499140327518,47.526315789473685,61.526315789473685,21.842105263157897,58.842105263157904,21.105263157894736,64.52631578947368,16.315789473684212,47.999999999999986,32.88503005878738,12.071367569660651,18.528779996449884,22.191663933153905
314,-1.71979278875488,35.0,26.69736842105263,12.915905115180454,3708.4798287388894,2393,4.0,4,15.384615384615385,100.0,11,0.14270342016476023,48.4,68.00000000000001,37.46666666666666,70.33333333333333,23.733333333333327,67.73333333333332,32.2,69.40000000000002,16.64215429212033,76.00245056840193,24.99475986114703,100.0
315,8.757015126790465,75.0,35.449999999999996,9.489150731980914,4830.654999666149,2408,4.0,4,31.25,100.0,11,0.1412831440834766,40.00000000000001,64.05555555555554,26.44444444444445,61.888888888888886,22.55555555555556,67.77777777777777,13.055555555555554,35.16666666666666,31.057398797905382,32.77082333341241,37.795246403547935,17.286383259731036
316,-5.661208688294972,70.0,25.513888888888893,10.541585468899896,5882.524988724779,2422,4.0,4,29.411764705882355,100.0,12,0.13987700350185184,36.31578947368421,65.31578947368419,28.157894736842117,69.21052631578948,19.315789473684212,45.89473684210525,13.473684210526313,34.89473684210527,32.23722413614659,48.456672996897915,19.20396071322362,61.61318271686988
317,-14.278346482015923,75.0,24.31578947368421,11.39116235797626,4434.994040472176,2437,4.0,4,25.0,100.0,12,0.1384848577343156,43.77777777777778,68.27777777777779,29.22222222222222,61.61111111111111,37.00000000000001,68.61111111111111,26.16666666666666,63.94444444444445,65.11693253162473,12.99701533765377,21.315838598529808,27.65066406747792
318,-4.745419427027209,60.0,34.041666666666664,9.986419426039724,5347.474817334539,2449,4.0,4,31.25,100.0,11,0.13710656749549066,46.72222222222222,64.77777777777779,25.222222222222218,66.33333333333333,23.05555555555555,60.277777777777764,26.833333333333336,56.166666666666664,106.56339308261522,15.371649412069624,26.413778004643973,39.80849599902285
319,-14.710503658183157,55.00000000000001,30.458333333333332,10.8195067762534,4205.3196247215965,2460,4.0,4,11.76470588235294,100.0,15,0.1357419948862573,50.263157894736835,78.42105263157895,23.842105263157894,58.42105263157895,24.157894736842103,72.05263157894737,18.894736842105264,52.526315789473685,17.543981635720808,33.37190745223779,10.904050269428724,67.52008118227505
320,8.481480733865311,10.0,29.289473684210527,13.133376172630912,3052.4874678927804,2462,4.0,4,66.66666666666666,100.0,1,0.13533527759485164,45.75,60.0,33.0,72.0,20.0,58.5,27.0,82.0,31.590871993103065,100.0,100.0,100.0
321,10.214397934321902,10.0,31.437499999999996,9.810217942262375,4338.884300501377,2464,4.0,4,100,100,0,0.13506480997491918,49.5,60.0,33.0,72.0,13.0,35.0,27.0,82.0,10.942338005406782,100.0,100.0,100.0
322,8.558824221407363,10.0,30.625000000000004,13.093367761301621,5865.097616006096,2466,4.0,4,100,100,0,0.1348623140416812,63.5,77.0,26.5,48.5,13.0,35.0,27.0,82.0,11.223362002056092,100.0,100.0,100.0
323,-24.087575862867038,75.0,32.5,19.019596309877283,4296.756849500525,2481,4.0,4,17.647058823529413,100.0,14,0.13352007768407453,49.526315789473685,72.94736842105263,29.63157894736842,67.36842105263158,26.89473684210527,58.36842105263157,22.210526315789473,56.736842105263165,23.30601266992744,10.821281731477939,18.141262666516315,59.17048133153003
324,5.573363352588336,15.0,32.065789473684205,12.27465517428282,3724.968787158631,2484,4.0,4,25.0,100.0,3,0.13292043761428557,41.16666666666667,66.66666666666666,39.33333333333333,69.83333333333333,35.99999999999999,75.99999999999999,35.99999999999999,82.0,10.633482001139782,41.411012661410496,100.0,100.0
325,-21.55118593728085,50.0,38.12499999999999,4.037495921606885,4039.221686000625,2494,4.0,4,12.5,100.0,7,0.13212510452461754,51.30000000000001,76.19999999999999,45.4,73.6,29.800000000000004,60.8,25.7,38.800000000000004,11.528956399706658,28.969168592011556,19.155155798362102,36.761681503849104
326,10.907585797277434,85.0,38.05,11.214568700771906,4815.537841702462,2511,4.0,4,43.75,100.0,9,0.13087554840815832,49.222222222222214,68.05555555555556,28.33333333333334,63.888888888888886,33.94444444444444,59.166666666666664,21.22222222222222,38.333333333333336,11.310984822236659,22.24269135091591,18.265455880421488,41.99196176435662
327,-7.424790599874328,75.0,33.18055555555555,11.926583658029436,5528.126155334273,2526,4.0,4,33.33333333333333,100.0,10,0.12963780980733175,50.1764705882353,64.94117647058823,22.882352941176467,53.470588235294116,28.17647058823529,62.941176470588225,27.647058823529413,67.11764705882352,16.276743663280893,23.399097862614628,28.365595996535074,11.002988991094753
328,5.675269001418485,75.0,32.220588235294116,13.406056195213853,5803.6160668835855,2541,4.0,4,43.75,100.0,9,0.12834757107102976,51.444444444444436,64.44444444444444,18.555555555555557,51.66666666666667,23.166666666666664,61.444444444444436,18.833333333333332,57.88888888888889,20.632835265714675,64.366000398295,34.940863197358944,11.53671027374609
329,-14.735243283119834,85.0,28.000000000000004,14.304815430712612,5092.244936446757,2558,4.0,4,29.411764705882355,100.0,12,0.12707017361921974,52.21052631578947,66.73684210526316,23.10526315789474,68.57894736842105,28.947368421052634,63.8421052631579,18.684210526315788,35.21052631578947,15.426773175268488,73.85400276364047,13.048446823685321,22.5905630583464
330,-8.570922005517012,90.0,30.736842105263158,14.198200798197833,4812.8660516323225,2576,4.0,4,29.411764705882355,100.0,12,0.12580548964719185,44.31578947368422,66.21052631578947,24.947368421052637,72.26315789473684,34.421052631578945,79.94736842105263,20.210526315789476,35.421052631578945,10.54649567231536,15.389916441442134,56.45503849955276,20.119484775285756
331,-13.590814361784991,60.0,30.97368421052632,10.040877511629631,4546.0247078421835,2588,4.0,4,21.428571428571427,100.0,11,0.12467803949221298,41.75,61.5,38.18750000000001,70.24999999999999,23.75,66.4375,22.375,62.9375,71.40102616758668,37.280884081701515,17.99694916626322,12.093026089132763
332,-7.039246850534864,75.0,31.515625000000004,10.808155639383118,5860.723282559775,2603,4.0,4,31.25,100.0,11,0.12343716357524,41.44444444444444,72.44444444444444,23.111111111111114,57.6111111111111,32.49999999999999,62.22222222222222,18.333333333333336,55.00000000000001,17.179754789297778,23.344852728963208,11.83878266698836,63.65572039833447
333,-1.3792797946248951,45.0,28.847222222222218,10.987572584407184,4232.337653610254,2612,4.0,4,23.52941176470588,100.0,13,0.12220863765228035,44.684210526315795,74.31578947368422,32.210526315789465,72.52631578947367,37.94736842105262,68.36842105263156,26.26315789473684,79.52631578947368,12.25840422395979,22.309625334714333,51.7465827811975,100.0
334,11.650282470944944,20.0,35.276315789473685,7.778184584180164,2837.4388341571353,2616,4.0,4,100.0,100,0,0.12184246971630769,27.749999999999996,31.75,20.5,39.75,10.0,11.0,4.000000000000001,9.5,32.40245374981896,12.241438002092764,100.0,100.0
335,4.1457295963533705,20.0,15.562499999999998,10.849659618743374,8340.935310250643,2620,4.0,4,50.0,100.0,1,0.12153816799592622,37.25,44.75,22.5,56.99999999999999,16.5,35.0,1.0,1.0,25.676515502709663,37.45113625191152,58.50167500175303,100.0
336,-26.343711618160864,65.0,19.3125,13.583635299239699,3752.21319125194,2633,4.0,4,6.25,100.0,15,0.12032854209650244,57.22222222222222,75.1111111111111,27.666666666666668,69.61111111111111,29.833333333333336,69.77777777777779,19.27777777777778,55.111111111111114,13.776213000080762,58.95456715280978,18.725312997300463,26.810403848559453
337,-16.207954133095235,80.0,33.5,14.82759921834583,3768.3741877222524,2649,4.0,4,29.411764705882355,100.0,12,0.11913095517084865,40.10526315789475,67.78947368421053,29.000000000000004,65.89473684210525,34.05263157894738,64.3157894736842,22.578947368421055,58.36842105263157,16.614466253122373,26.156543563774903,12.189120248876861,50.80053200090333
338,13.922181524141878,50.0,31.43421052631579,8.782460003440464,4491.751711895248,2659,4.0,4,40.0,100.0,9,0.11794528739936651,34.94117647058823,50.882352941176464,24.23529411764706,55.999999999999986,33.235294117647065,71.23529411764706,31.117647058823522,65.17647058823529,19.214884700486436,27.797835998644587,16.903589988942258,100.0
339,-7.8964271002866155,60.0,30.88235294117647,8.122671896134898,3606.0941295881466,2671,4.0,4,18.75,100.0,13,0.1167714201549792,42.22222222222222,75.11111111111111,37.388888888888886,66.22222222222221,18.444444444444443,50.55555555555554,25.77777777777777,62.33333333333333,12.121951003791764,23.907411585969385,43.36465049758166,27.148455752709804
340,-9.34255964446946,75.0,30.958333333333332,11.51109289437672,3880.8328293315653,2686,4.0,4,27.77777777777778,100.0,13,0.11560923599126285,45.099999999999994,64.39999999999999,26.60000000000001,64.64999999999999,27.85,54.75000000000001,18.650000000000002,53.75,13.301681935748396,34.511655868263915,48.86772079684306,17.28357814097156
341,5.710970933144175,10.0,29.549999999999997,10.98465696840362,3817.062032400281,2688,4.0,4,12.5,100.0,7,0.11491748495202903,43.2,65.19999999999999,23.000000000000004,48.00000000000001,50.0,72.0,23.4,71.8,15.58219700382324,100.0,100.0,100.0
342,6.024162494257338,15.0,34.900000000000006,13.011325096919919,2800.160127300478,2691,4.0,4,100.0,100,0,0.11468782230090087,29.666666666666664,47.0,20.333333333333332,46.0,37.33333333333333,54.99999999999999,10.333333333333334,32.33333333333333,9.877633002664274,39.66128334092597,100.0,100.0
343,5.385607154015533,5.0,24.416666666666664,12.386199000072615,9365.213431670176,2692,4.0,4,100,100,0,0.11445861863069579,43.0,57.99999999999999,15.0,48.0,1.0,1.0,1.0,1.0,12.613889994099736,100.0,100.0,100.0
344,-28.608969557419268,70.0,15.0,17.146428199482248,3851.6989660129184,2706,4.0,4,6.25,100.0,15,0.11331945295302485,52.77777777777778,76.66666666666667,25.33333333333333,74.6111111111111,31.055555555555554,59.55555555555555,21.722222222222225,36.5,23.217824291038728,17.685515427313344,11.121531211496663,29.256611929200258
345,-2.781759178909022,65.0,32.72222222222222,14.623502435842639,2800.8362921674334,2719,4.0,4,23.52941176470588,100.0,13,0.11219162498374766,43.0,68.63157894736842,34.57894736842105,68.05263157894737,31.94736842105263,63.315789473684205,32.73684210526315,60.10526315789474,18.68146462007784,12.268345772799176,59.96534015329626,79.88213569198986
346,-16.841416587606666,65.0,35.565789473684205,8.565390929754841,5665.302891840263,2732,4.0,4,21.428571428571427,100.0,11,0.1110750218827092,50.0625,72.0,29.25,65.99999999999999,31.1875,72.74999999999999,23.062499999999996,49.1875,38.20399684168828,11.501101382936422,26.79816600799453,19.346711384311604
347,5.416370246903869,15.0,33.390625,11.347692167781537,7040.008447437685,2735,4.0,4,50.0,100.0,1,0.11079761187674808,38.25,55.00000000000001,28.250000000000004,43.25,1.0,1.0,12.0,21.0,14.173816331701042,41.200993328432865,100.0,100.0
348,-20.691367852231302,70.0,19.875,15.382378570978616,5290.240011505375,2749,4.0,4,6.25,100.0,15,0.10969488288938244,35.333333333333336,77.11111111111111,39.166666666666664,63.94444444444445,26.05555555555555,61.33333333333333,23.055555555555557,39.277777777777764,16.752863857462735,29.89782085704584,26.58689021565286,14.065494359653842
349,-16.818946086177863,50.0,30.902777777777768,8.622656603270446,3010.625700669253,2759,4.0,4,21.428571428571427,100.0,11,0.10865745769791803,34.3125,73.25,41.5,66.74999999999999,30.187499999999996,60.9375,44.75,67.0,28.635080292879138,82.43290919752326,39.174141302355565,9.599976903700735
350,-35.76734040719751,85.0,37.68749999999999,8.07604145896419,4713.805478374525,2776,4.0,4,18.75,100.0,13,0.10757602889934215,38.111111111111114,70.44444444444446,25.16666666666667,62.944444444444436,26.666666666666668,53.555555555555564,5.500000000000001,12.277777777777779,28.042562003589836,12.23966017663342,58.80298317694242,37.37263046958319
351,6.680142777712985,25.0,23.86111111111111,12.783740969499831,5008.540152665874,2781,4.0,4,22.22222222222222,100.0,7,0.10687887860301995,42.45454545454545,75.18181818181819,33.81818181818182,71.0,42.0,71.99999999999999,30.272727272727273,62.09090909090907,10.318161197938025,72.81664359848946,100.0,30.501939003006555
352,3.203201197485997,50.0,37.136363636363626,6.1522450943874585,2862.866881359051,2791,4.0,4,54.54545454545454,100.0,5,0.10613315309097805,40.615384615384606,53.0,25.07692307692308,59.30769230769231,27.923076923076916,56.69230769230767,27.230769230769226,54.3076923076923,955.6920560996514,11.010718502802774,23.111911596206482,107.9893216007622
353,4.577325628535516,5.0,30.211538461538463,8.90737677949957,10756.915958692283,2792,4.0,4,100,100,0,0.10602704647117536,31.0,38.0,12.0,21.0,13.0,35.0,1.0,1.0,46.88660700048786,100.0,100.0,100.0
354,5.43216589478748,5.0,14.250000000000002,10.755812382149477,2777.365018002456,2793,4.0,4,100,100,0,0.10592104593146581,43.0,57.99999999999999,12.0,21.0,13.0,35.0,1.0,1.0,9.091544998227619,100.0,100.0,100.0
355,-1.5090140888005488,30.0,17.25,15.594470173750691,2570.3975060023367,2799,4.0,4,50.0,100.0,2,0.10544535340285036,49.66666666666668,67.33333333333333,19.333333333333336,49.666666666666664,18.000000000000004,53.333333333333336,4.0,4.333333333333334,40.716277326767646,12.008585501462221,26.49150100623956,70.13012833194807
356,-21.630307926009763,55.00000000000001,22.750000000000004,17.236286599365116,4210.258588835131,2810,4.0,4,5.88235294117647,100.0,16,0.10444811758781881,58.73684210526315,78.26315789473684,23.421052631578952,68.8421052631579,29.00000000000001,63.631578947368425,22.526315789473685,54.99999999999999,10.785859362592667,169.39242718296802,26.5849977244877,67.84835036298979
357,-6.577085609528805,85.0,33.42105263157895,15.960324090951334,3093.2442721057573,2827,4.0,4,29.411764705882355,100.0,12,0.10340858284524707,43.73684210526315,66.05263157894737,22.15789473684211,43.78947368421053,15.842105263157896,38.15789473684211,13.94736842105263,35.36842105263158,12.171574762118432,20.8914840602494,47.958271296503135,78.80599358742235
358,5.04909187460126,30.0,23.921052631578945,13.787283441324863,6430.0038487379325,2833,4.0,4,66.66666666666666,100.0,2,0.10299567165053818,45.75,60.25,34.125,65.5,27.0,82.0,27.0,82.0,43.05823616402146,19.264996830315795,100.0,100.0
359,14.634311057524286,95.0,33.46875,8.097558229426829,5677.305698001874,2852,4.0,4,47.05882352941176,100.0,9,0.10197059258269163,50.31578947368421,66.57894736842105,24.89473684210527,47.421052631578945,22.736842105263154,38.8421052631579,5.736842105263158,15.578947368421048,15.430908369078105,19.328715158381353,97.78639047412742,81.20267200099893
360,6.686954685738737,15.0,25.92105263157895,17.39066279387528,9317.035108526685,2855,4.0,4,100.0,100,0,0.101715920900285,33.666666666666664,58.333333333333336,28.333333333333332,59.66666666666667,23.0,59.0,1.0,1.0,41.10109699637784,49.16867798601743,100.0,100.0
361,1.4485037313663733,10.0,21.5,13.145980088950257,5424.43597499611,2857,4.0,4,100.0,100,0,0.10156342329316077,33.0,55.00000000000001,35.0,69.0,15.0,48.0,7.000000000000001,18.0,100.0,799.6861110004829,100.0,54.696104500908405
362,0.013258807469388234,5.0,22.499999999999996,11.989131949152505,5108.732916996814,2858,4.0,4,100,100,0,0.10146188526072344,43.0,68.0,12.0,21.0,15.0,48.0,13.0,35.0,337.2760619968176,100.0,100.0,100.0
363,9.596955844084516,10.0,20.75,12.891373084353738,6746.924145001685,2860,4.0,4,100,100,0,0.1012591136323053,48.0,75.0,12.0,21.0,15.0,48.0,13.0,35.0,16.165469503903296,100.0,100.0,100.0
364,11.03775435613372,35.0,22.000000000000004,15.050735931924727,7522.7591625007335,2867,4.0,4,60.0,100.0,2,0.100804357890559,42.28571428571429,60.0,21.285714285714285,47.42857142857142,1.0,1.0,23.57142857142857,72.28571428571429,37.7351905714022,23.712162285145105,100.0,12.049873999785632
365,-11.609174032325441,35.0,22.035714285714285,15.138505833195412,6833.6085178577505,2874,4.0,4,18.75,100.0,13,0.09980108818450838,49.55555555555555,72.77777777777779,29.722222222222218,71.33333333333334,17.333333333333336,53.388888888888886,14.888888888888888,47.27777777777777,16.10640343070762,48.39258571321677,33.74088656731016,36.024474998703226
366,-14.325228738041353,75.0,27.875,14.294814828484878,2413.5272127217227,2889,4.0,4,17.647058823529413,100.0,14,0.09880780366286979,42.47368421052632,72.89473684210526,27.210526315789473,64.26315789473684,27.421052631578945,67.6842105263158,20.52631578947369,49.94736842105264,15.726371667309044,18.597674204502255,46.93842159914008,40.4325042666945
367,13.069483497042457,25.0,29.407894736842106,9.197664430055926,4280.540014735858,2894,4.0,4,33.33333333333333,100.0,8,0.09802029856235646,33.142857142857146,44.214285714285715,27.07142857142858,37.857142857142854,28.571428571428577,57.57142857142856,22.285714285714285,55.92857142857144,28.089327599736862,100.0,100.0,23.01335999800358
368,-31.636104726136892,60.0,27.76785714285714,5.569853124727735,3529.0988430008706,2906,4.0,4,84,100.0,16,0.0970447376026565,59.38888888888888,77.83333333333331,32.944444444444436,63.444444444444436,22.72222222222222,55.88888888888888,24.333333333333336,74.44444444444443,17.479473081766628,11.502730166588057,26.479716911368694,40.333391999593005
369,1.684403502155397,70.0,34.84722222222222,15.09663672862637,2763.7805067772406,2920,4.0,4,37.5,100.0,10,0.0960788860521305,47.444444444444436,66.44444444444446,25.88888888888889,61.55555555555555,23.555555555555557,48.33333333333333,17.11111111111111,51.944444444444436,23.616473212937958,48.09781914705776,62.2485961428278,28.105563993449323
370,10.187881704274925,10.0,28.499999999999996,12.945377050513365,7398.732503164663,2922,4.0,4,100,100,0,0.095934839770207,46.0,61.5,27.0,82.0,25.0,62.0,1.0,1.0,11.171503996592946,100.0,100.0,100.0
371,6.084691205325839,65.0,24.75,16.03530492875127,3663.548032505787,2935,4.0,4,37.5,100.0,10,0.09498003463568333,50.77777777777778,64.55555555555557,24.777777777777775,68.2222222222222,27.777777777777775,64.94444444444443,26.333333333333336,80.1111111111111,25.128697307305767,40.997521309719346,59.532990079382074,13.305208528226313
372,-0.394316652282515,25.0,32.416666666666664,11.203382894490717,3050.4683291122396,2940,4.0,4,50.0,100.0,2,0.09464810274431039,55.166666666666664,75.33333333333333,28.666666666666668,54.99999999999999,14.333333333333334,28.999999999999996,19.000000000000004,59.333333333333336,27.649229394155554,19.09570819407236,48.40430620010011,100.0
373,-25.665027372492297,80.0,29.291666666666664,16.347092608691447,5350.249833497704,2956,4.0,4,23.52941176470588,100.0,13,0.09370610404300793,41.473684210526315,64.52631578947368,21.052631578947366,39.157894736842096,20.31578947368421,57.157894736842096,14.526315789473685,43.84210526315789,44.4265576212274,33.6266590624291,31.630741242224758,23.199949631089112
374,-24.496099382031282,60.0,24.342105263157897,11.028502864338511,5794.194880316162,2968,4.0,4,11.76470588235294,100.0,15,0.09277348071773021,39.36842105263158,65.73684210526316,34.10526315789473,77.42105263157893,23.21052631578947,59.94736842105263,23.63157894736842,57.842105263157904,34.16589849657612,11.410040999180637,17.560311669027822,26.770004241310136
375,-22.90803665253846,75.0,30.078947368421048,7.642893236110332,3587.7253361066228,2983,4.0,4,18.75,100.0,13,0.09185013945871416,41.111111111111114,69.66666666666667,23.444444444444443,38.77777777777778,22.88888888888889,64.77777777777777,18.5,48.50000000000001,15.444617729711657,29.22603693519098,12.108504668382617,57.24951533600688
376,5.5937831650610965,5.0,26.486111111111104,10.988588636826588,4055.845576667505,2984,4.0,4,100,100,0,0.09175831228179032,43.0,57.99999999999999,32.0,59.0,25.0,62.0,15.0,48.0,9.90575501054991,100.0,100.0,100.0
377,7.871329007384214,15.0,28.749999999999996,10.207227831296802,3380.840101992362,2987,4.0,4,50.0,100.0,1,0.09148338120930626,41.0,55.00000000000001,23.0,48.0,20.333333333333332,46.0,15.0,48.0,10.380397667177022,100.0,40.07571666734293,100.0
378,-9.505624821257236,60.0,24.833333333333332,10.129893628638705,5541.69024300063,2999,4.0,4,18.75,100.0,13,0.09057287984909697,55.83333333333332,70.77777777777777,29.777777777777775,67.44444444444446,33.611111111111114,77.94444444444444,13.666666666666668,38.88888888888889,11.002217165999658,17.157683674789343,39.12854450609302,63.30469800038069
379,17.414106247355328,60.0,33.22222222222223,15.440498411441409,3473.88370589033,3011,4.0,4,43.75,100.0,9,0.08967144038314633,51.33333333333333,66.94444444444446,31.833333333333336,66.72222222222223,31.38888888888889,62.55555555555555,20.44444444444445,60.555555555555564,40.34813783485637,11.673966583960768,16.429312170172732,85.76743633360213
380,-23.93639421137816,45.0,33.75,11.942853387638667,3728.0909186115928,3020,4.0,4,6.25,100.0,15,0.08877897262166315,52.33333333333333,70.0,26.333333333333343,65.11111111111111,38.72222222222222,72.88888888888887,27.388888888888886,49.499999999999986,29.26798044581018,90.17795055567856,10.366700777214849,39.55845522480862
381,10.389093699377158,10.0,36.19444444444444,12.226556903608623,2424.8587452239008,3022,4.0,4,100,100,0,0.08860154780049484,37.5,53.0,1.0,1.0,35.0,69.0,35.0,62.0,14.426650508539751,100.0,100.0,100.0
382,7.451935634229426,15.0,27.125,15.181771677047367,5934.87646849826,3025,4.0,4,100.0,100,0,0.08829190715388109,33.0,44.66666666666666,10.333333333333334,32.33333333333333,13.0,34.99999999999999,23.0,42.0,42.791421004221775,10.80033800099045,100.0,100.0
383,-14.835728656621548,75.0,19.833333333333332,9.274676327308205,4052.0161706614695,3040,4.0,4,13.333333333333334,100.0,13,0.08741316939302858,44.76470588235294,70.70588235294117,17.47058823529412,49.470588235294116,24.529411764705884,59.588235294117645,16.705882352941178,37.588235294117645,10.208008473273367,27.70118626630089,17.18736213185669,35.773665001421854
384,-2.8008824691296628,65.0,25.86764705882353,12.119815445327026,3503.384905999958,3053,4.0,4,33.33333333333333,100.0,10,0.08654317739469546,46.294117647058826,66.52941176470588,26.70588235294118,69.29411764705881,34.88235294117648,58.94117647058823,23.235294117647058,49.0,31.338417383421284,59.129963536263226,10.765062002554679,16.83326615557934
385,7.433888353366926,15.0,32.77941176470588,10.63705205987655,6487.68995317497,3056,4.0,4,100.0,100,0,0.08641342752516859,33.666666666666664,56.99999999999999,22.0,34.99999999999999,33.0,72.00000000000001,1.0,1.0,40.29443532926962,100.0,19.698155010701157,100.0
386,-12.906822435755055,55.00000000000001,22.41666666666667,13.53214254022034,7887.307827666518,3067,4.0,4,21.428571428571427,100.0,11,0.08555338559993626,50.375,67.625,25.375000000000004,60.62499999999999,27.687500000000004,69.3125,15.875,48.18749999999999,26.94192427020012,14.184325910967097,50.519498364089735,18.839831184331242
387,10.543492315873838,10.0,29.828125000000007,13.67282226178405,4311.383871752696,3069,4.0,4,100.0,100,0,0.08525439753150194,46.0,61.5,35.0,79.0,19.0,44.99999999999999,27.0,82.0,24.46452099684393,100.0,100.0,100.0
388,4.702337911587257,20.0,31.75,10.108461402102712,12435.85957299365,3073,4.0,4,33.33333333333333,100.0,2,0.08499895382984213,47.599999999999994,57.99999999999999,27.399999999999995,61.4,25.0,55.00000000000001,27.0,82.0,34.54966874996899,56.320582004264,264.427103989874,100.0
389,6.277892523447552,15.0,31.75,9.540285923598665,4493.712365202373,3076,4.0,4,33.33333333333333,100.0,2,0.08470190336426077,43.800000000000004,52.800000000000004,23.000000000000004,59.0,20.200000000000003,47.0,24.2,72.59999999999998,11.530693004412266,100.0,100.0,40.079774672631174
390,8.553787629393849,10.0,27.799999999999997,10.010042949605195,4226.10666519904,3078,4.0,4,100,100,0,0.08457491402505417,63.5,77.0,23.0,59.0,13.0,35.0,27.0,82.0,10.44919500418473,100.0,100.0,100.0
391,-8.726801952022992,75.0,31.625000000000004,19.103539510102497,2548.4849525091704,3093,4.0,4,35.294117647058826,100.0,11,0.08373317016686409,51.31578947368421,72.73684210526315,33.21052631578947,73.73684210526315,26.78947368421053,65.8421052631579,23.736842105263158,72.36842105263158,28.83216619937836,11.822044862007411,17.490513000520878,40.34986120338241
392,5.129298922954267,5.0,33.76315789473684,11.341110683566232,4352.301580474504,3094,4.0,4,100.0,100,0,0.08344054330427397,28.500000000000004,50.0,25.0,62.0,22.0,35.0,27.0,82.0,47.54261999914888,100.0,100.0,100.0
393,-23.344242925702183,75.0,25.624999999999996,2.913072436294883,5572.869462506787,3109,4.0,4,17.647058823529413,100.0,14,0.08261008943198732,43.578947368421055,72.47368421052632,28.736842105263154,61.68421052631577,29.263157894736853,61.421052631578945,22.36842105263158,68.10526315789474,13.444258262946581,17.596068995383877,30.023175532114692,42.31854172733923
394,5.2896273974852965,30.0,30.98684210526316,9.135221768083317,4583.316235684355,3115,4.0,4,33.33333333333333,100.0,4,0.0822390866535926,38.0,62.875,31.25,58.74999999999999,20.999999999999996,41.625,14.75,46.375,44.65198883359941,27.17286932844824,61.17970450286521,100.0
395,-29.03222551734722,70.0,26.25,9.947043948255677,8000.689689622959,3129,4.0,4,5.88235294117647,100.0,16,0.08142059044946617,42.315789473684205,78.42105263157895,37.05263157894736,69.26315789473684,23.36842105263158,56.52631578947368,15.526315789473689,46.78947368421053,18.652025937210833,13.15099786110555,31.96444150131096,38.6930025710691
396,12.91542352928996,45.0,29.565789473684205,11.27491303293052,4013.733705419183,3138,4.0,4,57.14285714285714,100.0,3,0.08093340810996254,38.333333333333336,62.33333333333334,25.777777777777782,42.33333333333334,22.55555555555556,51.44444444444445,16.666666666666664,48.22222222222222,37.03044911316182,34.439095672051835,11.25525288160942,82.06462633453258
397,-8.582249726525987,65.0,25.833333333333336,9.176127616019174,11560.545353330477,3151,4.0,4,21.428571428571427,100.0,11,0.08020809490008239,47.0,68.5625,24.375000000000004,71.4375,24.3125,62.24999999999999,17.1875,38.125,17.336213310437206,15.495500615753162,24.89229276924072,59.49600207476089
398,9.850654817505792,10.0,28.218750000000004,12.024620244085165,3675.949536751432,3153,4.0,4,100,100,0,0.08004779898232556,45.49999999999999,56.49999999999999,15.0,48.0,25.0,44.99999999999999,12.0,21.0,10.892995494941715,100.0,100.0,100.0
399,-21.305929213997814,85.0,24.374999999999996,13.322419708236815,5127.669298999535,3170,4.0,4,18.75,100.0,13,0.07925111188034344,41.22222222222222,70.5,29.000000000000004,67.33333333333333,25.88888888888889,43.722222222222214,9.88888888888889,29.444444444444446,18.998877062318464,21.507255882127485,19.816572293947342,64.37909388264148
400,-10.558151509566624,50.0,26.499999999999996,12.213680559183777,5925.722575721415,3180,4.0,4,13.333333333333334,100.0,13,0.078540875159972,47.647058823529406,68.11764705882352,28.058823529411764,71.88235294117648,34.0,58.647058823529406,23.94117647058824,72.47058823529412,13.798420906823594,46.77927540091332,21.233005006215535,74.06789229891729
401,4.986751068378236,5.0,33.411764705882355,10.247769347683644,4558.250585236237,3181,4.0,4,100,100,0,0.07842312274307081,33.0,45.0,35.0,76.0,23.0,48.0,13.0,35.0,10.632744000758976,100.0,100.0,100.0
402,-31.468658572108588,60.0,26.0,8.77496438739212,3159.7789259976707,3193,4.0,4,84,100.0,16,0.077642605462385,44.99999999999999,78.99999999999999,41.94444444444444,69.72222222222223,24.777777777777775,74.88888888888889,25.77777777777778,58.33333333333333,9.070143001736142,32.47296032811088,16.487370325921802,26.56171034104773
403,7.7233331479055165,25.0,34.37499999999999,10.486714246389978,2632.826203109289,3198,4.0,4,28.57142857142857,100.0,5,0.07725526475076394,35.77777777777777,66.44444444444444,43.55555555555556,69.88888888888889,24.777777777777775,67.77777777777777,33.0,62.0,31.07789780071471,11.458671392756514,46.35047979594674,100.0
404,5.205577779047765,5.0,34.27777777777778,7.617946804738971,3390.322771445628,3199,4.0,4,100,100,0,0.07717802879982938,43.0,68.0,31.0,55.00000000000001,25.0,55.00000000000001,33.0,62.0,8.684252999955788,100.0,100.0,100.0
405,-6.280839217256735,70.0,33.0,6.4807406984078595,2462.208181997994,3213,4.0,4,31.25,100.0,11,0.07640990349366317,47.55555555555556,73.33333333333333,24.555555555555557,62.33333333333333,19.944444444444446,42.44444444444444,16.555555555555554,45.44444444444446,31.678677142813935,15.121948135077089,54.81683178389046,15.624558000750508
406,-20.412855808575856,80.0,27.152777777777775,12.78316886241041,4546.330116166145,3229,4.0,4,23.52941176470588,100.0,13,0.07564942306383222,37.315789473684205,64.05263157894737,34.42105263157894,65.89473684210526,27.052631578947366,64.52631578947367,14.105263157894735,31.842105263157887,39.396731627493864,33.9597712531031,11.107461627034354,21.366944692272227
407,-11.377210777403516,80.0,28.22368421052632,10.109413688044505,5014.053820053385,3245,4.0,4,26.666666666666668,100.0,11,0.07489651142361771,37.94117647058823,61.11764705882353,34.647058823529406,67.70588235294117,41.529411764705884,71.82352941176471,5.529411764705882,14.470588235294118,23.879723629033833,40.21394118444732,11.566889876121422,29.654338499130972
408,2.354335027338572,20.0,29.91176470588236,15.159837393891998,5498.7036467047055,3249,4.0,4,50.0,100.0,2,0.07463476651281159,41.5,65.5,22.166666666666668,35.99999999999999,27.500000000000004,47.666666666666664,15.0,48.0,35.04815574924578,57.526475499616936,100.0,18.79171399923507
409,3.39394821332089,20.0,26.541666666666664,10.448842471154226,5234.119231999405,3253,4.0,4,50.0,100.0,1,0.07444836609017572,42.5,67.5,19.0,44.99999999999999,6.5,10.999999999999998,15.0,48.0,39.62149475264596,21.61957298812922,56.051659998774994,100.0
410,0.7914289375070069,60.0,20.75,14.251795882336832,4812.421258498944,3265,4.0,4,33.33333333333333,100.0,10,0.07370740814027904,50.294117647058826,68.88235294117648,29.35294117647058,63.70588235294117,30.058823529411764,64.11764705882354,15.941176470588236,48.94117647058824,41.71350941323908,14.370117836127369,21.907730915215023,25.10462925201864
411,6.475805863225902,25.0,31.41176470588235,12.977864383381487,4097.502792468089,3270,4.0,4,28.57142857142857,100.0,5,0.073229744650077,51.888888888888886,64.0,26.222222222222225,66.22222222222221,21.666666666666668,44.55555555555556,27.0,82.0,14.257169398479164,35.060912404442206,100.0,100.0
412,-15.64581369501086,60.0,31.694444444444446,12.588155598239567,5263.863672109437,3282,4.0,4,14.285714285714285,100.0,12,0.07250091520334803,61.3125,76.625,28.562499999999996,69.12499999999999,22.4375,48.75000000000001,17.375,52.43749999999999,11.577985162148252,57.16844583124233,18.504708163285006,108.62671374876906
413,2.064623749022271,30.0,32.421875,17.937701134634892,4518.083278372615,3288,4.0,4,20.0,100.0,8,0.07195905737103599,40.33333333333333,57.250000000000014,25.333333333333336,66.75,30.166666666666668,63.33333333333333,25.833333333333336,78.08333333333333,12.485357498614272,70.93351666893189,34.67623916512821,100.0
414,10.312236853959444,10.0,30.41666666666667,7.689535163380551,7333.817731747938,3290,4.0,4,100,100,0,0.07185117274527758,28.500000000000004,50.0,15.0,48.0,1.0,1.0,1.0,1.0,10.145322492462583,100.0,100.0,100.0
415,-21.06674368069726,70.0,11.375,11.46271910067592,3844.5358680037316,3304,4.0,4,12.5,100.0,14,0.07113606373146084,49.0,73.88888888888889,24.11111111111111,55.388888888888886,23.333333333333332,44.888888888888886,15.555555555555555,49.166666666666664,38.702583281389835,29.984857853560243,35.93462678732716,18.647989357538922
416,-3.86637679499753,60.0,28.000000000000004,14.139707813228123,3167.739033942376,3316,4.0,4,31.25,100.0,11,0.07046330359358775,42.38888888888889,65.72222222222223,33.166666666666664,62.44444444444445,34.55555555555555,64.55555555555557,21.166666666666668,63.05555555555554,43.06039391861608,28.32127416719838,62.58381941879634,21.57921400430496
417,8.89067332602634,10.0,32.81944444444444,8.704647335216428,8235.40302766681,3318,4.0,4,100.0,100,0,0.07032248264612874,36.0,48.0,1.0,1.0,1.0,1.0,1.0,1.0,31.43945900228573,100.0,100.0,100.0
418,2.025188953227407,70.0,9.75,15.155444566227677,4501.766695495462,3332,4.0,4,50.0,100.0,6,0.06972712654108254,44.35714285714285,62.42857142857143,5.642857142857143,15.071428571428575,13.07142857142857,27.42857142857143,1.6428571428571435,2.928571428571429,100.70051350131897,38.42419835585003,86.70637749996136,100.0
419,1.219735298886441,15.0,16.178571428571427,17.664800791574585,10150.708388214947,3335,4.0,4,100.0,100,0,0.069587776843831,30.66666666666667,50.33333333333333,11.666666666666666,36.33333333333333,15.333333333333336,36.33333333333333,2.0,4.0,120.69567967167434,100.0,219.5961099913499,100.0
420,6.031560158224439,15.0,14.916666666666668,11.10003707264329,14615.894571999283,3338,4.0,4,99,100.0,1,0.06941398128420057,36.66666666666667,43.333333333333336,15.0,48.0,15.0,25.333333333333336,10.333333333333334,32.33333333333333,57.96278933121357,100.0,100.0,87.77563933399506
421,5.535131616559433,15.0,19.25,10.957758987665905,8249.299766001059,3341,4.0,4,100.0,100,0,0.06927525740790147,40.0,48.0,1.0,1.0,15.0,48.0,15.0,48.0,63.785439670512766,100.0,184.47748699691147,100.0
422,-2.75448899699012,85.0,17.75,14.139458398800642,14501.88166933367,3358,4.0,4,33.33333333333333,100.0,12,0.06858578555776909,43.3,69.35,21.25,64.1,23.899999999999995,72.85000000000001,11.950000000000001,28.65,31.374940469772007,37.8393561765894,32.74183611758738,37.67855676842908
423,2.4756470304847173,55.00000000000001,25.1,12.30990502962974,5653.97894255002,3369,4.0,4,31.25,100.0,11,0.06793714434643967,46.27777777777778,66.77777777777779,35.27777777777778,80.1111111111111,25.0,71.88888888888889,31.555555555555554,67.16666666666667,31.645809999000367,19.883766815341502,61.607737363506615,20.43131453630684
424,-17.294973802305677,90.0,34.52777777777778,8.48877081549866,4168.686325555124,3387,4.0,4,22.22222222222222,100.0,14,0.06726099025682804,38.2,65.8,26.5,55.400000000000006,28.999999999999993,58.85,15.300000000000002,41.8,43.573042223094184,37.03878377903796,29.087206613783362,55.7734254964291
425,5.813346701945562,15.0,27.249999999999996,9.064131612554993,7363.560862599843,3390,4.0,4,66.66666666666666,100.0,1,0.06705945934668162,41.99999999999999,53.0,30.0,74.2,12.2,38.6,26.0,69.0,39.51280666224193,100.0,17.756583998561837,100.0
426,-11.861721871133197,70.0,27.55,11.14748798541572,4783.840135199716,3404,4.0,4,29.411764705882355,100.0,12,0.06639204054183488,46.26315789473684,69.15789473684211,28.89473684210526,68.36842105263159,26.999999999999996,82.0,24.47368421052632,58.94736842105262,158.02758485536157,58.831605290885946,10.025581999798305,37.50158293135298
427,-15.883156014389677,75.0,31.657894736842103,9.13006170893608,4258.207558949883,3419,4.0,4,29.411764705882355,100.0,12,0.06573126431754878,54.05263157894736,72.63157894736841,33.47368421052631,65.26315789473684,32.00000000000001,71.0,27.578947368421048,58.842105263157904,23.862730999050353,35.589123669002824,10.45978166318188,64.71572926811253
428,-26.707042342356882,50.0,36.776315789473685,11.829412732100474,5056.2433398950625,3429,4.0,4,5.88235294117647,100.0,16,0.0650770645625957,52.63157894736841,82.6842105263158,41.31578947368421,74.57894736842104,31.263157894736835,67.6842105263158,27.105263157894726,57.94736842105262,45.92663260467816,55.83417399902828,11.69001230300637,64.79988089791732
429,1.7771232600924813,25.0,38.078947368421055,10.978374951087677,2637.7182973718795,3434,4.0,4,66.66666666666666,100.0,1,0.06481721138854242,38.4,58.60000000000001,26.6,60.60000000000001,33.0,72.0,18.2,34.4,64.61163020227104,9.47707180166617,100.0,47.9459901957307
430,-6.850317620113948,60.0,29.050000000000004,8.064433086114263,6037.695880202227,3446,4.0,4,18.75,100.0,13,0.06417210887534146,47.16666666666667,69.33333333333334,30.388888888888882,66.72222222222221,24.83333333333334,56.44444444444443,34.888888888888886,80.55555555555554,18.718385753163602,32.67759533482604,47.94165824932861,12.81258900417015
431,-5.821043225174452,60.0,34.31944444444445,9.289554238682916,3095.7643173888855,3458,4.0,4,21.428571428571427,100.0,11,0.06362882235650683,47.18750000000001,69.875,41.0,76.5,40.625,64.25,22.875,62.125,17.850542005180614,25.90398916217964,40.38960466568824,11.760563001492605
432,9.843486800903612,10.0,37.921875,10.342422049734393,3143.2166988752215,3460,4.0,4,100.0,100,0,0.06350166012321694,53.49999999999999,65.0,43.0,79.0,51.0,76.0,26.0,69.0,10.073999997985084,100.0,100.0,100.0
433,-16.345629538611636,75.0,43.375,10.941886651606483,3122.0710549969226,3475,4.0,4,25.0,100.0,12,0.06286965082105252,56.72222222222222,74.16666666666667,26.38888888888889,53.055555555555564,35.05555555555556,58.777777777777786,14.72222222222222,37.61111111111111,34.777972065688424,26.622017602591466,30.48392059262066,15.013543001259677
434,-0.5706246823056995,60.0,33.22222222222222,16.137717197433506,6774.8370619414745,3487,4.0,4,33.33333333333333,100.0,10,0.06224393168133811,53.941176470588225,71.58823529411765,29.64705882352941,63.64705882352941,28.058823529411768,56.58823529411765,23.176470588235297,69.4705882352941,19.513160000739543,56.249611498788,26.55516525337589,9.695845252281288
435,-7.982280101878324,30.0,33.70588235294118,12.535792459644268,2953.5231351191587,3493,4.0,4,14.285714285714285,100.0,12,0.0616244401003375,58.6875,78.8125,31.5625,69.25000000000001,33.5,78.74999999999999,23.875,72.6875,11.357671003982736,24.883504335108835,100.0,85.21109016631574
436,3.2276587635463256,55.00000000000001,36.90625,13.672911069145538,2461.360115125899,3504,4.0,4,54.54545454545454,100.0,5,0.06119446817558698,44.99999999999999,59.769230769230774,29.69230769230769,68.15384615384616,20.0,40.0,25.0,54.99999999999999,43.46829509277913,76.0219329965449,19.961815451229498,10.318985994672403
437,6.431554808255606,15.0,29.923076923076923,10.414966089840552,7673.566590462892,3507,4.0,4,99,100.0,1,0.06107217100034467,45.66666666666667,71.66666666666669,20.333333333333332,46.0,25.0,62.0,4.666666666666667,7.666666666666668,13.653783006399559,40.68751999681505,100.0,100.0
438,-3.5555545749248108,65.0,23.916666666666668,15.179883760470814,5432.643370664057,3520,4.0,4,31.25,100.0,11,0.060464341534143304,50.27777777777778,74.16666666666667,24.66666666666667,54.833333333333336,25.83333333333333,57.27777777777777,22.333333333333336,66.33333333333333,21.319641308106767,31.306272002313143,37.81942369577546,15.575212774610218
439,4.196274162207713,20.0,30.777777777777782,12.633600542211163,4657.412717722764,3524,4.0,4,50.0,100.0,1,0.06028317509971747,42.5,61.5,26.749999999999996,53.49999999999999,35.0,79.0,27.0,82.0,10.748170243459754,32.59952250155038,100.0,100.0
440,6.022622149641609,15.0,32.8125,7.7341628896785215,3186.298529501073,3527,4.0,4,99,100.0,1,0.06016269914414288,49.0,66.0,29.33333333333334,48.33333333333334,30.666666666666664,67.66666666666667,10.333333333333334,32.33333333333333,11.520950002401756,41.411886659140386,100.0,100.0
441,-12.499207135789078,80.0,29.833333333333336,14.271335474614135,8240.286333336067,3543,4.0,4,35.294117647058826,100.0,11,0.059563921325915134,56.84210526315789,73.21052631578948,37.473684210526315,65.73684210526316,27.15789473684211,56.52631578947368,15.94736842105263,49.526315789473685,21.976310127865872,40.739296186984575,36.92133362437744,28.778622062236536
442,-16.53595781970103,45.0,34.35526315789474,15.85760472940501,3929.1319751585097,3552,4.0,4,12.5,100.0,14,0.058971102929068125,47.333333333333336,63.111111111111114,25.111111111111107,63.61111111111112,28.22222222222222,62.277777777777786,15.555555555555555,49.166666666666664,31.40272233447629,22.22943322073358,44.36685589187417,34.209423667764185
443,-17.962661703181368,35.0,29.05555555555555,12.181313103861712,4183.877056167856,3559,4.0,4,7.142857142857142,100.0,13,0.05838418464161312,43.3125,73.75,25.375000000000004,65.625,35.25,80.8125,25.1875,75.3125,15.622241990058683,23.678505141703813,75.44938200070257,87.4013505705599
444,6.910503675233876,15.0,32.28124999999999,8.087616536270373,2894.706323936589,3562,4.0,4,100.0,100,0,0.05823837006750872,34.0,44.33333333333333,21.0,31.0,10.000000000000002,11.0,9.000000000000002,23.666666666666668,45.32374166398464,10.238298011245206,100.0,100.0
445,-31.120957035833257,75.0,18.499999999999996,10.372926957724644,6750.939407002686,3577,4.0,4,6.25,100.0,15,0.057658744408051306,34.611111111111114,74.44444444444443,28.72222222222222,50.27777777777778,23.22222222222222,43.22222222222222,8.777777777777777,27.111111111111114,13.610870664706454,133.7284743966302,31.113916466517065,59.71914633390649
446,-39.368585590660864,90.0,23.83333333333333,10.79617272599917,5080.120353225438,3595,4.0,4,11.11111111111111,100.0,16,0.05708488755539104,36.2,67.65,25.400000000000006,70.24999999999999,26.75,54.6,11.7,28.650000000000002,25.19585660710517,54.98490261622161,33.26222382860983,53.125103779247084
447,10.43893056279078,10.0,25.012500000000003,10.22073169143495,7621.578802099975,3597,4.0,4,100,100,0,0.05697080337907273,37.0,48.0,26.0,69.0,29.5,59.0,26.0,69.0,26.729228506155778,100.0,100.0,100.0
448,-26.079730904014326,65.0,29.625,6.017823953486999,3979.9239825006225,3610,4.0,4,12.5,100.0,14,0.05640379335732699,41.77777777777778,71.0,28.888888888888896,75.33333333333333,28.72222222222222,65.55555555555556,23.61111111111111,53.55555555555556,33.64108869259675,10.369220541458791,18.809290771381573,31.115778688063774
449,2.964699244727468,20.0,30.750000000000004,7.7939019317073575,3930.1339945555405,3614,4.0,4,20.0,100.0,4,0.05617857261587133,39.28571428571429,63.28571428571429,35.99999999999999,82.0,30.71428571428571,59.71428571428571,35.0,79.0,12.413068248861236,100.0,37.95907825260656,100.0
450,-2.7659572852031102,80.0,35.25,4.743791749585317,3461.534773425748,3630,4.0,4,29.411764705882355,100.0,12,0.055619447383449726,45.47368421052631,63.526315789473685,31.894736842105264,65.78947368421052,25.57894736842105,70.52631578947368,19.736842105263158,48.368421052631575,20.267332181538222,14.70302225152409,37.67295718607784,55.7935174972954
451,-19.5,20.0,30.671052631578956,11.2163233851364,6055.116849791375,3634,4.0,4,83,100.0,17,0.0550658869244101,52.99999999999999,75.0,36.00000000000001,76.0,23.36842105263158,69.57894736842105,34.99999999999999,78.99999999999999,100.0,100.0,35.70360274752602,11.367806000635028
452,7.038604823556257,15.0,36.8421052631579,10.732046415644037,1134.7717827378992,3637,4.0,4,100.0,100,0,0.054955837721862175,45.33333333333333,62.66666666666668,1.0,1.0,21.0,31.0,4.0,4.333333333333334,40.12530833327522,100.0,14.681455999379978,100.0
453,4.015865726564038,45.0,17.833333333333332,17.708147024090547,8005.121630330298,3646,4.0,4,42.857142857142854,100.0,4,0.054654335124829166,38.666666666666664,68.33333333333333,21.777777777777775,34.11111111111111,22.22222222222222,33.44444444444445,1.0,1.0,20.174194999789407,10.018198223810437,51.46068210791176,100.0
454,-28.0,40.0,20.916666666666668,14.263757739167021,3351.5896657789,3654,4.0,4,86,100.0,14,0.054110380082780164,43.43749999999999,81.375,33.75,71.875,35.375,65.875,17.5,46.4375,100.0,11.3401429989608,279.68117625205196,106.88291737278632
455,-14.45350598169843,65.0,32.515625,10.06902147784896,2358.565171061855,3667,4.0,4,20.0,100.0,12,0.05357183883063631,44.41176470588235,72.0,30.764705882352946,70.23529411764704,33.11764705882353,63.176470588235304,22.411764705882355,51.52941176470588,49.361091150785796,16.775880158484842,51.52766930808026,37.630759918829426
456,9.949299364516559,10.0,32.67647058823529,9.347494494111956,6436.299273766482,3669,4.0,4,100.0,100,0,0.053411324074660656,35.0,44.66666666666666,23.0,59.0,23.0,48.0,25.0,62.0,9.580060999724083,100.0,100.0,100.0
457,5.589677587016342,5.0,26.5,4.989580148310787,1715.9899483279635,3670,4.0,4,100,100,0,0.053331247140365315,43.0,57.99999999999999,23.0,59.0,23.0,48.0,15.0,48.0,20.11483200476505,100.0,100.0,100.0
458,9.47951234012936,10.0,26.0,10.344080432788601,2561.330071010161,3672,4.0,4,100.0,100,0,0.05317145325784289,47.666666666666664,63.66666666666667,23.0,59.0,23.0,48.0,15.0,48.0,10.944477005978115,100.0,100.0,100.0
459,5.464211616751135,5.0,27.166666666666668,12.29195603466117,1640.4239349940326,3673,4.0,4,100,100,0,0.05311829509744837,41.0,55.00000000000001,23.0,59.0,23.0,48.0,15.0,48.0,10.798589006299153,100.0,100.0,100.0
460,5.404348441345912,5.0,25.5,9.526279441628823,2606.310747010866,3674,4.0,4,100,100,0,0.053012138158140314,41.0,55.00000000000001,23.0,59.0,11.0,14.000000000000002,15.0,48.0,9.85414200113155,100.0,100.0,100.0
461,5.949822520241445,15.0,22.5,11.521718621802911,2501.9277629908174,3677,4.0,4,100.0,100,0,0.05285330040670335,42.25,60.0,23.0,59.0,25.0,62.0,15.0,48.0,40.18230867028857,100.0,11.293891002424061,100.0
462,-19.053728913303804,50.0,26.3125,10.040664673784553,1965.7285084977048,3687,4.0,4,11.76470588235294,100.0,15,0.05232727041878946,49.47368421052632,76.89473684210526,29.10526315789474,69.21052631578948,24.36842105263157,68.94736842105263,22.47368421052631,68.78947368421052,73.61272449954413,11.503124205046333,56.15047180035617,28.085743999981787
463,-8.633619161244301,45.0,31.355263157894736,11.69325485773367,2906.008604789876,3696,4.0,4,25.0,100.0,12,0.0518064758191305,49.944444444444436,70.55555555555557,31.277777777777775,69.66666666666667,35.11111111111111,74.38888888888887,24.22222222222223,73.72222222222223,10.969837222041356,79.9402581100973,21.343471779255196,52.08489054898059
464,4.222715359323648,65.0,35.13888888888889,11.420880912331304,2350.1211373893766,3709,4.0,4,29.411764705882355,100.0,12,0.051290864501780435,50.8421052631579,64.63157894736842,31.947368421052637,74.1578947368421,42.368421052631575,66.57894736842105,18.36842105263158,55.99999999999999,17.678168691390265,10.825133009348065,41.42609838544069,24.713000540326064
465,12.017678953155674,65.0,35.88157894736842,13.020339433014511,4235.781685421611,3722,4.0,4,41.17647058823529,100.0,10,0.05078038487938502,45.84210526315789,63.15789473684209,31.368421052631586,61.94736842105264,25.526315789473692,62.68421052631579,25.736842105263165,78.42105263157893,23.849406617899568,18.18154715158296,72.13420338319757,10.8931458481283
466,2.435003761180507,80.0,32.11842105263158,9.541250945339504,3296.6832605774184,3738,4.0,4,38.88888888888889,100.0,11,0.05027498587802051,37.45,55.39999999999999,20.849999999999998,54.25,19.400000000000002,53.89999999999999,16.299999999999997,45.35,111.37957287228346,43.30704580752354,24.41081749930163,18.7283629362355
467,-12.130800238301436,20.0,23.500000000000004,10.229852444995931,7927.579507049813,3742,4.0,4,83,100.0,17,0.049774616932083626,37.21052631578948,62.84210526315791,25.578947368421055,77.0,26.26315789473684,79.52631578947368,24.210526315789473,60.68421052631579,41.07198249985231,77.66035525055486,100.0,50.30548250215361
468,4.388953379700085,5.0,28.315789473684216,5.3551974077675055,2170.100082421222,3743,4.0,4,100,100,0,0.04969999233142638,30.0,34.0,12.0,21.0,13.0,35.0,1.0,1.0,15.982656012056395,100.0,100.0,100.0
469,10.051290700716557,10.0,14.000000000000002,10.36822067666386,2510.801584998262,3745,4.0,4,100,100,0,0.049625479611710994,43.5,50.0,12.0,21.0,13.0,35.0,1.0,1.0,9.774514997843653,100.0,100.0,100.0
470,-16.43790565871908,45.0,17.375,15.81182165472406,3248.7803635012824,3754,4.0,4,6.25,100.0,15,0.04913157496924785,62.44444444444445,74.1111111111111,28.27777777777778,56.666666666666664,29.944444444444446,61.944444444444436,17.222222222222225,52.666666666666664,11.053005330419788,31.05611688839013,21.96708800426374,50.795006999720094
471,-3.177990150432083,20.0,34.472222222222214,17.129217672757086,1492.101712499991,3758,4.0,4,12.5,100.0,14,0.048642585982970915,49.5,66.16666666666666,29.166666666666668,63.27777777777778,30.72222222222223,69.3888888888889,25.555555555555554,77.49999999999999,15.747928999189753,77.4182227498386,32.69336575467605,100.0
472,-31.325998773916236,75.0,33.736111111111114,10.246633998151989,3031.156288833396,3773,4.0,4,12.5,100.0,14,0.04815846372911297,41.27777777777777,76.16666666666666,34.555555555555564,65.88888888888889,26.333333333333336,80.1111111111111,16.22222222222222,33.44444444444444,59.30006333588002,11.992560797564996,16.006031191597383,34.552156000087656
473,10.400875959130499,10.0,29.597222222222225,11.018727844253602,2823.838055221131,3775,4.0,4,100,100,0,0.04806221901527413,37.0,48.0,42.0,76.0,27.0,82.0,42.0,72.0,9.256874996935949,100.0,100.0,100.0
474,-19.57353369238984,50.0,37.0,6.652067347825033,2353.5584225028288,3785,4.0,4,5.88235294117647,100.0,16,0.047583872946189036,53.31578947368422,72.05263157894737,39.42105263157895,64.8421052631579,22.47368421052631,68.78947368421052,33.421052631578945,58.210526315789465,9.983060100057628,28.842268997977953,23.768452608201187,64.18801119958516
475,8.853595949546008,10.0,37.1578947368421,12.566709262513806,3772.3224374219026,3787,4.0,4,100,100,0,0.04753630096921109,54.49999999999999,70.0,33.0,55.00000000000001,27.0,82.0,1.0,1.0,9.927524501108564,100.0,100.0,100.0
476,-31.924865014495573,75.0,28.875,19.106734174233182,2565.731119000702,3802,4.0,4,12.5,100.0,14,0.047063189174263775,48.33333333333333,72.00000000000001,42.22222222222223,62.55555555555555,22.444444444444443,66.33333333333333,18.555555555555557,35.55555555555556,16.736432603987243,22.005990926797192,122.99319986700236,12.339010601863265
477,5.157906046160584,45.0,32.88888888888889,13.883167338317945,4352.317998666776,3811,4.0,4,50.0,100.0,4,0.04680498778294822,41.1,59.099999999999994,20.400000000000002,45.599999999999994,24.8,50.2,11.600000000000001,23.0,53.297174331964925,33.48475644403758,11.076710325950343,39.43927533497723
478,-22.157262204165654,70.0,24.475,12.125854649201825,7102.463183400687,3825,4.0,4,11.76470588235294,100.0,15,0.04633915448647822,58.578947368421055,78.73684210526316,26.78947368421053,74.89473684210527,40.78947368421053,65.63157894736841,22.526315789473685,47.21052631578947,10.128374149124804,18.9341722212183,22.416091927568363,48.7730345678366
479,1.5483744415098117,15.0,37.17105263157894,15.238950305342472,2649.3024882082336,3828,4.0,4,27.27272727272727,100.0,8,0.04599282459904448,47.69230769230769,68.0,34.46153846153846,74.23076923076923,44.692307692307686,61.38461538461537,33.3076923076923,70.23076923076921,47.09722432501925,40.90684067147473,100.0,100.0
480,-5.927783315500068,60.0,40.03846153846154,9.375874490833164,6547.364006612602,3840,4.0,4,36.36363636363637,100.0,7,0.04562625857271783,28.692307692307693,60.30769230769231,25.07692307692308,52.92307692307693,22.999999999999996,61.15384615384614,13.384615384615383,35.0,44.353268166742055,18.015980409594096,10.626032587121395,49.709739830480736
481,-26.186110606138254,65.0,22.53846153846154,6.945464035156966,5017.597613540532,3853,4.0,4,5.88235294117647,100.0,16,0.04517215674632518,38.368421052631575,63.000000000000014,20.42105263157895,38.15789473684211,26.315789473684216,48.789473684210535,12.84210526315789,33.89473684210526,17.421620071399957,45.120225073053284,31.749322155239778,69.4980100007692
482,2.255073574202892,20.0,24.486842105263158,11.200340014543652,4492.562354948237,3857,4.0,4,20.0,100.0,4,0.04496928811642536,37.57142857142858,62.57142857142857,35.0,69.0,40.0,54.99999999999999,24.142857142857142,64.14285714285714,57.61029449859052,100.0,100.0,11.888630742760142
483,6.814849413539068,15.0,34.17857142857143,6.46309072175267,2841.3722632831195,3860,4.0,4,100.0,100,0,0.04485697726315704,44.25,63.0,35.0,69.0,32.5,52.5,26.0,69.0,42.62392332796784,100.0,112.351898002089,100.0
484,7.369642756084025,15.0,34.4375,7.25736054738125,5434.358458249335,3863,4.0,4,100.0,100,0,0.04474494690638511,46.333333333333336,56.00000000000001,28.333333333333332,59.66666666666667,27.333333333333332,53.0,26.0,69.0,17.964525327746134,100.0,41.6341406700667,100.0
485,5.357350251082709,5.0,32.0,9.092296724534439,7066.090195992729,3864,4.0,4,100,100,0,0.0446778630391426,49.0,57.99999999999999,1.0,1.0,12.0,21.0,13.0,35.0,31.202922997181304,100.0,100.0,100.0
486,0.4010842806481696,25.0,18.75,18.088324963909734,10062.629980006022,3869,4.0,4,66.66666666666666,100.0,1,0.04449946401947767,51.0,60.8,18.2,48.599999999999994,17.599999999999998,40.2,10.600000000000001,28.199999999999996,46.22608960256912,174.4070378044853,87.39419359946623,100.0
487,9.862911483846549,10.0,24.349999999999998,16.35377382463264,6957.623662002152,3871,4.0,4,100.0,100,0,0.044410531818387805,52.0,60.00000000000001,26.0,69.0,13.0,35.0,1.0,1.0,11.489752498164307,100.0,100.0,100.0
488,-18.135068125291312,65.0,23.0,18.951475269224197,3268.770605987811,3884,4.0,4,13.333333333333334,100.0,13,0.043968529685391125,41.76470588235294,65.70588235294117,26.588235294117652,66.70588235294117,28.52941176470588,60.11764705882353,21.94117647058824,67.23529411764706,25.405646614336337,58.78531007687203,13.412258471362293,18.055896999654717
489,-1.7680173342027823,25.0,29.705882352941178,8.338057636078771,4005.192068470505,3889,4.0,4,25.0,100.0,6,0.04370544278024324,39.300000000000004,68.0,23.800000000000004,62.19999999999999,32.7,69.69999999999999,24.6,75.2,64.35133799619507,11.292357198544778,100.0,100.0
490,-22.730367316264783,75.0,30.100000000000005,7.365256570727024,3940.4205581973656,3904,4.0,4,13.333333333333334,100.0,13,0.04327045814616073,43.588235294117645,69.94117647058825,29.470588235294116,69.94117647058823,20.352941176470587,44.11764705882353,13.705882352941176,32.05882352941176,17.908613266966615,33.47073372841502,12.72611073606337,41.124958133635424
491,-2.1931123999168243,80.0,26.77941176470588,12.114044403234042,4258.0210023537375,3920,4.0,4,29.411764705882355,100.0,12,0.04283980275850272,53.94736842105262,71.94736842105264,29.894736842105264,69.78947368421053,29.526315789473685,50.36842105263158,20.473684210526315,53.1578947368421,22.710313679090177,13.0844204359164,43.57493649749813,88.84154437455436
492,0.3678472347359891,75.0,33.46052631578947,13.67739451526726,4384.32104068986,3935,4.0,4,41.17647058823529,100.0,10,0.04241343352982857,42.631578947368425,61.84210526315791,30.526315789473678,60.68421052631579,38.31578947368421,59.94736842105263,27.105263157894743,58.73684210526315,42.329773067225084,16.36164366985516,15.767563200982599,92.94847280175115
493,-0.07517811358693027,45.0,34.64473684210527,9.218730660274414,4254.957986896012,3944,4.0,4,18.75,100.0,13,0.041991307801531506,47.55555555555556,66.8888888888889,22.388888888888886,59.55555555555555,26.0,61.11111111111111,26.999999999999996,72.0,19.615965999805162,50.85033411548162,22.91425133201604,60.552545331625474
494,-9.0,0.0,30.736111111111104,10.37326744192718,3712.7015153883904,3944,4.0,4,83,100.0,17,0.04157338333957062,53.22222222222223,71.11111111111111,26.0,69.0,26.0,69.0,17.666666666666664,55.55555555555556
495,9.446476321405164,10.0,30.722222222222218,13.603996256941222,675.5670994987465,3946,4.0,4,100,100,0,0.041531820349576885,55.49999999999999,73.50000000000001,26.0,69.0,26.0,69.0,15.0,48.0,14.496387499093544,100.0,100.0,100.0
496,-13.158185349739567,50.0,30.625000000000004,15.058727976580627,2323.763644497376,3956,4.0,4,25.0,100.0,6,0.04130396554444624,56.699999999999996,73.1,26.1,56.99999999999999,19.9,55.00000000000001,22.400000000000002,59.999999999999986,83.56587270071032,19.66889650153462,12.472396000521258,28.853639208246022
497,3.967477630867717,20.0,31.275,15.789228494920863,6338.463052398583,3960,4.0,4,50.0,100.0,1,0.04118020843446251,44.5,56.75,36.0,82.0,21.000000000000004,64.99999999999999,12.0,21.0,34.87599875224987,13.857279991498217,70.71188249828992,100.0
498,14.703253857974774,50.0,28.375000000000007,13.002699731714317,7546.204118250898,3970,4.0,4,62.5,100.0,3,0.04095428266744591,50.1,60.0,12.9,37.39999999999999,20.6,62.4,4.6,9.700000000000001,91.06843050249154,183.87052760459483,37.74061539414106,57.271729002241045
499,1.410416665490442,85.0,22.05,17.619309412673385,14881.35765929619,3987,4.0,4,37.5,100.0,10,0.04054667934559458,52.99999999999999,66.11111111111111,18.5,53.55555555555554,23.333333333333332,49.222222222222214,4.111111111111112,11.444444444444445,18.256077998803985,15.315513587933417,23.08665717684883,58.26451694147716
500,9.159583361937809,10.0,24.736111111111114,18.283113285472474,6933.35886855655,3989,4.0,4,100,100,0,0.040506142802918824,56.00000000000001,72.0,19.0,44.99999999999999,16.0,21.000000000000004,15.0,48.0,23.101948499970604,100.0,100.0,100.0
501,11.566640991726423,60.0,26.5,17.340277301036515,14913.779089503805,4001,4.0,4,75.0,100.0,3,0.040143132753764195,48.357142857142854,62.357142857142854,9.214285714285715,23.57142857142857,17.642857142857142,33.285714285714285,5.0,14.428571428571427,69.33344275021227,19.139363414190786,176.01008108006985,100.0
502,9.51498054489436,10.0,20.05357142857143,17.550019748427943,11928.601447359792,4003,4.0,4,100.0,100,0,0.04006290668288675,57.99999999999999,68.0,15.0,48.0,15.0,48.0,1.0,1.0,10.797457500302698,100.0,100.0,100.0
503,-3.5012303593583516,80.0,22.25,21.416990918427356,4359.233354996832,4019,4.0,4,31.25,100.0,11,0.039664174907273315,60.444444444444436,72.27777777777776,25.333333333333336,74.5,24.88888888888889,68.55555555555556,17.88888888888889,42.666666666666664,12.535207249129598,74.56012400289183,30.82332737340039,48.36863968503167
504,-3.804829414908089,65.0,32.138888888888886,17.165500482638457,4700.7752724991105,4032,4.0,4,25.0,100.0,12,0.039269411566355404,53.33333333333332,70.44444444444447,33.111111111111114,68.44444444444444,25.666666666666664,59.72222222222222,22.72222222222222,60.777777777777764,17.9930997732579,12.014102225433676,26.28651776825651,33.13428815319919
505,-3.9571056334353267,95.0,33.708333333333336,12.559215599350246,4004.614221610407,4051,4.0,4,38.88888888888889,100.0,11,0.03887857716372242,49.05,66.9,27.1,56.85,27.6,54.900000000000006,10.55,23.949999999999996,13.596277262733661,14.941247741961362,40.570163470233396,25.117225372722668
506,10.03631613306136,10.0,28.574999999999996,15.1444551429397,7309.4763609995425,4053,4.0,4,100.0,100,0,0.038781477868669964,46.0,61.5,23.0,48.0,45.0,82.0,1.0,1.0,11.83856200077571,100.0,100.0,100.0
507,-6.034260424567779,35.0,28.749999999999996,18.561397782310667,6712.072706497565,4060,4.0,4,20.0,100.0,4,0.03862662315623964,47.142857142857146,66.42857142857143,32.714285714285715,55.28571428571429,30.28571428571429,52.142857142857146,1.0,1.0,26.510609572869726,63.979760571133475,49.58981285994274,100.0
508,9.958604269028143,10.0,27.785714285714285,17.545631142687242,13646.347626430465,4062,4.0,4,100,100,0,0.03856871218664432,42.0,58.5,15.5,19.5,22.0,35.0,1.0,1.0,20.576117487507872,100.0,100.0,100.0
509,-17.39562901435676,55.00000000000001,20.125,14.856595516197608,8515.535051490588,4073,4.0,4,11.11111111111111,100.0,8,0.03833793523782823,48.45454545454545,68.0,22.818181818181817,56.36363636363636,20.272727272727273,41.63636363636364,2.272727272727273,5.2727272727272725,11.471534278825857,48.68953881748232,44.88619963680817,84.55921345527962
510,8.573546054035635,10.0,23.454545454545457,17.125377442710263,9451.47897563716,4075,4.0,4,100.0,100,0,0.03828045708363068,33.666666666666664,49.0,20.333333333333332,46.0,23.0,48.0,1.0,1.0,44.616571998631116,100.0,100.0,100.0
511,9.933675431812599,10.0,19.500000000000004,12.115739030232143,4866.343768662773,4077,4.0,4,100.0,100,0,0.038223065103563,42.0,58.5,11.0,14.000000000000002,23.0,48.0,1.0,1.0,11.739181005395949,100.0,100.0,100.0
512,-6.995029653192462,85.0,19.25,15.272076136456675,3158.9102255020407,4094,4.0,4,29.411764705882355,100.0,12,0.03784264461288898,49.05263157894737,72.3157894736842,22.57894736842106,69.47368421052632,32.210526315789465,50.73684210526315,11.421052631578947,28.052631578947366,19.436305883230972,33.3572907051455,33.09299847049474,39.78307200407418
513,-6.919957409959928,35.0,28.815789473684212,15.071000068126397,5425.424493211291,4101,4.0,4,42.857142857142854,100.0,4,0.03765385655243317,37.111111111111114,61.44444444444444,17.666666666666668,49.222222222222214,34.11111111111111,58.44444444444444,13.666666666666666,36.444444444444436,31.21804914054727,19.46562099952384,61.97655614523683,100.0
514,-5.953817718779154,10.0,25.638888888888882,11.875263117170846,6262.215439665144,4103,4.0,4,6.25,100.0,15,0.037279101190804395,49.82352941176471,77.35294117647058,26.0,69.0,18.294117647058822,52.52941176470588,15.0,48.0,54.47071400412824,100.0,100.0,15.252452009008266
515,-5.849876525290746,95.0,27.27941176470588,13.715936521001327,480.25885064699276,4122,4.0,4,41.17647058823529,100.0,10,0.03690807563520157,50.63157894736842,68.15789473684211,23.10526315789474,66.89473684210526,17.210526315789473,37.15789473684211,18.157894736842106,39.47368421052631,26.695714734102552,33.653100842983754,15.859814627267616,24.00688883759645
516,10.059940883510464,10.0,27.27631578947369,14.709678647066413,6218.942206049656,4124,4.0,4,100,100,0,0.0368158976701791,54.49999999999999,68.5,27.0,82.0,23.0,48.0,23.0,42.0,10.171669993724208,100.0,100.0,100.0
517,16.06679094540699,45.0,31.874999999999996,13.167651941492252,2937.0196479940205,4133,4.0,4,29.411764705882355,100.0,12,0.036449482213481765,47.57894736842105,56.78947368421052,20.57894736842105,63.42105263157896,21.47368421052632,49.94736842105262,16.052631578947366,28.999999999999996,21.41191777643851,17.76499199331738,40.0294306629803,100.0
518,9.82398990131981,20.0,26.421052631578952,12.967292536260425,4333.330967733912,4137,4.0,4,50.0,100.0,1,0.03637663790505567,46.0,53.25,15.0,48.0,20.0,58.5,1.0,1.0,79.74683699649177,100.0,54.953493997163605,100.0
519,9.572660207350562,50.0,20.5,16.657885533969505,6860.205703749671,4147,4.0,4,62.5,100.0,3,0.0361408978042713,47.099999999999994,57.49999999999999,18.2,49.59999999999999,18.6,58.20000000000001,22.200000000000003,58.79999999999998,40.234936999040656,14.53221280244179,100.0,27.640586198831443
520,-10.75292123246965,65.0,26.525,13.17156528287365,7300.045855095959,4160,4.0,4,20.0,100.0,12,0.03578120037972283,48.764705882352935,70.17647058823529,30.529411764705884,66.47058823529412,23.882352941176475,50.82352941176471,20.941176470588236,52.470588235294116,19.982465077863218,11.240631534467237,25.377860004216647,72.32357715435613
521,-23.70841578267668,60.0,31.029411764705884,12.57626440280421,4006.663738295388,4172,4.0,4,12.5,100.0,14,0.03542508289494029,47.22222222222222,65.72222222222224,39.27777777777777,62.944444444444436,33.38888888888889,64.77777777777777,33.05555555555555,77.22222222222221,39.190812583789615,12.239151168614626,88.33842100163263,32.693325242144056
522,9.842219641521579,10.0,38.236111111111114,8.350696209236236,3598.0738470542647,4174,4.0,4,100,100,0,0.03538966666831608,50.0,65.0,51.0,76.0,32.0,52.0,26.0,69.0,11.323216996970586,100.0,100.0,100.0
523,2.9235281876428303,20.0,39.75,10.96300597464035,4122.872810497938,4178,4.0,4,50.0,100.0,1,0.03530128093158595,52.0,66.75,37.75,53.75,37.0,58.5,12.0,21.0,32.95049850057694,100.0,13.04215250274865,100.0
524,-16.19867321848588,60.0,34.68750000000001,15.275837101865678,5989.553988998523,4190,4.0,4,12.5,100.0,14,0.03494993991335444,51.222222222222214,69.16666666666667,23.44444444444445,64.0,35.333333333333336,73.38888888888889,18.22222222222222,56.72222222222223,18.686065161212657,26.288235417208245,47.0223441637548,12.00537624269297
525,10.34740943379259,10.0,32.05555555555556,13.437471095360959,3913.4538421090433,4192,4.0,4,100,100,0,0.03489754121157061,45.0,58.00000000000001,27.0,82.0,36.0,82.0,27.0,82.0,28.146807497250848,100.0,100.0,100.0
526,-3.903643872675758,80.0,33.75,7.5431761034568305,6369.85848149925,4208,4.0,4,28.57142857142857,100.0,10,0.03455021847031339,53.0,66.4375,21.0,47.12499999999999,29.937499999999993,63.375,14.250000000000002,40.375,12.437324688107765,49.80118774892617,19.811904875132313,72.49322443803976
527,8.9151059166479,10.0,29.546874999999993,15.399360064641998,7019.49138218697,4210,4.0,4,100,100,0,0.03449841905095301,47.0,67.0,13.0,35.0,19.5,52.0,27.0,82.0,22.024194491677918,100.0,100.0,100.0
528,2.7160062908820306,35.0,26.625,13.081568055868315,8778.9276504991,4217,4.0,4,50.0,100.0,3,0.03432631454588882,45.0,58.25,24.000000000000004,73.49999999999999,22.250000000000004,67.62499999999999,20.0,58.5,50.418929001066964,124.92052399777874,23.197906007823935,100.0
529,-15.297456723159677,75.0,27.8125,11.079174797172803,5690.889177749341,4232,4.0,4,20.0,100.0,12,0.0339846770192489,52.76470588235295,67.70588235294119,21.941176470588236,63.88235294117646,21.235294117647058,53.05882352941176,16.58823529411765,39.99999999999999,13.18981220247224,76.44399799910995,24.51016173600995,17.22528933857878
530,11.154044124282066,20.0,28.13235294117647,15.334040205494714,4520.03262558976,4236,4.0,4,66.66666666666666,100.0,1,0.03388285034580015,38.4,48.6,17.4,37.4,33.4,69.19999999999999,21.6,60.6,18.321284755074885,49.49957724820706,100.0,100.0
531,8.951814216782596,10.0,27.700000000000003,10.089415227044697,9610.511234597652,4238,4.0,4,100,100,0,0.03383205147818386,54.49999999999999,70.0,12.0,21.0,17.5,31.5,15.0,48.0,11.187631003849674,100.0,100.0,100.0
532,-27.069235888895676,65.0,24.75,17.4697630536234,6503.3912349899765,4251,4.0,4,12.5,100.0,14,0.03349533317500832,56.222222222222214,71.3888888888889,27.722222222222225,55.16666666666667,31.61111111111111,63.05555555555554,19.444444444444446,59.77777777777777,32.509954922492255,12.111732925404795,18.233561846472394,23.563827382615553
533,8.204865354994219,10.0,33.75,14.408930392335664,3218.968396665231,4253,4.0,4,40.0,100.0,3,0.03336158607531967,47.0,57.333333333333336,42.0,71.99999999999999,35.99999999999999,75.99999999999999,27.0,82.0,11.120107992610428,100.0,100.0,100.0
534,10.200165269103238,10.0,37.99999999999999,7.565192536799111,2308.434380002533,4255,4.0,4,100,100,0,0.03331156871322605,42.0,58.5,30.0,38.0,36.0,76.0,13.0,35.0,14.867018500808626,100.0,100.0,100.0
535,2.0645963110315524,80.0,30.249999999999993,10.830578848279346,12780.758308996155,4271,4.0,4,37.5,100.0,10,0.03298003058878019,46.55555555555555,64.11111111111111,23.333333333333332,48.33333333333333,24.11111111111111,73.0,12.000000000000002,31.055555555555554,24.105103685542417,28.832255440465815,17.480803562284564,61.98770150003838
536,8.954580431125724,10.0,26.499999999999996,13.514457961946958,6841.503054558416,4273,4.0,4,100.0,100,0,0.03291411998116057,53.49999999999999,67.0,23.0,59.0,27.0,82.0,25.0,62.0,29.071125500195194,100.0,100.0,100.0
537,-23.065936277861294,70.0,32.125,12.423659481237944,4652.678059501341,4287,4.0,4,11.76470588235294,100.0,15,0.03258653752173689,41.15789473684211,69.84210526315789,14.684210526315788,43.21052631578947,35.1578947368421,55.421052631578945,6.6842105263157885,19.0,25.128577790123277,41.082529646519106,16.526917926551373,68.33576507300937
538,-13.523642195688995,40.0,24.421052631578952,16.10677323007083,4638.1203089465425,4295,4.0,4,12.5,100.0,14,0.03227835455059739,40.27777777777778,72.61111111111111,27.111111111111107,71.27777777777777,41.83333333333333,64.38888888888889,24.000000000000004,72.27777777777776,55.258448249151115,14.712765245349146,79.89223175100051,25.134019873075886
539,-22.323178036955497,75.0,33.30555555555555,10.5895543957753,4395.111930831465,4310,4.0,4,13.333333333333334,100.0,13,0.031957099637025754,42.23529411764706,76.23529411764707,30.0,62.1764705882353,28.411764705882348,59.11764705882353,12.058823529411766,31.764705882352935,11.464966195247447,18.554170004402597,24.611321199530114,53.52632186569584
540,-13.727811244065514,55.00000000000001,28.17647058823529,11.515197726655362,4134.999163823736,4321,4.0,4,12.5,100.0,14,0.03163904205866314,50.888888888888886,73.72222222222223,28.111111111111114,64.05555555555557,31.777777777777782,65.33333333333334,31.444444444444443,68.55555555555557,10.137170542624187,58.757965908840895,43.271252813759595,21.73616435849743
541,9.630336186273436,10.0,35.55555555555555,9.892531934739345,5462.885242443008,4323,4.0,4,100.0,100,0,0.03156002351158272,44.5,53.0,23.0,48.0,15.0,48.0,21.0,31.0,35.49869700509589,100.0,100.0,100.0
542,3.960628234996017,60.0,25.875000000000004,11.161063562109435,3381.01864199416,4335,4.0,4,50.0,100.0,5,0.03135549765235416,41.083333333333336,58.250000000000014,14.333333333333332,31.916666666666664,15.333333333333332,32.33333333333334,14.916666666666668,41.08333333333332,53.10366225069932,35.37558375101071,558.1316628381804,674.5999239938101
543,9.464370868428391,10.0,21.416666666666664,14.948392071841091,13850.904225499107,4337,4.0,4,100.0,100,0,0.03130848791857944,32.0,41.5,13.0,35.0,22.0,45.0,1.0,1.0,10.698163001507055,100.0,100.0,100.0
544,7.324826319996508,15.0,17.0,11.427152192860152,7663.875997001014,4340,4.0,4,100.0,100,0,0.031245917889821877,40.0,48.0,27.0,82.0,13.0,34.99999999999999,1.0,1.0,41.6283159943608,33.936221996555105,100.0,100.0
545,-8.15312670244534,30.0,20.25,14.793377140162548,5251.593357000577,4346,4.0,4,25.0,100.0,3,0.031136721081643875,49.66666666666666,62.5,15.166666666666668,45.666666666666664,15.166666666666668,43.499999999999986,8.499999999999998,26.0,95.35433167184237,56.19250049930997,30.34947049697318,42.59092800008754
546,2.60491526640641,10.0,22.124999999999996,17.05911853424822,16329.514499001865,4348,4.0,4,100,100,0,0.031105592144742504,18.0,34.5,11.0,14.000000000000002,1.0,1.0,1.0,1.0,57.255642500240356,219.14510799979325,100.0,100.0
547,-27.229788645760078,90.0,7.75,7.418078893226501,9661.56240300188,4366,4.0,4,11.76470588235294,100.0,15,0.030796009315779214,38.368421052631575,70.57894736842107,27.26315789473684,60.473684210526315,24.000000000000004,53.368421052631575,6.789473684210527,16.31578947368421,30.377838336183533,19.24996343877865,27.251664662940634,124.52275844423437
548,1.4339495369178588,90.0,24.105263157894736,13.04519081955802,9017.432985895492,4384,4.0,4,43.75,100.0,9,0.030504760033960118,34.05555555555555,60.27777777777777,14.666666666666666,37.0,16.11111111111111,36.94444444444444,8.777777777777777,27.111111111111114,229.0332385002532,277.47650961278447,66.6112571099398,21.086653728949994
549,8.998643895019885,45.0,18.40277777777778,11.3623818526575,15539.019843000764,4393,4.0,4,38.46153846153847,100.0,8,0.030261634964622034,46.33333333333335,70.0,27.000000000000007,82.0,25.266666666666666,76.6,28.333333333333332,66.66666666666666,32.47318477499195,18.860431999200955,60.47292444596274,41.6422644448984
550,-28.91158881778638,85.0,31.733333333333324,9.175852414668723,3581.746607001211,4410,4.0,4,17.647058823529413,100.0,14,0.02996045173950265,43.15789473684211,69.63157894736842,15.105263157894738,34.52631578947368,18.210526315789473,46.68421052631578,14.36842105263158,36.05263157894737,27.397778464878417,17.60418941352434,33.66178082326181,64.77270511694609
551,3.155203875433662,10.0,22.710526315789476,13.132948288741614,7187.632396052849,4412,4.0,4,20.0,100.0,8,0.029751408816275197,33.916666666666664,56.333333333333336,34.166666666666664,74.83333333333331,24.83333333333333,64.99999999999999,27.0,82.0,96.26024750468787,100.0,100.0,100.0
552,-24.04442465311722,90.0,29.979166666666675,5.159520473010524,3153.2892404175072,4430,4.0,4,18.75,100.0,13,0.029455303689450194,42.33333333333334,69.88888888888889,28.500000000000004,61.944444444444436,31.61111111111111,72.61111111111111,6.222222222222222,14.666666666666664,12.496124165611239,16.93394628220833,20.539692722053992,76.33555439016264
553,-8.485934904067587,75.0,27.166666666666668,14.294770282270353,5694.744313222246,4445,4.0,4,35.294117647058826,100.0,11,0.029162145591005384,46.73684210526316,67.21052631578947,33.15789473684211,58.89473684210527,21.31578947368421,46.05263157894737,25.42105263157895,58.89473684210527,18.618782002983306,37.41497339933024,30.223553402465768,18.892671400681138
554,7.020302070999991,30.0,31.657894736842106,11.720334557021921,6845.999208788271,4451,4.0,4,75.0,100.0,1,0.029045700939653023,34.0,55.666666666666664,19.499999999999996,51.99999999999999,17.166666666666668,44.0,15.0,48.0,32.46720549601984,339.1842290046043,12.645634007640183,100.0
555,9.055984850484386,10.0,21.416666666666664,9.109616770111657,8494.659072666158,4453,4.0,4,100,100,0,0.029002154168888537,39.5,70.0,13.0,35.0,1.0,1.0,1.0,1.0,20.101742004044354,100.0,100.0,100.0
556,-34.921738126906895,80.0,13.625000000000002,15.733585825260251,10847.46908100351,4469,4.0,4,11.11111111111111,100.0,16,0.028713506105483913,38.35000000000001,70.49999999999999,19.5,48.4,23.700000000000003,70.89999999999999,14.6,45.4,50.49035331758205,62.79591093898489,14.939516433514655,36.695787874486996
557,-1.9757219912517687,65.0,24.0375,10.274894781885182,5996.424304298125,4482,4.0,4,25.0,100.0,12,0.028427730852975418,39.77777777777778,65.66666666666667,42.166666666666664,61.888888888888886,19.38888888888889,57.05555555555555,18.88888888888889,56.166666666666664,21.524509996659337,25.70680045867518,51.10318469367205,58.763877998213644
558,23.38156127610195,90.0,30.055555555555554,11.72105167810659,4915.941475446743,4500,4.0,4,58.82352941176471,100.0,7,0.028144799819304088,48.26315789473683,62.84210526315789,27.421052631578952,54.210526315789465,21.47368421052632,63.578947368421055,6.157894736842106,18.315789473684205,28.766249997392556,16.33829838990803,22.29289267189516,57.19532400398748
559,-5.62492944401929,85.0,25.82894736842105,16.10905434226736,10450.797078473874,4517,4.0,4,41.17647058823529,100.0,10,0.027864684696977494,52.52631578947368,67.7894736842105,31.210526315789476,63.36842105263156,24.15789473684211,72.36842105263158,14.736842105263156,38.57894736842105,33.97458941480556,13.818522529190352,32.204110587789565,48.026871941264666
560,-8.706058306524962,60.0,30.657894736842106,14.679116828563188,6638.088307421544,4529,4.0,4,23.52941176470588,100.0,13,0.027587357460237584,50.05263157894736,66.10526315789474,29.78947368421052,58.00000000000001,34.78947368421053,79.52631578947367,24.631578947368418,65.42105263157893,33.09803200293876,58.015259418849986,31.23748783764313,24.684539163232937
561,-23.541150734156723,45.0,34.81578947368421,9.995849562393762,4461.226913156631,4538,4.0,4,6.666666666666667,100.0,14,0.02731279036225661,50.411764705882355,70.88235294117646,29.52941176470588,63.64705882352941,30.411764705882355,69.29411764705881,22.58823529411765,59.70588235294117,79.83075711138856,51.02955444276126,12.356423331463398,62.91260511109916
562,9.245206911560064,10.0,33.235294117647065,11.196220783409808,3603.082721296232,4540,4.0,4,100.0,100,0,0.027217338868704387,22.33333333333333,35.666666666666664,12.0,21.0,36.00000000000001,82.0,22.0,45.0,12.781438999809325,100.0,100.0,100.0
563,-28.601664944896232,55.00000000000001,23.083333333333332,9.517434239121087,2403.367454671146,4551,4.0,4,6.25,100.0,15,0.026946454433371424,42.00000000000001,79.77777777777777,38.61111111111111,72.99999999999999,29.277777777777775,67.66666666666666,32.44444444444445,68.55555555555557,34.44022109139372,12.114523454907943,51.475416092381984,19.686934361710552
564,-22.970981283482356,75.0,35.583333333333336,6.508590928988818,3243.1399723872246,4566,4.0,4,12.5,100.0,14,0.02667826601390025,41.11111111111112,76.66666666666667,35.83333333333334,65.33333333333334,30.999999999999993,64.38888888888889,28.611111111111114,50.38888888888889,19.177777869820904,14.669308069278486,74.0292471346523,28.818966339846764
565,14.650010811712942,30.0,34.13888888888889,6.850844197739455,6902.006412389811,4572,4.0,4,80.0,100.0,1,0.026558453641320034,31.571428571428573,53.85714285714286,33.57142857142858,64.71428571428571,38.57142857142858,72.14285714285712,20.42857142857143,42.57142857142857,46.679860000828434,100.0,100.0,12.00055483301791
566,2.9343534056245284,85.0,31.035714285714278,8.63917567437386,8426.22490899521,4589,4.0,4,37.5,100.0,10,0.02629412685490455,47.055555555555564,66.33333333333334,28.27777777777778,65.61111111111111,32.55555555555556,56.05555555555557,15.5,37.888888888888886,17.24965028988663,25.94337953179253,11.170545414001133,39.16796799817615
567,1.4264702086521348,55.00000000000001,30.847222222222225,12.94460663002656,7095.700730611699,4600,4.0,4,31.25,100.0,11,0.02603243081841752,46.833333333333336,62.111111111111114,25.77777777777778,51.61111111111112,28.05555555555556,58.833333333333336,21.555555555555557,66.16666666666666,63.308200365017086,48.51755882475779,15.692255811617626,19.2100263713986
568,-6.504180922287812,80.0,30.555555555555557,10.594117180029352,6057.626756611474,4616,4.0,4,31.25,100.0,11,0.025773339348946198,46.72222222222222,70.94444444444444,22.166666666666664,64.27777777777777,17.888888888888886,37.666666666666664,12.11111111111111,36.55555555555556,28.230004687429755,22.371110502353986,49.40746375032177,58.06633262345713
569,6.79979219385996,15.0,24.72222222222222,13.981624305167664,6320.945825054271,4619,4.0,4,50.0,100.0,1,0.02570897040171359,45.0,65.0,27.0,48.0,22.75,60.5,27.0,82.0,36.94408466496194,48.37316933165615,100.0,100.0
570,6.839429597263461,15.0,30.4375,9.401276483716552,11381.035314996552,4622,4.0,4,100.0,100,0,0.025670426224625204,23.333333333333332,40.33333333333333,9.000000000000002,23.666666666666668,13.0,34.99999999999999,1.0,1.0,41.237960000095576,100.0,249.51406099717133,100.0
571,-31.708264510915726,75.0,11.583333333333334,8.997983536694802,10249.575980337491,4637,4.0,4,6.25,100.0,15,0.025414937657349815,41.16666666666667,72.33333333333333,24.777777777777775,52.33333333333332,37.27777777777777,69.77777777777777,10.61111111111111,27.555555555555557,12.346243209321983,22.993073262429487,17.848838204711985,59.659122599793285
572,8.745847198797094,65.0,28.45833333333333,12.855492502059576,3544.971133166756,4650,4.0,4,37.5,100.0,10,0.02516199187637011,39.55555555555556,65.0,23.94444444444445,44.66666666666667,23.388888888888893,57.277777777777786,16.055555555555554,35.66666666666667,24.90043769201013,53.38744846432326,20.104230927357165,100.0
573,-8.96742485588157,75.0,25.736111111111114,10.883046895234509,8291.860084388949,4665,4.0,4,29.411764705882355,100.0,12,0.024911563574243914,52.68421052631579,68.10526315789475,28.684210526315784,71.0,33.0,56.684210526315795,14.789473684210524,42.26315789473683,28.002242867369205,38.40446840117996,13.396002600590387,25.490916471462697
574,-0.05200764855663742,40.0,32.28947368421052,15.011720676975393,5921.9986051052965,4673,4.0,4,50.0,100.0,3,0.024799685480856662,47.875,61.74999999999999,23.25,65.12499999999999,29.75,65.25,18.25,41.25,44.10194425290683,20.572888749666163,42.75081949890591,67.0945603706059
575,1.3151322002618233,40.0,29.781250000000004,12.059388968705212,9181.84119250327,4681,4.0,4,37.5,100.0,5,0.024651295881557247,48.8,66.89999999999999,31.900000000000006,64.2,26.399999999999995,66.1,17.5,42.400000000000006,120.41518162550346,33.48671874337015,67.13349287565507,47.5646649934788
576,-2.370843926181103,55.00000000000001,31.15,11.86098639950451,5110.075031599263,4692,4.0,4,33.33333333333333,100.0,6,0.024516052201602166,50.18181818181818,66.72727272727272,21.181818181818183,39.090909090909086,27.636363636363637,58.36363636363635,11.181818181818182,35.18181818181817,48.09421409445349,78.27375127685214,35.43380127362484,100.0
577,-2.3174029731179098,50.0,27.545454545454547,15.786305591847235,10035.635155817463,4702,4.0,4,37.5,100.0,5,0.02438155050507285,31.5,56.900000000000006,20.7,50.8,12.600000000000003,22.200000000000003,6.100000000000001,15.499999999999996,40.872149995411746,60.63643739908002,1259.039503603999,146.825401999522
578,9.381548191792227,10.0,17.724999999999998,11.653050804208734,12117.542070698983,4704,4.0,4,100,100,0,0.02434499646243043,46.5,64.99999999999999,1.0,1.0,1.0,1.0,13.0,35.0,16.276299495075364,100.0,100.0,100.0
579,-14.969343655974653,65.0,15.375,18.64086347012955,6109.373033490556,4717,4.0,4,17.647058823529413,100.0,14,0.024102699423336312,51.947368421052644,64.89473684210526,25.89473684210526,58.26315789473683,21.31578947368421,49.63157894736842,18.68421052631579,55.736842105263165,56.20837322606418,13.188178919685575,45.64256315195682,61.145875773329934
580,3.231210124945438,90.0,29.460526315789476,14.476032305087402,4765.8174049490635,4735,4.0,4,47.05882352941176,100.0,9,0.02386281387997785,42.94736842105264,58.105263157894726,14.26315789473684,40.42105263157895,19.789473684210527,50.78947368421052,7.2631578947368425,18.47368421052631,27.594095888263027,17.71418978072082,110.15370755194454,90.45384461173347
581,10.797223407869147,45.0,21.065789473684212,14.536673058782537,7376.44313236677,4744,4.0,4,44.44444444444444,100.0,5,0.02370817006259848,43.72727272727273,62.63636363636363,20.999999999999996,62.999999999999986,27.90909090909091,50.54545454545455,17.909090909090907,36.36363636363637,16.75360488782947,100.0,24.28986711246479,31.58736966272247
582,16.93149113672663,85.0,27.636363636363637,11.746331316694093,8758.672845272073,4761,4.0,4,53.333333333333336,100.0,7,0.02349570095583451,50.64705882352941,67.17647058823529,23.52941176470588,60.823529411764696,23.823529411764703,45.11764705882353,3.705882352941176,7.352941176470589,25.422010292223764,10.641060694230392,33.2264057102079,69.1574076495325
583,11.965745370736986,70.0,25.426470588235293,17.4468401012007,5922.5157024133405,4775,4.0,4,50.0,100.0,6,0.023320098626500137,53.99999999999999,71.92857142857143,31.142857142857146,49.428571428571416,28.642857142857142,40.214285714285715,12.000000000000004,21.0,18.459771286455048,14.395240211992391,26.11665107043726,100.0
584,-13.759304895297323,55.00000000000001,31.44642857142857,15.608503346298026,6565.12813014394,4786,4.0,4,17.647058823529413,100.0,14,0.023088002028856205,54.1578947368421,74.10526315789473,34.94736842105263,65.0,37.63157894736842,65.15789473684211,21.47368421052632,64.21052631578948,30.915627456058495,12.321287819015032,22.67855909250846,42.86223582166713
585,-40.92964020806582,80.0,37.052631578947356,12.740631126328344,6116.067040103524,4802,4.0,4,86,100.0,14,0.02285821540560391,43.375,71.125,39.5,61.81249999999999,20.375,45.0625,9.75,21.250000000000004,40.45809499802999,27.381935440826055,16.55018631263374,61.95286293714162
586,-6.646629506196659,75.0,28.250000000000004,15.2777024519229,5532.4910467506925,4817,4.0,4,23.076923076923077,100.0,10,0.022630715766394662,47.20000000000002,65.60000000000001,29.53333333333334,49.66666666666665,29.600000000000005,62.06666666666667,11.133333333333333,31.66666666666666,15.91760253359098,41.19886106442815,49.0463541331701,14.802848199033178
587,8.97910484675911,10.0,29.366666666666667,14.883708021560475,7271.420183665275,4819,4.0,4,100.0,100,0,0.022574195525486777,47.0,67.0,25.0,55.00000000000001,36.0,82.0,15.0,48.0,14.10890050465241,100.0,100.0,100.0
588,-13.433527323665684,40.0,30.75,12.014919220681456,5121.725772994978,4827,4.0,4,13.333333333333334,100.0,13,0.022349522634521363,35.64705882352941,66.76470588235294,20.41176470588235,49.11764705882353,28.999999999999996,66.47058823529412,11.588235294117645,36.17647058823529,14.425511995796114,53.15351612662198,30.494494874074007,103.48684112468618
589,16.86537872180119,25.0,24.16176470588235,9.945816748610415,5204.146583056974,4832,4.0,4,100.0,100,0,0.022282557821474827,27.6,37.2,22.600000000000005,68.19999999999999,20.0,51.99999999999999,11.200000000000001,30.0,51.54019459907431,12.60654600628186,100.0,100.0
590,5.364392867859286,5.0,20.35,6.977984327240804,9835.150161199272,4833,4.0,4,100,100,0,0.02226028083429281,49.0,57.99999999999999,27.0,82.0,1.0,1.0,13.0,35.0,10.797701004776172,100.0,100.0,100.0
591,-0.4018088977286327,20.0,22.5,17.853571071357123,4780.73295300419,4837,4.0,4,100.0,100.0,0,0.022193583412213228,42.0,50.74999999999999,27.0,82.0,4.000000000000001,9.5,7.000000000000001,18.0,346.9048049977573,100.0,12.023877003230155,100.0
592,-3.77151064032741,85.0,20.0,15.619005609850372,6712.223943504796,4854,4.0,4,41.17647058823529,100.0,10,0.021972698617427313,54.36842105263157,68.05263157894737,18.31578947368421,50.21052631578948,22.36842105263158,68.10526315789474,8.999999999999998,27.52631578947369,143.03814753314808,28.729164173230803,21.67068023083951,58.467121938113394
593,5.4124087929973115,15.0,26.013157894736842,17.522672902968885,8797.933573790177,4857,4.0,4,66.66666666666666,100.0,1,0.021895909432851565,43.2,60.199999999999996,24.2,72.59999999999998,15.0,48.0,9.4,29.2,41.751069000262454,69.46001300821081,100.0,100.0
594,-2.2611009310100663,80.0,22.950000000000003,13.334229224839955,5613.62561880087,4873,4.0,4,29.411764705882355,100.0,12,0.0216779872806738,48.10526315789474,71.47368421052632,25.473684210526315,61.84210526315791,30.842105263157894,56.21052631578948,14.263157894736839,45.526315789473685,10.715222188082407,50.753831939982774,30.299942314559303,15.702312820030784
595,-10.387687404151329,80.0,29.67105263157894,13.74762994701645,5274.331877578668,4889,4.0,4,23.52941176470588,100.0,13,0.021462234029703604,52.31578947368419,68.84210526315789,40.63157894736841,63.05263157894737,32.578947368421055,71.42105263157895,23.36842105263158,62.52631578947367,17.35617306076165,56.23327643916127,29.53560787027527,20.94090324735589
596,5.8726268886235,90.0,37.22368421052631,12.438626312060048,5770.327516893495,4907,4.0,4,37.5,100.0,10,0.021248628093643293,45.16666666666667,64.5,26.611111111111114,40.11111111111111,15.16666666666667,36.38888888888889,3.5555555555555554,7.388888888888889,14.031158782017883,60.66646544220728,17.811364666138413,29.038203340799857
597,-16.444770382567782,85.0,22.624999999999996,17.958478335316396,7689.180061277713,4924,4.0,4,23.52941176470588,100.0,13,0.021037148101035897,48.94736842105263,73.26315789473684,42.63157894736842,63.10526315789474,22.789473684210527,62.52631578947367,8.368421052631579,25.736842105263154,49.85198641096598,20.339228355442174,50.41842594133306,26.48691493942512
598,-1.823454460855877,90.0,30.68421052631579,16.85887115188297,7582.015352947086,4942,4.0,4,41.17647058823529,100.0,10,0.020827772893126883,48.26315789473684,68.05263157894737,35.21052631578947,69.89473684210527,28.368421052631582,66.6842105263158,5.473684210526316,12.68421052631579,31.848345001506257,11.7718714399315,75.07103733288305,17.05097532944314
599,-1.089155702930432,60.0,29.328947368421055,16.36848302912337,5259.1774157351065,4954,4.0,4,29.411764705882355,100.0,12,0.02062048152174725,55.89473684210526,74.26315789473685,32.68421052631579,64.52631578947368,34.36842105263157,67.89473684210525,24.473684210526315,63.21052631578946,41.09815358290992,48.87986341661114,13.57224883880311,18.920672825333895
600,-25.21619122644718,90.0,36.85526315789473,12.08687216090302,3709.426813107137,4972,4.0,4,22.22222222222222,100.0,14,0.02041525324721763,43.699999999999996,70.69999999999999,28.800000000000008,63.70000000000001,17.400000000000002,43.95,13.05,22.599999999999998,12.085089612810407,16.410051611051635,40.779959002652,60.69004338819973
601,2.5483350551037685,5.0,25.7375,14.052979128663697,5335.81272115116,4973,4.0,4,16.666666666666664,100.0,5,0.020323568130684914,42.714285714285715,70.71428571428572,35.99999999999999,82.0,27.0,82.0,45.00000000000001,82.0,34.57691399671603,100.0,100.0,100.0
602,-13.028044937512135,85.0,37.67857142857143,7.218483464250845,723.2532501428587,4990,4.0,4,25.0,100.0,12,0.02012129492890023,48.49999999999999,68.38888888888887,38.94444444444445,72.66666666666667,22.88888888888889,44.33333333333333,29.555555555555557,72.27777777777777,11.844430646948133,15.3178585893543,24.000672176000936,52.909363001954794
603,-10.652007011039757,45.0,34.97222222222223,12.256132815767508,6747.058345887733,4999,4.0,4,28.57142857142857,100.0,5,0.020010904060009573,34.333333333333336,61.66666666666667,35.888888888888886,63.44444444444446,22.33333333333333,35.111111111111114,21.000000000000004,62.55555555555554,60.796109446932356,12.568449887718694,41.320090330555104,100.0
604,-14.205862131694957,85.0,28.388888888888893,9.788066772741638,6057.233995665835,5016,4.0,4,23.52941176470588,100.0,13,0.019811742691848398,48.73684210526314,69.0,28.894736842105267,54.210526315789465,36.0,60.42105263157895,10.421052631578949,28.10526315789474,15.353632707025527,49.39792023454656,37.35672317270655,11.121266174835482
605,2.148799482356141,70.0,31.013157894736842,14.796891588720149,4578.301487737152,5030,4.0,4,29.411764705882355,100.0,12,0.019614563505524114,41.26315789473684,69.47368421052632,28.000000000000004,60.36842105263158,36.89473684210526,59.00000000000001,21.52631578947368,56.94736842105262,22.851591498017246,45.366491356357336,14.633297785102124,100.0
606,-0.20230952379134326,40.0,31.92105263157895,8.774981641523004,6981.165449210062,5038,4.0,4,33.33333333333333,100.0,4,0.019516711057874777,41.0,58.00000000000001,20.875,52.75,24.5,53.49999999999999,1.0,1.0,49.663339746621205,11.296058251900831,22.169168375694426,100.0
607,-18.706261954332867,75.0,21.84375,14.658673067363864,7121.694428873525,5053,4.0,4,18.75,100.0,13,0.01932246821584043,41.61111111111111,64.27777777777777,28.44444444444444,67.77777777777777,29.83333333333333,60.944444444444436,16.11111111111111,49.94444444444445,68.08870199757318,30.613461734222557,25.41000659519341,10.963549465911152
608,4.356066327063942,30.0,28.999999999999996,10.406174593096448,6998.578805333334,5059,4.0,4,40.0,100.0,3,0.01924531346508181,44.14285714285714,66.57142857142857,25.0,75.28571428571428,21.0,50.28571428571429,15.0,48.0,65.4347376669951,28.43592166415571,40.39214299749195,100.0
609,4.456040542391538,5.0,26.285714285714285,11.208931474975586,3860.967521287551,5060,4.0,4,100.0,100,0,0.019206851696500393,45.5,58.00000000000001,15.0,48.0,23.0,48.0,15.0,48.0,9.701574992504902,100.0,100.0,100.0
610,-13.530677844435019,85.0,24.625000000000004,12.502938209122771,1870.5063779998454,5077,4.0,4,25.0,100.0,12,0.01901569277382141,53.16666666666667,69.0,22.444444444444443,65.72222222222223,34.61111111111111,65.22222222222223,11.11111111111111,34.94444444444445,28.032358581720686,34.83624517787522,24.15046352869146,88.58442705823109
611,8.890939855840749,10.0,30.333333333333336,16.510341249760945,7872.201820778881,5079,4.0,4,100,100,0,0.018977689902306274,54.0,68.5,15.0,48.0,25.0,55.00000000000001,15.0,48.0,12.288811994949356,100.0,100.0,100.0
612,-7.200894626986465,85.0,27.249999999999996,15.984335735987509,4475.763139504124,5096,4.0,4,31.25,100.0,11,0.018788811744970275,54.0,70.55555555555557,25.444444444444446,76.05555555555556,23.166666666666664,52.0,13.222222222222221,38.88888888888888,21.69762652928886,17.122097352779853,32.837335884345094,58.49150111436543
613,3.8589009570163446,65.0,28.958333333333336,16.25447576017016,6207.97918699989,5109,4.0,4,37.5,100.0,10,0.018601813424353197,51.16666666666667,62.77777777777778,21.111111111111114,57.55555555555555,34.277777777777786,71.16666666666667,20.0,42.55555555555555,24.485834691306362,35.07720684999815,43.76910007245337,26.060770161655874
614,-6.109211852933939,75.0,31.63888888888889,13.48550496701941,6919.072125277631,5124,4.0,4,27.77777777777778,100.0,13,0.018416676231112792,53.099999999999994,69.85000000000001,31.400000000000006,66.60000000000001,20.6,62.39999999999999,19.75,43.900000000000006,63.17337059881538,19.13437126747643,31.180047331339058,55.02611613211533
615,6.59644705915323,15.0,31.2125,14.121002991353276,6408.643367851619,5127,4.0,4,100.0,100,0,0.018389065026971213,20.0,21.0,12.0,21.0,13.0,34.99999999999999,1.0,1.0,45.63428667024709,840.710100994329,100.0,100.0
616,-10.758071384799623,80.0,11.5,7.200146033096737,15734.453975669263,5143,4.0,4,25.0,100.0,12,0.01820604524240807,53.11111111111111,66.77777777777779,26.111111111111107,62.888888888888886,27.999999999999996,55.55555555555556,8.444444444444445,24.22222222222222,19.247153255491867,30.005876687755517,35.30137781635858,66.74661800025206
617,9.342477517082642,10.0,28.916666666666668,16.863127816845566,5526.099368109297,5145,4.0,4,25.0,100.0,3,0.01815149533385246,32.0,53.0,26.199999999999996,53.800000000000004,32.0,58.8,21.6,57.199999999999996,36.016222002217546,100.0,100.0,100.0
618,-10.79780055695182,70.0,27.949999999999996,6.264549076861788,3298.2363321993034,5159,4.0,4,25.0,100.0,12,0.01797083999544194,34.444444444444436,63.66666666666667,26.555555555555554,73.16666666666667,21.38888888888889,61.61111111111111,22.22222222222222,64.0,56.800959357600995,14.655065568929006,18.972291215738682,29.887505495987302
619,-11.932019375056456,80.0,26.15277777777778,7.390938177554066,7157.214614831092,5175,4.0,4,31.25,100.0,11,0.017791982654975724,46.5,67.66666666666666,30.944444444444446,66.05555555555554,25.833333333333336,56.16666666666668,20.833333333333332,52.61111111111112,47.40557381301187,41.48777881200658,12.103868873055035,22.035870057698048
620,-19.037643264469043,50.0,31.027777777777775,12.317581237784815,8138.365643112694,5185,4.0,4,11.11111111111111,100.0,16,0.017614905417623603,50.89999999999999,71.95000000000003,31.400000000000006,73.2,27.0,76.35,26.29999999999999,79.65,51.5187164983945,28.81313979771221,81.95131430082256,13.968667600420304
621,3.0418799084106007,5.0,33.900000000000006,10.558862742763448,3565.75844254985,5186,4.0,4,100.0,100,0,0.01758849626847437,29.000000000000004,51.5,13.0,35.0,12.0,21.0,1.0,1.0,127.41526500030886,100.0,100.0,100.0
622,-20.21751803625053,65.0,13.750000000000002,10.038373342181588,8515.324624502682,5199,4.0,4,17.647058823529413,100.0,14,0.017413444258319186,40.421052631578945,65.15789473684211,24.68421052631579,67.94736842105262,28.1578947368421,57.36842105263156,17.421052631578945,45.73684210526315,25.344791766166544,26.008094613028405,19.275226843623948,52.8968736164433
623,14.5711577885569,25.0,27.671052631578952,9.896125912092849,4386.111916262675,5204,4.0,4,37.5,100.0,5,0.017300595811049993,34.900000000000006,70.39999999999999,29.2,62.20000000000001,30.4,59.4,20.9,55.39999999999999,15.284379600780085,30.30463600764051,100.0,100.0
624,2.2461679532350445,55.00000000000001,28.849999999999998,6.491375941202585,3179.951968799287,5215,4.0,4,31.25,100.0,11,0.0171284091711361,48.72222222222223,67.22222222222223,30.388888888888893,66.55555555555556,23.833333333333336,63.33333333333333,25.16666666666667,55.05555555555556,20.748941546083767,43.32820645226589,11.11835399801335,28.848309635015372
625,-0.9308465768619261,60.0,32.027777777777786,10.810248370446962,2740.61025877826,5227,4.0,4,28.57142857142857,100.0,10,0.016983398605723034,44.625,64.75,23.6875,52.93749999999999,15.75,37.68749999999999,20.0625,41.625,31.889036169983836,71.86753075099357,37.32290008216902,100.0
626,5.487113069076896,15.0,26.03125,12.92664038394052,11298.124533751434,5230,4.0,4,100.0,100,0,0.01694945727511886,34.25,49.5,12.75,16.0,13.0,35.0,1.0,1.0,58.895804000591546,100.0,147.89279499382246,100.0
627,-6.166805972593,35.0,15.25,12.244810200859632,10226.095612502832,5237,4.0,4,33.33333333333333,100.0,4,0.016873337084660416,29.625,54.87500000000001,25.0,59.74999999999999,20.75,55.125,12.25,31.874999999999996,85.77368100024094,11.702364566320155,35.52069856793553,76.89849885729407
628,5.080390863710063,5.0,21.90625,7.260840693148288,7280.60122212446,5238,4.0,4,100,100,0,0.01685646796591003,43.0,68.0,26.0,69.0,13.0,35.0,26.0,69.0,36.54663299676031,100.0,100.0,100.0
629,6.826625336714747,10.0,27.0,10.653637876331258,8496.729816004517,5240,4.0,4,100,100,0,0.016831195904205083,35.5,44.50000000000001,26.0,69.0,7.000000000000001,18.0,26.0,69.0,140.9185534939752,100.0,100.0,100.0
630,5.022481896088748,15.0,23.625,10.389577721420896,18204.956321496866,5243,4.0,4,100.0,100,0,0.016805961731641807,43.66666666666667,63.0,1.0,1.0,15.0,48.0,1.0,1.0,56.80043333559297,100.0,262.6692310004728,100.0
631,-11.887143446663188,65.0,15.166666666666664,17.46468096393444,8077.922260995062,5256,4.0,4,25.0,100.0,12,0.016638698007739032,52.16666666666667,69.49999999999999,20.88888888888889,64.27777777777777,21.444444444444443,55.44444444444444,9.444444444444445,29.000000000000004,32.21963784599211,15.307617384958295,43.769607002972265,22.326401307901296
632,14.368050410039501,75.0,25.98611111111111,16.15317072812336,5544.722733168682,5271,4.0,4,41.17647058823529,100.0,10,0.01647309899983292,52.52631578947368,66.57894736842105,22.736842105263158,62.68421052631577,19.105263157894736,47.94736842105263,21.842105263157897,64.68421052631578,20.788755060833257,60.55031499980638,35.21965233880716,43.55037100322079
633,2.1305808615669974,20.0,29.05263157894737,14.034134704511212,5603.426669895079,5275,4.0,4,50.0,100.0,1,0.016431957414494613,46.25,64.25,27.0,52.0,25.0,62.0,1.0,1.0,33.675991753989365,195.54288999352138,73.79098299134057,100.0
634,4.494222714155745,30.0,24.8125,16.28051552113267,7848.082635999162,5281,4.0,4,28.57142857142857,100.0,5,0.016341807249558908,35.11111111111111,53.55555555555556,23.666666666666668,43.77777777777777,18.555555555555557,43.333333333333336,11.0,34.333333333333336,18.243757833261043,65.43054700111195,100.0,25.324783330628026
635,-13.314803811677528,70.0,22.083333333333332,9.66132183283636,6252.372410664167,5295,4.0,4,23.52941176470588,100.0,13,0.016179163089140757,39.10526315789474,76.84210526315788,31.0,65.57894736842105,26.789473684210524,58.6315789473684,18.894736842105264,57.10526315789475,55.148224643822424,39.720675354016876,22.948270497519324,57.15938370807895
636,-8.699168663636652,45.0,28.947368421052634,9.874446525190876,4560.0864732106475,5304,4.0,4,18.75,100.0,13,0.016018137667856785,39.666666666666664,69.77777777777779,34.77777777777777,64.66666666666666,23.555555555555557,67.83333333333333,24.11111111111111,72.99999999999999,60.25801155677376,25.820183555737863,17.55780188735419,80.65399377697355
637,9.800298090377897,10.0,30.527777777777775,8.029794900623806,3230.060662556045,5306,4.0,4,100,100,0,0.01598612541171951,44.5,55.00000000000001,35.0,69.0,27.0,82.0,13.0,35.0,10.893221995502245,100.0,100.0,100.0
638,-24.008114341622264,45.0,29.875,11.661698493701724,3184.4572685004096,5315,4.0,4,6.25,100.0,15,0.01582702122536957,57.833333333333336,76.05555555555557,39.0,72.66666666666666,25.666666666666664,68.7222222222222,28.222222222222225,71.88888888888889,21.285670217023128,34.072372217067624,50.0617962233567,10.774202332767244
639,9.736794202099984,15.0,37.68055555555556,13.047427972416822,3073.5502894983965,5318,4.0,4,100.0,100,0,0.015779599473470348,27.249999999999996,44.00000000000001,11.5,23.0,17.0,46.75,11.0,14.000000000000002,113.95653566675416,100.0,100.0,100.0
640,-2.4895801637771866,80.0,16.6875,10.106398486123053,12407.346019499528,5334,4.0,4,25.0,100.0,12,0.01562255076588834,44.27777777777778,68.44444444444444,23.333333333333332,70.38888888888889,24.22222222222222,50.22222222222222,15.388888888888886,29.11111111111111,13.270350684251753,16.39611069331295,39.55754637536302,54.938866813063214
641,9.247049029097514,10.0,26.805555555555554,12.284926471387772,3995.7321466669478,5336,4.0,4,50.0,100.0,1,0.01558353342582723,48.333333333333336,66.0,27.0,82.0,32.33333333333333,69.0,32.0,59.0,10.534952496527694,100.0,100.0,100.0
642,-0.9666803913524467,75.0,34.91666666666667,8.41539358908101,5887.4814363371115,5351,4.0,4,37.5,100.0,10,0.015428436093464535,51.777777777777764,76.0,28.333333333333332,62.444444444444436,17.72222222222222,41.22222222222222,19.166666666666668,48.27777777777777,49.66345673368778,16.68912753094143,261.989093463053,18.350709675966453
643,-10.485206441932316,35.0,29.250000000000004,14.685607378309154,5958.269230276831,5358,4.0,4,13.333333333333334,100.0,13,0.015274882389356663,54.294117647058826,72.82352941176471,29.82352941176471,48.23529411764705,19.764705882352942,41.82352941176471,14.176470588235293,45.23529411764706,63.112124429400346,13.206201430875808,48.14319542243278,100.0
644,-15.711665182650744,45.0,29.514705882352942,15.935640341787913,3306.202982527526,5367,4.0,4,6.25,100.0,15,0.0151228569503239,47.0,74.0,33.83333333333333,71.77777777777776,29.33333333333334,73.33333333333333,20.277777777777775,52.33333333333332,21.07927089608792,50.750677222256655,12.227847564241124,42.61258222330879
645,3.0546601014837256,45.0,32.61111111111112,10.518034315637138,2785.6975798883163,5376,4.0,4,50.0,100.0,4,0.015032368920350573,43.900000000000006,67.4,28.700000000000003,65.5,19.1,33.8,24.9,66.89999999999999,30.64842021914147,13.37563689028482,59.99162933181247,100.0
646,-1.9808476679035607,75.0,29.15,10.385945192331032,5734.815763303777,5391,4.0,4,27.77777777777778,100.0,13,0.014882757131102944,52.54999999999998,67.19999999999999,29.15,68.14999999999999,24.000000000000004,70.19999999999999,19.149999999999995,54.29999999999999,10.530565528703542,64.77945846893515,26.539911400759593,16.022472065718222
647,1.9688272926481973,70.0,31.2125,13.625866457692709,3931.512803802616,5405,4.0,4,29.411764705882355,100.0,12,0.014734634374462246,55.05263157894738,68.63157894736844,29.47368421052631,72.52631578947368,27.84210526315789,54.421052631578945,17.105263157894733,46.63157894736843,22.55736307478011,13.273676492514953,24.55852228657542,61.8246787123748
648,-19.615714116063966,80.0,32.368421052631575,14.535684682395031,4704.963826473288,5421,4.0,4,25.0,100.0,12,0.01458798583061973,56.61111111111112,72.05555555555557,24.11111111111111,73.0,43.55555555555555,61.55555555555555,17.333333333333336,48.11111111111112,34.56031749774411,32.57595280647365,10.092977870044706,72.34226087402931
649,5.218297600325976,15.0,35.40277777777778,17.07138133996692,6505.740810833231,5424,4.0,4,99,100.0,1,0.014558831733644159,55.33333333333332,68.33333333333333,7.666666666666666,9.666666666666668,27.999999999999996,42.333333333333336,12.0,21.0,16.97948932996951,41.7700493397812,100.0,100.0
650,-20.59504264076094,70.0,25.75,19.224443236731172,9668.168513662144,5438,4.0,4,15.384615384615385,100.0,11,0.014413932890583108,51.066666666666684,69.86666666666666,28.733333333333338,57.666666666666664,29.2,62.66666666666668,8.8,19.0,34.461477781587746,17.136955996102188,11.368347288225777,57.28862328833202
651,4.740565031657175,45.0,29.45,15.898803326993797,4807.217511199997,5447,4.0,4,23.52941176470588,100.0,13,0.014270476173861903,43.57894736842105,61.15789473684211,29.78947368421052,52.6842105263158,21.31578947368421,53.21052631578947,21.789473684210524,59.89473684210527,51.013712670343615,69.86492766752943,16.61264900758397,100.0
652,-31.52465447691612,75.0,29.118421052631582,10.590391943137641,4893.72549442219,5462,4.0,4,12.5,100.0,14,0.014128447230513073,59.38888888888889,78.11111111111111,32.66666666666667,68.27777777777779,36.27777777777778,67.5,21.111111111111114,53.8888888888889,49.26716559624765,39.78722200011058,14.169861327779168,22.321165868391592
653,-2.390142261861568,65.0,37.361111111111114,14.392093330331452,3805.5211392776173,5475,4.0,4,41.66666666666667,100.0,7,0.014015842518699775,39.28571428571429,61.285714285714285,20.64285714285714,50.78571428571428,17.42857142857143,39.71428571428571,8.857142857142856,14.357142857142854,40.384602767881006,23.728074148843568,115.54460469073652,103.62032138420126
654,7.20388393165307,15.0,21.55357142857143,12.709003366952329,13115.074012785044,5478,4.0,4,100.0,100,0,0.013987831850419111,31.666666666666664,41.333333333333336,26.0,69.0,26.0,69.0,1.0,1.0,43.05664366305185,85.25556400127243,100.0,100.0
655,-13.344234197062555,85.0,21.166666666666668,12.281655447425049,4874.821796998731,5495,4.0,4,35.294117647058826,100.0,11,0.013848615964890714,48.63157894736843,66.21052631578947,20.368421052631582,51.421052631578945,27.94736842105263,69.05263157894737,5.157894736842106,13.736842105263158,22.237571645596557,171.3602792355232,16.71908923513804,11.207576763220406
656,-26.6046555726014,95.0,25.52631578947368,16.33365071384892,5711.228917578027,5514,4.0,4,35.294117647058826,100.0,11,0.013710785645259215,30.6842105263158,59.578947368421055,14.315789473684209,33.368421052631575,21.947368421052627,49.10526315789473,9.63157894736842,29.42105263157895,358.7560884234814,158.39194210252333,105.410124629883,53.03686105640066
657,-35.511897021480095,95.0,19.14473684210526,9.2063710897544,21220.99909442094,5533,4.0,4,94.44444444444444,100.0,1,0.013574327101482996,15.299999999999999,31.65,8.0,18.0,9.6,26.699999999999996,2.9500000000000006,6.8500000000000005,2691.064859893614,1176.994494264976,1869.7224330521606,100.0
658,3.611510415361616,40.0,8.9625,5.997321279759705,50888.42074369895,5541,4.0,4,50.0,100.0,3,0.01350660797371863,55.125,66.75,16.0,36.5,11.375,25.5,1.0,1.0,57.584209247579565,35.091838496009586,80.34743625066767,100.0
659,8.568623948915528,10.0,20.875,21.152501154853464,9434.731461371484,5543,4.0,4,100.0,100,0,0.013493104742396907,44.5,55.00000000000001,25.0,55.00000000000001,26.0,69.0,1.0,1.0,53.903023996099364,100.0,100.0,100.0
660,6.435896129939011,15.0,24.125000000000004,15.522934184741203,5721.742682995682,5546,4.0,4,100.0,100,0,0.013466138765823522,54.0,71.66666666666667,17.0,37.00000000000001,26.0,69.0,15.0,48.0,44.464027332530044,100.0,100.0,17.592074000276625
661,-1.2870261443578155,35.0,28.000000000000004,16.111603110767188,12668.778257997474,5553,4.0,4,60.0,100.0,2,0.013398959364240083,41.857142857142854,59.285714285714285,8.142857142857142,13.85714285714286,12.285714285714286,32.42857142857142,7.8571428571428585,23.714285714285715,87.43056342937052,91.15618185855315,44.633242001457674,100.0
662,-18.37366454819238,95.0,17.535714285714292,15.211553007090819,14439.325724570414,5572,4.0,4,35.294117647058826,100.0,11,0.01326560431586668,36.89473684210527,57.10526315789475,20.263157894736842,48.1578947368421,21.947368421052634,65.57894736842104,10.052631578947368,16.73684210526316,81.04437200006367,50.33146300104961,50.29849115679482,97.01014231541194
