episode,total_reward,success_rate,avg_util,avg_imbalance,avg_response_time,constraint_violations,projections,deployed_pods,avg_available_nodes,min_available_nodes,safety_compliance_rate,minikube_avg_cpu,minikube-m02_avg_cpu,minikube-m03_avg_cpu,minikube-m04_avg_cpu,minikube_avg_mem,minikube-m02_avg_mem,minikube-m03_avg_mem,minikube-m04_avg_mem,minikube_avg_rt,minikube-m02_avg_rt,minikube-m03_avg_rt,minikube-m04_avg_rt,epsilon
1,0,0,0,0,0,0,0,20,4,4,60.0,33.50000000000001,14.649999999999999,9.150000000000002,16.799999999999997,82.2,40.099999999999994,19.2,44.800000000000004,51.46576545002972,51.46576545002972,51.46576545002972,51.46576545002972,0.0
2,200.0,100.0,18.525000000000006,9.696798014542942,4157.043585250084,8,8,28,4.0,4,62.5,35.0,28.125,11.000000000000002,24.0,82.0,61.5,23.625,85.5,691.6904661248964,691.6904661248964,691.6904661248964,691.6904661248964,0.0
3,80.0,100.0,24.53125,9.656865937977678,5451.38975524992,3,3,40,4.0,4,66.66666666666667,24.583333333333336,29.833333333333336,10.000000000000002,18.75,52.75,51.916666666666664,21.0,56.75,14.327944166855863,14.327944166855863,14.327944166855863,14.327944166855863,0.0
4,120.0,100.0,20.791666666666668,9.310021313231708,7056.759136749936,4,4,52,4.0,4,41.666666666666664,38.166666666666664,25.33333333333333,1.5833333333333335,15.583333333333337,89.16666666666667,66.33333333333334,2.083333333333333,32.5,40.82202058308818,40.82202058308818,40.82202058308818,40.82202058308818,0.0
5,114.41356746506344,100.0,20.166666666666668,14.380846037526352,5405.843936916881,7,7,52,4.0,4,100.0,0.0
6,0,0,0,0,0,0,0,56,4,4,50.0,36.5,36.0,10.25,14.000000000000002,83.50000000000001,99.0,19.25,38.0,12.284521249739555,12.284521249739555,12.284521249739555,12.284521249739555,0.0
7,38.206118970548005,100.0,24.187499999999996,12.403404190115083,4129.970166750127,2,2,63,4.0,4,28.57142857142857,31.571428571428577,27.571428571428573,17.0,12.0,74.85714285714286,71.85714285714286,35.0,48.0,42.29202342854218,42.29202342854218,42.29202342854218,42.29202342854218,0.0
8,70.0,100.0,22.03571428571429,9.312534861772473,11670.980156142832,5,5,83,4.0,4,70.0,35.449999999999996,18.650000000000006,21.1,17.85,67.65,57.49999999999999,39.099999999999994,40.05,15.496309150057641,15.496309150057641,15.496309150057641,15.496309150057641,0.0
9,200.0,100.0,23.26250000000001,8.09289088383706,6043.919679300097,6,6,86,4.0,4,33.33333333333334,34.0,24.0,27.0,22.666666666666664,55.00000000000001,85.66666666666666,55.333333333333336,55.333333333333336,31.69486633305496,31.69486633305496,31.69486633305496,31.69486633305496,0.0
10,30.0,100.0,26.91666666666667,4.581237153648187,10681.280706000203,2,2,102,4.0,4,62.5,17.812499999999996,19.374999999999996,11.0,14.6875,29.75,58.74999999999999,20.1875,37.9375,30.73662337510541,30.73662337510541,30.73662337510541,30.73662337510541,0.0
11,160.0,100.0,15.71875,8.321804733493009,9942.416296999909,6,6,111,4.0,4,44.44444444444444,37.888888888888886,23.77777777777778,6.444444444444445,1.666666666666667,68.11111111111111,67.88888888888889,11.11111111111111,2.111111111111111,33.49894900000234,33.49894900000234,33.49894900000234,33.49894900000234,0.0
12,82.83184039041943,100.0,17.444444444444443,15.146786567910475,13203.449160777885,5,5,117,4.0,4,66.66666666666667,26.166666666666664,29.33333333333333,11.0,3.6666666666666674,39.5,81.33333333333334,29.666666666666668,6.333333333333334,48.54222216651275,48.54222216651275,48.54222216651275,48.54222216651275,0.0
13,57.71104180992469,100.0,17.541666666666668,11.373471916517836,10038.945226666783,2,2,119,4.0,4,100.0,21.0,7.500000000000001,12.0,8.0,45.0,12.5,48.0,14.000000000000002,396.04662200008534,396.04662200008534,396.04662200008534,396.04662200008534,0.0
14,20.0,100.0,12.125,5.415935326996227,44152.779149999784,0,0,125,4.0,4,100.0,20.0,14.666666666666664,2.0,12.833333333333332,31.0,34.66666666666667,2.666666666666667,35.833333333333336,31.29691333348698,31.29691333348698,31.29691333348698,31.29691333348698,0.0
15,60.0,100.0,12.375000000000002,7.266789726916113,10317.98896633336,0,0,145,4.0,4,55.0,34.65,21.199999999999996,2.8000000000000003,18.299999999999997,70.15,60.85,6.6000000000000005,44.9,39.137041850062815,39.137041850062815,39.137041850062815,39.137041850062815,0.0
16,194.8291400286276,100.0,19.2375,12.632877829073735,10573.295442799918,9,9,149,4.0,4,75.0,32.49999999999999,30.0,20.0,7.750000000000002,75.0,89.0,55.00000000000001,13.5,19.31907499965746,19.31907499965746,19.31907499965746,19.31907499965746,0.0
17,40.0,100.0,22.562500000000004,9.83786663014774,7376.002051999876,1,1,155,4.0,4,50.0,30.33333333333333,12.666666666666668,14.000000000000002,8.5,62.66666666666666,40.5,34.66666666666667,17.666666666666668,23.13696099993952,23.13696099993952,23.13696099993952,23.13696099993952,0.0
18,60.0,100.0,16.374999999999996,9.255894174579737,16126.278892000148,3,3,169,4.0,4,42.85714285714286,31.78571428571429,26.571428571428573,15.500000000000004,0.9999999999999999,66.35714285714286,69.57142857142856,52.42857142857144,0.9999999999999999,19.151557428553392,19.151557428553392,19.151557428553392,19.151557428553392,0.0
19,137.54049837061922,100.0,18.714285714285715,12.361161012064446,8002.684278071359,8,8,180,4.0,4,63.63636363636363,37.36363636363637,14.545454545454547,4.090909090909091,0.9999999999999999,69.18181818181819,38.45454545454546,9.545454545454545,0.9999999999999999,19.50532672725041,19.50532672725041,19.50532672725041,19.50532672725041,0.0
20,103.00471455868784,100.0,14.249999999999998,14.739314789488702,8857.400006454554,4,4,190,4.0,4,30.0,39.800000000000004,13.4,11.7,0.9999999999999999,71.6,36.8,36.3,0.9999999999999999,16.22716970023248,16.22716970023248,16.22716970023248,16.22716970023248,0.0
21,94.66941932421913,100.0,16.474999999999998,14.75602743898577,9030.530645600176,7,7,206,4.0,4,43.75,44.06250000000001,9.9375,12.687500000000002,1.0,82.1875,36.0625,25.999999999999996,1.0,18.712050999965868,18.712050999965868,18.712050999965868,18.712050999965868,0.0
22,141.34142603061417,100.0,16.921875000000004,16.84751628163497,7767.6585753749805,9,9,213,4.0,4,71.42857142857143,21.714285714285715,18.71428571428572,16.0,1.8571428571428572,28.142857142857142,66.71428571428571,33.0,2.428571428571429,16.864854714315566,16.864854714315566,16.864854714315566,16.864854714315566,0.0
23,70.0,100.0,14.571428571428571,8.349557140022121,10071.28224399977,2,2,228,4.0,4,66.66666666666667,32.866666666666674,6.533333333333332,2.5333333333333337,6.200000000000003,65.8,12.000000000000002,4.133333333333334,9.66666666666667,57.82909920004992,57.82909920004992,57.82909920004992,57.82909920004992,0.0
24,148.16900493672992,100.0,12.033333333333335,12.54791076157716,10651.365111466595,5,5,244,4.0,4,31.25,42.00000000000001,13.8125,1.0,9.9375,82.75000000000001,36.68749999999999,1.0,39.1875,17.271323874979316,17.271323874979316,17.271323874979316,17.271323874979316,0.0
25,149.95375362315778,100.0,16.6875,15.573576931431814,10863.685728687471,11,11,244,4.0,4,100.0,0.0
26,0,0,0,0,0,0,0,262,4,4,66.66666666666667,36.44444444444444,9.388888888888888,2.0000000000000004,1.0000000000000002,59.833333333333336,27.166666666666668,3.2222222222222223,1.0000000000000002,16.09181822206867,16.09181822206867,16.09181822206867,16.09181822206867,0.0
27,167.459212389787,100.0,12.208333333333336,14.746593039379475,10008.701965944309,6,6,269,4.0,4,57.142857142857146,43.00000000000001,4.0,1.0,1.0,69.42857142857142,6.714285714285714,1.0,1.0,15.665795714344963,15.665795714344963,15.665795714344963,15.665795714344963,0.0
28,60.80255837813929,100.0,12.250000000000002,18.001462387918323,11648.484923571361,3,3,276,4.0,4,28.57142857142857,43.28571428571429,19.857142857142858,1.0,1.0,90.71428571428572,40.0,1.0,1.0,14.712917571419634,14.712917571419634,14.712917571419634,14.712917571419634,0.0
29,59.01233856347678,100.0,16.285714285714285,17.495274608367183,9677.876684856918,5,5,290,4.0,4,50.0,34.785714285714285,6.857142857142858,7.214285714285714,0.9999999999999999,68.92857142857143,17.928571428571423,12.428571428571429,0.9999999999999999,55.400260571592035,55.400260571592035,55.400260571592035,55.400260571592035,0.0
30,130.2833475731126,100.0,12.464285714285717,13.6246606332593,15370.49499778576,7,7,310,4.0,4,44.99999999999999,36.6,3.8999999999999995,9.700000000000001,1.1500000000000001,72.75,7.1,25.549999999999994,1.4500000000000002,435.37281214994437,435.37281214994437,435.37281214994437,435.37281214994437,0.0
31,181.8559754094359,100.0,12.837499999999999,14.903282148719216,21886.38870489999,11,11,330,4.0,4,25.0,35.699999999999996,6.950000000000002,2.5,1.0000000000000002,77.70000000000002,13.200000000000001,3.4999999999999996,1.0000000000000002,413.6696090001351,413.6696090001351,413.6696090001351,413.6696090001351,0.0
32,190.1689900287738,100.0,11.537500000000001,14.27944858969617,16769.44433464996,15,15,349,4.0,4,68.42105263157895,33.26315789473684,9.684210526315791,17.631578947368425,1.0000000000000002,65.31578947368422,18.89473684210526,44.05263157894737,1.0000000000000002,31.132354263287485,31.132354263287485,31.132354263287485,31.132354263287485,0.0
33,189.17420933150154,100.0,15.394736842105264,12.449208365877249,10156.559171526358,6,6,363,4.0,4,14.285714285714292,35.785714285714285,11.5,9.571428571428573,0.9999999999999999,85.35714285714285,20.285714285714285,31.85714285714285,0.9999999999999999,23.316005928661202,23.316005928661202,23.316005928661202,23.316005928661202,0.0
34,136.50549715762364,100.0,14.464285714285715,13.49766040371103,10001.269910928777,12,12,382,4.0,4,42.10526315789473,32.84210526315789,2.473684210526316,15.526315789473689,1.0000000000000002,77.73684210526316,4.368421052631579,37.99999999999999,1.0000000000000002,42.42879315805974,42.42879315805974,42.42879315805974,42.42879315805974,0.0
35,180.1795463864697,100.0,12.960526315789474,13.239555908390049,9774.463484578902,11,11,400,4.0,4,27.777777777777786,35.05555555555556,14.388888888888888,10.111111111111112,1.0000000000000002,77.66666666666667,47.05555555555555,28.333333333333343,1.0000000000000002,20.20040472254752,20.20040472254752,20.20040472254752,20.20040472254752,0.0
36,172.65988460050343,100.0,15.138888888888888,13.44593316218532,8475.000536222271,13,13,409,4.0,4,44.44444444444444,40.33333333333333,5.444444444444444,12.000000000000002,1.0,74.1111111111111,16.11111111111111,48.00000000000001,1.0,30.7059851109241,30.7059851109241,30.7059851109241,30.7059851109241,0.0
37,84.76333589940752,100.0,14.694444444444443,15.475522504527293,10634.113603666668,5,5,425,4.0,4,12.5,40.125,6.625,3.6249999999999996,1.0,86.6875,20.125,5.875000000000001,1.0,18.857446750303097,18.857446750303097,18.857446750303097,18.857446750303097,0.0
38,143.31857885130358,100.0,12.843750000000002,16.04904946006539,8111.279520749804,14,14,441,4.0,4,50.0,33.3125,6.937500000000001,5.0625,1.1875,62.0625,19.0625,9.062500000000002,1.5625,120.68389624994325,120.68389624994325,120.68389624994325,120.68389624994325,0.0
39,154.5629868795715,100.0,11.625000000000002,13.196483094110045,15448.932517125057,8,8,458,4.0,4,11.764705882352942,44.76470588235294,1.0,1.0,1.0,86.47058823529412,1.0,1.0,1.0,18.730953235289608,18.730953235289608,18.730953235289608,18.730953235289608,0.0
40,134.67762318101558,100.0,11.941176470588237,18.950673541635954,6128.789411705785,15,15,470,4.0,4,8.333333333333343,46.0,0.9999999999999999,2.0,0.9999999999999999,88.08333333333334,0.9999999999999999,2.666666666666667,0.9999999999999999,37.986434166820494,37.986434166820494,37.986434166820494,37.986434166820494,0.0
41,94.08482135267107,100.0,12.5,19.367972327345452,5648.819187917222,11,11,490,4.0,4,10.0,42.65,2.0500000000000003,6.700000000000002,1.0000000000000002,83.6,2.9500000000000006,13.499999999999998,1.0000000000000002,12.990303349852184,12.990303349852184,12.990303349852184,12.990303349852184,0.0
42,174.40175725173287,100.0,13.100000000000003,17.333594183165125,4628.199483249864,18,18,499,4.0,4,0.0,50.0,1.0,10.0,1.0,99.0,1.0,21.0,1.0,10.895503666082126,10.895503666082126,10.895503666082126,10.895503666082126,0.0
43,66.06172272264557,100.0,15.5,20.254629100529094,3494.4817726672127,9,9,506,4.0,4,0.0,47.42857142857143,1.0,10.0,1.0,93.28571428571429,1.0,21.0,1.0,11.74932057100315,11.74932057100315,11.74932057100315,11.74932057100315,0.0
44,55.11995603341275,100.0,14.857142857142858,19.16398683702871,5287.420777571761,7,7,521,4.0,4,6.666666666666671,44.60000000000001,1.0,8.933333333333335,1.0,97.06666666666666,1.0,27.266666666666666,1.0,11.526546533180712,11.526546533180712,11.526546533180712,11.526546533180712,0.0
45,119.7859089372493,100.0,13.883333333333336,18.103877660283107,4864.819455866746,14,14,537,4.0,4,12.5,45.1875,1.0,13.750000000000002,1.0,90.4375,1.0,46.75,1.0,11.262607937396751,11.262607937396751,11.262607937396751,11.262607937396751,0.0
46,130.51694836611082,100.0,15.234375,18.131537812793752,3689.271001312477,14,14,537,4.0,4,100.0,0.0
47,0,0,0,0,0,0,0,551,4,4,0.0,55.71428571428573,0.9999999999999999,12.571428571428573,0.9999999999999999,95.2857142857143,0.9999999999999999,48.57142857142858,0.9999999999999999,13.84639678547371,13.84639678547371,13.84639678547371,13.84639678547371,0.0
48,96.03959052697769,100.0,17.57142857142857,22.668093630709908,6407.6586162856465,14,14,558,4.0,4,14.285714285714292,45.28571428571429,1.0,1.0,1.0,80.85714285714286,1.0,1.0,1.0,121.67847785687107,121.67847785687107,121.67847785687107,121.67847785687107,0.0
49,57.396537707150614,100.0,12.071428571428573,19.176276798084,10792.983890999883,6,6,576,4.0,4,22.222222222222214,46.5,2.2222222222222223,4.0,1.0000000000000002,88.72222222222221,6.222222222222221,7.666666666666666,1.0000000000000002,37.949970944383594,37.949970944383594,37.949970944383594,37.949970944383594,0.0
50,144.24792016688755,100.0,13.430555555555557,19.225643338493338,5664.237237222045,14,14,594,4.0,4,11.111111111111114,47.888888888888886,1.0000000000000002,10.111111111111112,1.0000000000000002,92.72222222222223,1.0000000000000002,22.499999999999996,1.0000000000000002,16.010360277808406,16.010360277808406,16.010360277808406,16.010360277808406,0.0
51,140.40274718315277,100.0,15.000000000000002,19.35794125683868,4368.106744166956,16,16,606,4.0,4,41.666666666666664,43.99999999999999,7.666666666666666,12.000000000000004,0.9999999999999999,69.25,23.666666666666668,48.000000000000014,0.9999999999999999,11.288806416966205,11.288806416966205,11.288806416966205,11.288806416966205,0.0
52,112.38451339118153,100.0,16.166666666666664,16.67079847946916,5029.622998749953,7,7,625,4.0,4,0.0,57.42105263157895,11.000000000000002,9.68421052631579,1.0000000000000002,95.05263157894734,34.99999999999999,38.10526315789473,1.0000000000000002,11.162772474084417,11.162772474084417,11.162772474084417,11.162772474084417,0.0
53,140.25899439531253,100.0,19.776315789473685,22.14998724725982,3662.1101321577858,19,19,640,4.0,4,6.666666666666671,57.466666666666676,1.666666666666667,1.0,1.0,87.80000000000001,3.266666666666667,1.0,1.0,12.032316066809775,12.032316066809775,12.032316066809775,12.032316066809775,0.0
54,102.07770352116164,100.0,15.283333333333331,24.38177676907914,4807.911737733472,14,14,647,4.0,4,0.0,56.57142857142857,1.0,1.0,1.0,86.14285714285714,1.0,1.0,1.0,10.424238285330441,10.424238285330441,10.424238285330441,10.424238285330441,0.0
55,48.030898081698155,100.0,14.892857142857144,24.063134433724763,4057.950618856921,7,7,660,4.0,4,0.0,59.23076923076923,0.9999999999999999,0.9999999999999999,0.9999999999999999,91.46153846153847,0.9999999999999999,0.9999999999999999,0.9999999999999999,11.557188846172021,11.557188846172021,11.557188846172021,11.557188846172021,0.0
56,84.70109796713231,100.0,15.557692307692312,25.2146627178777,4068.1186049234666,13,13,675,4.0,4,0.0,54.06666666666666,1.0,1.0,1.0,87.40000000000002,1.0,1.0,1.0,13.53524333317182,13.53524333317182,13.53524333317182,13.53524333317182,0.0
57,106.10213603360995,100.0,14.266666666666666,22.978540713747098,6490.692261399818,15,15,679,4.0,4,0.0,54.0,1.0,1.0,1.0,89.0,1.0,1.0,1.0,12.767832999543316,12.767832999543316,12.767832999543316,12.767832999543316,0.0
58,27.831397275827843,100.0,14.250000000000002,22.949673200287624,3322.435895000126,4,4,688,4.0,4,11.111111111111114,48.33333333333334,1.0,4.0,1.0,84.66666666666669,1.0,7.666666666666666,1.0,11.00258177797918,11.00258177797918,11.00258177797918,11.00258177797918,0.0
59,71.60277185541872,100.0,13.583333333333336,20.20530855764852,3786.206155110954,8,8,702,4.0,4,0.0,45.142857142857146,0.9999999999999999,10.000000000000002,0.9999999999999999,92.21428571428572,0.9999999999999999,21.0,0.9999999999999999,10.258738642733078,10.258738642733078,10.258738642733078,10.258738642733078,0.0
60,114.73641710818362,100.0,14.285714285714288,18.197993551135454,4589.1354550713,14,14,713,4.0,4,9.090909090909093,44.72727272727273,2.9999999999999996,5.909090909090909,0.9999999999999999,96.45454545454545,9.545454545454545,11.90909090909091,0.9999999999999999,15.687511818131581,15.687511818131581,15.687511818131581,15.687511818131581,0.0
61,87.65389684637952,100.0,13.65909090909091,18.251530958050978,5474.787774545554,10,10,713,4.0,4,100.0,0.0
62,0,0,0,0,0,0,0,725,4,4,0.0,47.08333333333334,12.000000000000004,0.9999999999999999,0.9999999999999999,91.08333333333333,48.000000000000014,0.9999999999999999,0.9999999999999999,14.873645417234608,14.873645417234608,14.873645417234608,14.873645417234608,0.0
63,95.41773233495427,100.0,15.270833333333334,18.91324711086151,5700.786015916644,12,12,727,4.0,4,0.0,49.0,12.0,1.0,1.0,92.0,48.0,1.0,1.0,15.026917500108539,15.026917500108539,15.026917500108539,15.026917500108539,0.0
64,15.350164228993144,100.0,15.75,19.715159142142376,3148.922763999508,2,2,729,4.0,4,0.0,49.0,1.0,1.0,1.0,92.0,1.0,1.0,1.0,16.571484999076347,16.571484999076347,16.571484999076347,16.571484999076347,0.0
65,14.61816776582906,100.0,13.0,20.784609690826528,4275.66044500054,2,2,744,4.0,4,6.666666666666671,48.80000000000001,6.133333333333334,1.0,1.0,90.66666666666667,22.933333333333334,1.0,1.0,11.634531400098544,11.634531400098544,11.634531400098544,11.634531400098544,0.0
66,113.2146499208019,100.0,14.23333333333333,20.201364964447492,3568.926273466665,14,14,749,4.0,4,0.0,43.4,16.4,1.0,1.0,90.8,67.19999999999999,1.0,1.0,11.392160799732665,11.392160799732665,11.392160799732665,11.392160799732665,0.0
67,40.82185775541632,100.0,15.450000000000003,17.437368343137415,6188.219828399815,5,5,767,4.0,4,5.555555555555557,45.27777777777778,21.166666666666668,1.0000000000000002,1.0000000000000002,93.00000000000001,88.05555555555556,1.0000000000000002,1.0000000000000002,18.244637222071308,18.244637222071308,18.244637222071308,18.244637222071308,0.0
68,136.0336898319075,100.0,17.111111111111114,18.393455289801157,5346.777576333504,17,17,787,4.0,4,15.0,43.949999999999996,7.949999999999998,1.9000000000000004,1.0000000000000002,85.4,29.099999999999998,3.0,1.0000000000000002,15.851194949937053,15.851194949937053,15.851194949937053,15.851194949937053,0.0
69,163.41174810549813,100.0,13.699999999999998,18.199739953293776,5960.56577829977,17,17,804,4.0,4,0.0,45.1764705882353,23.0,1.0,1.0,97.8235294117647,96.0,1.0,1.0,13.090741117647507,13.090741117647507,13.090741117647507,13.090741117647507,0.0
70,126.39573670591109,100.0,17.544117647058826,18.314529809118138,3899.7235718824786,17,17,812,4.0,4,0.0,44.125,10.625000000000002,1.0,1.0,88.625,42.5,1.0,1.0,14.75587437471404,14.75587437471404,14.75587437471404,14.75587437471404,0.0
71,63.9477087115915,100.0,14.187500000000004,18.265321292908887,6573.401615875355,8,8,828,4.0,4,12.5,52.5625,1.0,1.0,1.0,89.9375,1.0,1.0,1.0,66.68904487526106,66.68904487526106,66.68904487526106,66.68904487526106,0.0
72,113.39963309767913,100.0,13.890625,22.327217441317558,5212.1157515624645,14,14,834,4.0,4,33.33333333333334,46.666666666666664,11.000000000000004,1.0,1.0,85.0,26.333333333333332,1.0,1.0,12.874987333210205,12.874987333210205,12.874987333210205,12.874987333210205,0.0
73,49.37181971733201,100.0,14.91666666666667,19.079494991674824,7654.569226832791,4,4,853,4.0,4,15.789473684210535,40.94736842105263,12.526315789473683,1.0000000000000002,1.0000000000000002,79.10526315789474,34.1578947368421,1.0000000000000002,1.0000000000000002,13.207338579090184,13.207338579090184,13.207338579090184,13.207338579090184,0.0
74,167.62251864496102,100.0,13.868421052631577,16.700290903204387,4978.085780579166,16,16,869,4.0,4,6.25,48.8125,2.125,1.0,1.0,96.875,3.4999999999999996,1.0,1.0,11.880030062570768,11.880030062570768,11.880030062570768,11.880030062570768,0.0
75,115.82333845684315,100.0,13.234374999999998,20.58304564769803,3999.875869937682,15,15,875,4.0,4,16.666666666666657,44.0,1.0,3.3333333333333335,1.0,89.0,1.0,5.333333333333334,1.0,11.496416166664858,11.496416166664858,11.496416166664858,11.496416166664858,0.0
76,48.51260228698482,100.0,12.333333333333334,18.359551712547383,2982.520839999779,5,5,875,4.0,4,100.0,0.0
77,0,0,0,0,0,0,0,890,4,4,46.666666666666664,42.40000000000001,13.466666666666665,8.0,1.0,64.8,54.666666666666664,14.000000000000007,1.0,11.14115993307981,11.14115993307981,11.14115993307981,11.14115993307981,0.0
78,136.7826423388317,100.0,16.216666666666665,16.11202725230842,4499.495846666711,8,8,901,4.0,4,0.0,57.272727272727266,23.0,6.7272727272727275,0.9999999999999999,94.45454545454545,96.00000000000001,11.636363636363638,0.9999999999999999,11.510493909141092,11.510493909141092,11.510493909141092,11.510493909141092,0.0
79,73.88080066917989,100.0,22.0,21.934022843449323,4245.728083273041,11,11,904,4.0,4,0.0,56.00000000000001,23.0,1.0,1.0,92.33333333333333,96.0,1.0,1.0,10.128917666709944,10.128917666709944,10.128917666709944,10.128917666709944,0.0
80,19.50994880883342,100.0,20.25,22.51485542760111,4427.26180200043,3,3,919,4.0,4,13.333333333333329,50.46666666666666,8.333333333333332,1.0,1.0,86.73333333333333,32.466666666666654,1.0,1.0,10.635602733358004,10.635602733358004,10.635602733358004,10.635602733358004,0.0
81,112.63947020598124,100.0,15.2,20.86161656958345,5152.90918906685,13,13,928,4.0,4,11.111111111111114,54.77777777777777,8.0,1.0,1.0,96.11111111111111,16.555555555555557,1.0,1.0,11.5725751111313,11.5725751111313,11.5725751111313,11.5725751111313,0.0
82,62.313704495191956,100.0,16.194444444444443,22.51407099401775,3603.1008504449146,8,8,928,4.0,4,100.0,0.0
83,0,0,0,0,0,0,0,943,4,4,6.666666666666671,52.400000000000006,13.73333333333333,1.0,1.0,88.06666666666668,28.46666666666667,1.0,1.0,29.369793666774058,29.369793666774058,29.369793666774058,29.369793666774058,0.0
84,113.2023379791356,100.0,17.033333333333335,21.128555875103526,5993.45807406656,14,14,951,4.0,4,25.0,47.75,9.5,1.0,1.0,84.5,20.0,1.0,1.0,11.346050625434145,11.346050625434145,11.346050625434145,11.346050625434145,0.0
85,64.8949528965474,100.0,14.8125,19.39947476946125,5379.140223999684,6,6,951,4.0,4,100.0,0.0
86,0,0,0,0,0,0,0,970,4,4,5.26315789473685,49.94736842105262,19.157894736842106,1.0000000000000002,1.0000000000000002,93.05263157894738,62.73684210526316,1.0000000000000002,1.0000000000000002,15.206741157893894,15.206741157893894,15.206741157893894,15.206741157893894,0.0
87,141.93401769730133,100.0,17.776315789473685,20.033515943456237,4626.542032683957,18,18,978,4.0,4,12.5,53.625,12.75,1.0,1.0,88.875,32.99999999999999,1.0,1.0,19.33203450016663,19.33203450016663,19.33203450016663,19.33203450016663,0.0
88,58.41749446946547,100.0,17.093750000000004,21.713443026540887,4457.843614375179,7,7,978,4.0,4,100.0,0.0
89,0,0,0,0,0,0,0,992,4,4,0.0,44.2857142857143,12.642857142857148,0.9999999999999999,0.9999999999999999,94.14285714285715,49.500000000000014,0.9999999999999999,0.9999999999999999,14.628337714124687,14.628337714124687,14.628337714124687,14.628337714124687,0.0
90,114.41200076352213,100.0,14.732142857142858,17.754360768831443,6240.854147928466,14,14,994,4.0,4,0.0,38.0,6.5,1.0,1.0,89.0,24.5,1.0,1.0,13.180257999920286,13.180257999920286,13.180257999920286,13.180257999920286,0.0
91,18.15592148501044,100.0,11.625,15.568843213921546,6675.600222501089,2,2,1012,4.0,4,5.555555555555557,39.33333333333333,1.0000000000000002,1.0000000000000002,1.0000000000000002,85.22222222222221,1.0000000000000002,1.0000000000000002,1.0000000000000002,18.133882444494198,18.133882444494198,18.133882444494198,18.133882444494198,0.0
92,156.93847381176622,100.0,10.583333333333336,16.598820239201743,6640.41500322239,17,17,1032,4.0,4,0.0,50.55,1.0000000000000002,1.0000000000000002,1.0000000000000002,89.85000000000001,1.0000000000000002,1.0000000000000002,1.0000000000000002,26.206570900285442,26.206570900285442,26.206570900285442,26.206570900285442,0.0
93,145.53446213325535,100.0,13.387500000000003,21.455779378759466,6100.2364685999055,20,20,1049,4.0,4,17.64705882352942,45.588235294117645,1.2352941176470589,1.5294117647058825,1.1764705882352942,78.47058823529413,1.7058823529411766,2.4705882352941178,1.5294117647058825,99.55106082356103,99.55106082356103,99.55106082356103,99.55106082356103,0.0
94,135.83853750494637,100.0,12.382352941176471,19.289225862966287,9692.369831588352,14,14,1069,4.0,4,5.0,50.55,1.0000000000000002,1.0000000000000002,1.0000000000000002,86.75,1.0000000000000002,1.0000000000000002,1.0000000000000002,26.89505750004173,26.89505750004173,26.89505750004173,26.89505750004173,0.0
95,147.59682792717348,100.0,13.387499999999996,21.45577937875947,7740.251634299968,19,19,1088,4.0,4,0.0,46.63157894736842,1.0000000000000002,1.0000000000000002,1.0000000000000002,92.26315789473682,1.0000000000000002,1.0000000000000002,1.0000000000000002,13.037038473780022,13.037038473780022,13.037038473780022,13.037038473780022,0.0
96,144.8509102829274,100.0,12.407894736842103,19.75905329160811,4572.534636210261,19,19,1094,4.0,4,50.0,44.0,1.0,1.0,1.0,67.83333333333333,1.0,1.0,1.0,13.306957832962022,13.306957832962022,13.306957832962022,13.306957832962022,0.0
97,52.24649614024324,100.0,11.75,18.619546181365433,5085.268431333134,3,3,1099,4.0,4,0.0,48.8,1.0,1.0,1.0,76.0,1.0,1.0,1.0,13.395279399628635,13.395279399628635,13.395279399628635,13.395279399628635,0.0
98,39.71848202798533,100.0,12.950000000000001,20.698007150448085,3937.250998200034,5,5,1111,4.0,4,8.333333333333343,56.83333333333332,0.9999999999999999,0.9999999999999999,0.9999999999999999,88.41666666666667,0.9999999999999999,0.9999999999999999,0.9999999999999999,15.96157174981272,15.96157174981272,15.96157174981272,15.96157174981272,0.0
99,81.33510941662252,100.0,14.958333333333334,24.17654252231557,5233.856842499942,11,11,1127,4.0,4,0.0,58.12500000000001,1.0,1.0,1.0,89.5625,1.0,1.0,1.0,12.88547737499357,12.88547737499357,12.88547737499357,12.88547737499357,0.0
100,106.83779954302466,100.0,15.281250000000002,24.735850595593032,5428.084700437466,16,16,1141,4.0,4,0.0,52.2857142857143,0.9999999999999999,0.9999999999999999,0.9999999999999999,92.42857142857142,0.9999999999999999,0.9999999999999999,0.9999999999999999,12.448458785911498,12.448458785911498,12.448458785911498,12.448458785911498,0.0
101,98.61457310774772,100.0,13.821428571428571,22.207365711329537,5610.219631428403,14,14,1157,4.0,4,6.25,49.1875,1.0,1.0,1.0,86.5625,1.0,1.0,1.0,14.425531375195533,14.425531375195533,14.425531375195533,14.425531375195533,0.0
102,121.03392339479088,100.0,13.046875000000002,20.86579957243132,6527.04001531265,15,15,1175,4.0,4,0.0,46.44444444444444,1.0000000000000002,1.0000000000000002,1.0000000000000002,87.27777777777777,1.0000000000000002,1.0000000000000002,1.0000000000000002,16.7759678331802,16.7759678331802,16.7759678331802,16.7759678331802,0.0
103,139.96705006425177,100.0,12.36111111111111,19.67802167487974,6942.640364888474,18,18,1188,4.0,4,0.0,48.230769230769226,0.9999999999999999,0.9999999999999999,0.9999999999999999,89.92307692307693,0.9999999999999999,0.9999999999999999,0.9999999999999999,14.377497845998732,14.377497845998732,14.377497845998732,14.377497845998732,0.0
104,97.16148599611508,100.0,12.807692307692308,20.451522997063282,5469.481619615321,13,13,1208,4.0,4,0.0,56.749999999999986,1.0000000000000002,1.0000000000000002,1.0000000000000002,93.09999999999998,1.0000000000000002,1.0000000000000002,1.0000000000000002,12.090945549880416,12.090945549880416,12.090945549880416,12.090945549880416,0.0
105,133.0412594338216,100.0,14.937500000000004,24.140458130491233,4693.083441649924,20,20,1214,4.0,4,16.666666666666657,49.0,1.0,1.0,1.0,76.99999999999999,1.0,1.0,1.0,12.669643499369462,12.669643499369462,12.669643499369462,12.669643499369462,0.0
106,47.88526386262794,100.0,13.0,20.78460969082653,6880.471890833481,5,5,1214,4.0,4,100.0,0.0
107,0,0,0,0,0,0,0,1230,4,4,0.0,55.49999999999999,1.0,1.0,1.0,89.875,1.0,1.0,1.0,12.937936624894064,12.937936624894064,12.937936624894064,12.937936624894064,0.0
108,109.2795568293428,100.0,14.625,23.599192253125953,5042.6012645000355,16,16,1237,4.0,4,0.0,57.99999999999999,1.0,1.0,1.0,99.00000000000001,1.0,1.0,1.0,13.84320457119819,13.84320457119819,13.84320457119819,13.84320457119819,0.0
109,44.33771556437755,100.0,15.25,24.681724007856502,3723.0018072857224,7,7,1253,4.0,4,0.0,45.56249999999999,1.0,1.0,1.0,86.6875,1.0,1.0,1.0,12.07894724984726,12.07894724984726,12.07894724984726,12.07894724984726,0.0
110,126.94456588022251,100.0,12.140625,19.296128528072025,5894.896706812347,16,16,1271,4.0,4,0.0,48.61111111111111,1.0000000000000002,1.0000000000000002,1.0000000000000002,96.55555555555553,1.0000000000000002,1.0000000000000002,1.0000000000000002,11.959714666570815,11.959714666570815,11.959714666570815,11.959714666570815,0.0
111,130.10266380490697,100.0,12.902777777777777,20.616215862312888,4059.102689666765,18,18,1280,4.0,4,0.0,49.33333333333334,1.0,1.0,1.0,97.88888888888889,1.0,1.0,1.0,15.065032000267012,15.065032000267012,15.065032000267012,15.065032000267012,0.0
112,63.931102482377064,100.0,13.083333333333332,20.928947258123934,5812.8308507780785,9,9,1287,4.0,4,0.0,44.0,1.0,1.0,1.0,88.99999999999999,1.0,1.0,1.0,19.64853157161477,19.64853157161477,19.64853157161477,19.64853157161477,0.0
113,55.78387266990539,100.0,11.750000000000002,18.619546181365433,4388.977862571534,7,7,1302,4.0,4,0.0,42.40000000000001,1.0,1.0,1.0,92.86666666666667,1.0,1.0,1.0,122.44709613332816,122.44709613332816,122.44709613332816,122.44709613332816,0.0
114,119.94407938166682,100.0,11.35,17.926725858337882,7851.566425533262,15,15,1321,4.0,4,0.0,38.21052631578947,1.0000000000000002,1.0000000000000002,1.0000000000000002,88.26315789473685,1.0000000000000002,1.0000000000000002,1.0000000000000002,12.324155158095987,12.324155158095987,12.324155158095987,12.324155158095987,0.0
115,167.03043988173238,100.0,10.302631578947368,16.112630538831528,4570.96536736811,19,19,1321,4.0,4,100.0,0.0
116,0,0,0,0,0,0,0,1336,4,4,0.0,44.800000000000004,1.0,1.0,1.0,95.39999999999999,1.0,1.0,1.0,13.87630966649643,13.87630966649643,13.87630966649643,13.87630966649643,0.0
117,115.44910127554664,100.0,11.950000000000003,18.965956342879213,5080.537940200035,15,15,1342,4.0,4,0.0,44.66666666666667,1.0,1.0,1.0,90.33333333333334,1.0,1.0,1.0,11.6342170003918,11.6342170003918,11.6342170003918,11.6342170003918,0.0
118,47.08595371840018,100.0,11.916666666666668,18.908221315960247,4226.7371320000775,6,6,1357,4.0,4,6.666666666666671,49.13333333333333,1.0,1.0,1.0,82.8,1.0,1.0,1.0,42.923346199919855,42.923346199919855,42.923346199919855,42.923346199919855,0.0
119,115.16527136664418,100.0,13.033333333333335,20.842344717745487,5092.632997400021,14,14,1373,4.0,4,0.0,50.25000000000001,1.0,1.0,1.0,87.0625,1.0,1.0,1.0,16.44922012508232,16.44922012508232,16.44922012508232,16.44922012508232,0.0
120,118.47694062820416,100.0,13.3125,21.325875568191805,7359.288719687584,16,16,1393,4.0,4,0.0,49.55,1.0000000000000002,1.0000000000000002,1.0000000000000002,90.20000000000002,1.0000000000000002,1.0000000000000002,1.0000000000000002,13.02115224998488,13.02115224998488,13.02115224998488,13.02115224998488,0.0
121,147.68547741552365,100.0,13.1375,21.02276667686725,5231.287900400184,20,20,1402,4.0,4,0.0,56.00000000000001,1.0,1.0,1.0,92.33333333333333,1.0,1.0,1.0,11.280094111296219,11.280094111296219,11.280094111296219,11.280094111296219,0.0
122,60.43341650709556,100.0,14.750000000000002,23.815698604072054,4540.1076783337985,9,9,1418,4.0,4,6.25,51.37500000000001,1.0,1.0,1.0,87.625,1.0,1.0,1.0,14.267308312582827,14.267308312582827,14.267308312582827,14.267308312582827,0.0
123,116.9057533021793,100.0,13.593750000000002,21.81301485782055,5310.685416812589,15,15,1427,4.0,4,0.0,52.33333333333333,1.0,1.0,1.0,89.22222222222224,1.0,1.0,1.0,13.796384444503929,13.796384444503929,13.796384444503929,13.796384444503929,0.0
124,64.29477201678597,100.0,13.833333333333334,22.227985363800595,5898.291863111202,9,9,1431,4.0,4,25.0,44.5,1.0,1.0,1.0,85.5,1.0,1.0,1.0,200.4215980000481,200.4215980000481,200.4215980000481,200.4215980000481,0.0
125,32.076589178284934,100.0,11.875,18.83605253231154,15600.76139900002,3,3,1447,4.0,4,0.0,39.6875,1.0,1.0,1.0,91.4375,1.0,1.0,1.0,53.116454937594426,53.116454937594426,53.116454937594426,53.116454937594426,0.0
126,135.3071985580981,100.0,10.671875000000002,16.752178904455235,4593.542920437017,16,16,1452,4.0,4,20.0,36.199999999999996,1.0,1.0,1.0,76.0,1.0,1.0,1.0,13.054958000066108,13.054958000066108,13.054958000066108,13.054958000066108,0.0
127,46.70658659733843,100.0,9.8,15.24204710660612,6437.868036799773,4,4,1452,4.0,4,100.0,0.0
128,0,0,0,0,0,0,0,1472,4,4,5.0,51.95000000000001,1.0000000000000002,1.0000000000000002,1.0000000000000002,88.9,1.0000000000000002,1.0000000000000002,1.0000000000000002,17.235819600136892,17.235819600136892,17.235819600136892,17.235819600136892,0.0
129,143.66426539725379,100.0,13.737499999999999,22.06199716140857,4379.643894699711,19,19,1478,4.0,4,16.666666666666657,44.16666666666667,1.0,1.0,1.0,69.66666666666664,1.0,1.0,1.0,19.952685000134807,19.952685000134807,19.952685000134807,19.952685000134807,0.0
130,52.43061720459007,100.0,11.791666666666668,18.691714965014135,8007.462044332897,5,5,1495,4.0,4,17.64705882352942,51.235294117647065,1.0,1.0,1.0,85.29411764705883,1.0,1.0,1.0,50.77422488230856,50.77422488230856,50.77422488230856,50.77422488230856,0.0
131,125.9091289358346,100.0,13.558823529411764,21.75252043623267,7653.720607352892,14,14,1514,4.0,4,5.26315789473685,45.47368421052631,1.0000000000000002,1.0000000000000002,1.0000000000000002,89.52631578947368,1.0000000000000002,1.0000000000000002,1.0000000000000002,31.753862947497463,31.753862947497463,31.753862947497463,31.753862947497463,0.0
132,149.08944429414953,100.0,12.118421052631582,19.257670163101334,9780.703264210484,18,18,1526,4.0,4,0.0,41.16666666666667,0.9999999999999999,0.9999999999999999,0.9999999999999999,84.66666666666666,0.9999999999999999,0.9999999999999999,0.9999999999999999,13.051542000387903,13.051542000387903,13.051542000387903,13.051542000387903,0.0
133,102.78375449638676,100.0,11.041666666666668,17.392676859337474,4234.817536499425,12,12,1546,4.0,4,0.0,44.349999999999994,1.0000000000000002,1.0000000000000002,1.0000000000000002,88.45,1.0000000000000002,1.0000000000000002,1.0000000000000002,24.116348250572628,24.116348250572628,24.116348250572628,24.116348250572628,0.0
134,160.39404518446406,100.0,11.8375,18.771100627027707,4698.995806100902,20,20,1564,4.0,4,5.555555555555557,50.55555555555556,1.0000000000000002,1.0000000000000002,1.0000000000000002,90.77777777777779,1.0000000000000002,1.0000000000000002,1.0000000000000002,13.029129722579253,13.029129722579253,13.029129722579253,13.029129722579253,0.0
135,130.89175510312984,100.0,13.38888888888889,21.45818500488109,5046.748566721969,17,17,1570,4.0,4,16.666666666666657,46.333333333333336,1.0,1.0,1.0,77.99999999999999,1.0,1.0,1.0,15.568869833562834,15.568869833562834,15.568869833562834,15.568869833562834,0.0
136,48.92921594388101,100.0,12.333333333333334,19.629909152447276,6633.151271500537,5,5,1584,4.0,4,7.142857142857139,45.142857142857146,1.2857142857142858,1.6428571428571432,1.2142857142857144,78.21428571428571,1.8571428571428572,2.7857142857142856,1.6428571428571432,57.8415552138592,57.8415552138592,57.8415552138592,57.8415552138592,0.0
137,111.68487331151051,100.0,12.321428571428573,19.092504386108295,8095.521807000166,13,13,1604,4.0,4,15.0,47.949999999999996,1.0000000000000002,1.0000000000000002,1.0000000000000002,80.35,1.0000000000000002,1.0000000000000002,1.0000000000000002,37.88971809972281,37.88971809972281,37.88971809972281,37.88971809972281,0.0
138,158.5823335770993,100.0,12.737499999999995,20.3299463538397,8002.612325050177,17,17,1623,4.0,4,10.526315789473685,51.21052631578947,1.0000000000000002,1.0000000000000002,1.0000000000000002,80.73684210526316,1.0000000000000002,1.0000000000000002,1.0000000000000002,26.91247068440517,26.91247068440517,26.91247068440517,26.91247068440517,0.0
139,143.70142576499507,100.0,13.552631578947368,21.74179566343038,6040.687930473628,17,17,1630,4.0,4,14.285714285714292,48.714285714285715,1.0,1.0,1.0,80.28571428571428,1.0,1.0,1.0,12.022948714729864,12.022948714729864,12.022948714729864,12.022948714729864,0.0
140,54.616039041442065,100.0,12.928571428571429,20.660891776000177,5365.1569768563995,6,6,1643,4.0,4,7.692307692307693,52.23076923076923,0.9999999999999999,0.9999999999999999,0.9999999999999999,87.92307692307693,0.9999999999999999,0.9999999999999999,0.9999999999999999,12.414239692309192,12.414239692309192,12.414239692309192,12.414239692309192,0.0
141,93.76385139586546,100.0,13.807692307692307,22.183573804632157,6450.526041615935,12,12,1647,4.0,4,0.0,55.00000000000001,1.0,1.0,1.0,92.0,1.0,1.0,1.0,14.709607749864517,14.709607749864517,14.709607749864517,14.709607749864517,0.0
142,27.100235648355344,100.0,14.500000000000002,23.382685902179844,4014.855990501019,4,4,1647,4.0,4,100.0,0.0
143,0,0,0,0,0,0,0,1664,4,4,5.882352941176478,49.94117647058824,1.0,1.0,1.0,83.29411764705883,1.0,1.0,1.0,11.96245541145532,11.96245541145532,11.96245541145532,11.96245541145532,0.0
144,129.14056977358598,100.0,13.23529411764706,21.19215105731332,5609.47934605878,16,16,1670,4.0,4,0.0,51.66666666666667,1.0,1.0,1.0,94.99999999999999,1.0,1.0,1.0,15.170609000657956,15.170609000657956,15.170609000657956,15.170609000657956,0.0
145,41.94748831219119,100.0,13.666666666666668,21.939310229205777,8060.243172668076,6,6,1685,4.0,4,13.333333333333329,48.06666666666668,1.0,1.0,1.0,87.19999999999999,1.0,1.0,1.0,12.546447865558244,12.546447865558244,12.546447865558244,12.546447865558244,0.0
146,114.72795618875313,100.0,12.766666666666667,20.38046450239379,5164.739248466503,13,13,1701,4.0,4,0.0,54.87500000000001,1.0,1.0,1.0,92.875,1.0,1.0,1.0,37.90306731252713,37.90306731252713,37.90306731252713,37.90306731252713,0.0
147,108.31796708168297,100.0,14.468750000000002,23.328559314443318,6243.989500749649,16,16,1706,4.0,4,20.0,46.2,1.0,1.0,1.0,78.8,1.0,1.0,1.0,11.233879400242586,11.233879400242586,11.233879400242586,11.233879400242586,0.0
148,41.05468293349797,100.0,12.3,19.572174125528313,8988.24642319887,4,4,1725,4.0,4,5.26315789473685,54.31578947368422,1.0000000000000002,1.0000000000000002,1.0000000000000002,89.42105263157896,1.0000000000000002,1.0000000000000002,1.0000000000000002,13.687603210679587,13.687603210679587,13.687603210679587,13.687603210679587,0.0
149,132.26275298979124,100.0,14.328947368421055,23.086414053516744,5903.5396541051,18,18,1745,4.0,4,5.0,43.55,1.0000000000000002,1.0000000000000002,1.0000000000000002,84.2,1.0000000000000002,1.0000000000000002,1.0000000000000002,25.472001200250816,25.472001200250816,25.472001200250816,25.472001200250816,0.0
150,165.5184979519964,100.0,11.637500000000003,18.424690465513933,8242.576105000262,19,19,1758,4.0,4,0.0,43.15384615384617,0.9999999999999999,0.9999999999999999,0.9999999999999999,95.30769230769232,0.9999999999999999,0.9999999999999999,0.9999999999999999,13.11943238481315,13.11943238481315,13.11943238481315,13.11943238481315,0.0
151,101.83940946171428,100.0,11.538461538461537,18.253150818225865,5192.8996208463595,13,13,1763,4.0,4,0.0,44.00000000000001,1.0,1.0,1.0,99.0,1.0,1.0,1.0,11.342450600204756,11.342450600204756,11.342450600204756,11.342450600204756,0.0
152,38.26914405164773,100.0,11.75,18.619546181365433,4430.134890801128,5,5,1783,4.0,4,5.0,38.550000000000004,1.0000000000000002,1.0000000000000002,1.0000000000000002,85.0,1.0000000000000002,1.0000000000000002,1.0000000000000002,35.1389774998097,35.1389774998097,35.1389774998097,35.1389774998097,0.0
153,176.77120801922743,100.0,10.387500000000003,16.259626956052838,5955.959122149579,19,19,1785,4.0,4,50.0,52.5,1.0,1.0,1.0,88.99999999999999,1.0,1.0,1.0,36.571216500306036,36.571216500306036,36.571216500306036,36.571216500306036,0.0
154,14.215280956118647,100.0,13.875000000000002,22.300154147449298,4539.98217499975,1,1,1788,4.0,4,0.0,53.66666666666667,1.0,1.0,1.0,91.33333333333333,1.0,1.0,1.0,15.455320667873215,15.455320667873215,15.455320667873215,15.455320667873215,0.0
155,20.798173212516986,100.0,14.16666666666667,22.80533563299022,5821.916189999077,3,3,1804,4.0,4,0.0,47.75,1.0,1.0,1.0,85.125,1.0,1.0,1.0,11.99386543817127,11.99386543817127,11.99386543817127,11.99386543817127,0.0
156,123.72424877341965,100.0,12.687500000000002,20.243343813461255,5048.054070749913,16,16,1811,4.0,4,0.0,45.00000000000001,1.0,1.0,1.0,96.0,1.0,1.0,1.0,11.702895143701296,11.702895143701296,11.702895143701296,11.702895143701296,0.0
157,53.34753276681879,100.0,12.000000000000002,19.052558883257653,4059.3524207137566,7,7,1829,4.0,4,0.0,44.388888888888886,1.0000000000000002,1.0000000000000002,1.0000000000000002,93.61111111111113,1.0000000000000002,1.0000000000000002,1.0000000000000002,11.39838972206538,11.39838972206538,11.39838972206538,11.39838972206538,0.0
158,139.53164018739457,100.0,11.847222222222221,18.78794000987908,5203.2342635553105,18,18,1843,4.0,4,14.285714285714292,51.57142857142858,0.9999999999999999,0.9999999999999999,0.9999999999999999,88.2857142857143,0.9999999999999999,0.9999999999999999,0.9999999999999999,11.400966214621024,11.400966214621024,11.400966214621024,11.400966214621024,0.0
159,101.26359343805498,100.0,13.642857142857142,21.898070924263667,4859.8443130706855,12,12,1852,4.0,4,0.0,47.66666666666667,1.0,1.0,1.0,93.55555555555556,1.0,1.0,1.0,12.602596333939195,12.602596333939195,12.602596333939195,12.602596333939195,0.0
160,66.7720973925365,100.0,12.666666666666664,20.2072594216369,4060.2449523329497,9,9,1870,4.0,4,0.0,44.22222222222222,1.0000000000000002,1.0000000000000002,1.0000000000000002,88.0,1.0000000000000002,1.0000000000000002,1.0000000000000002,12.629272777808687,12.629272777808687,12.629272777808687,12.629272777808687,0.0
161,145.79708671637795,100.0,11.805555555555555,18.71577122623037,5739.223485444502,18,18,1889,4.0,4,0.0,50.73684210526317,1.0000000000000002,1.0000000000000002,1.0000000000000002,90.36842105263159,1.0000000000000002,1.0000000000000002,1.0000000000000002,13.536107789581077,13.536107789581077,13.536107789581077,13.536107789581077,0.0
162,137.10494660624002,100.0,13.43421052631579,21.5366843835867,5265.721299579271,19,19,1903,4.0,4,0.0,54.142857142857146,0.9999999999999999,0.9999999999999999,0.9999999999999999,90.78571428571429,0.9999999999999999,0.9999999999999999,0.9999999999999999,12.378456856302885,12.378456856302885,12.378456856302885,12.378456856302885,0.0
163,96.5890042904139,100.0,14.285714285714285,23.011532157700795,5462.448615642903,14,14,1911,4.0,4,0.0,36.75,1.0,1.0,1.0,83.5,1.0,1.0,1.0,11.224779250369465,11.224779250369465,11.224779250369465,11.224779250369465,0.0
164,72.12212281009538,100.0,9.9375,15.48020409264684,5968.326480749965,8,8,1926,4.0,4,6.666666666666671,43.46666666666668,1.0,1.0,1.0,95.0666666666667,1.0,1.0,1.0,11.824991133228954,11.824991133228954,11.824991133228954,11.824991133228954,0.0
165,117.84926491389785,100.0,11.616666666666665,18.388606073689584,4088.910077000037,14,14,1937,4.0,4,27.272727272727266,36.18181818181817,0.9999999999999999,6.454545454545456,0.9999999999999999,75.9090909090909,0.9999999999999999,10.090909090909092,0.9999999999999999,19.879913091162134,19.879913091162134,19.879913091162134,19.879913091162134,0.0
166,104.07289625673486,100.0,11.159090909090908,14.640750318302045,7388.108178181772,8,8,1937,4.0,4,100.0,0.0
167,0,0,0,0,0,0,0,1951,4,4,0.0,47.92857142857142,0.9999999999999999,2.285714285714286,0.9999999999999999,89.57142857142857,0.9999999999999999,3.1428571428571432,0.9999999999999999,12.115642642519171,12.115642642519171,12.115642642519171,12.115642642519171,0.0
168,106.70155163155992,100.0,13.053571428571434,20.170009316917955,6951.18391007158,14,14,1957,4.0,4,0.0,56.00000000000001,1.0,1.0,1.0,96.0,1.0,1.0,1.0,11.517595334225916,11.517595334225916,11.517595334225916,11.517595334225916,0.0
169,39.42842421899385,100.0,14.75,23.815698604072068,5068.697923665847,6,6,1977,4.0,4,0.0,51.4,1.0000000000000002,1.0000000000000002,1.0000000000000002,91.4,1.0000000000000002,1.0000000000000002,1.0000000000000002,121.52856404991326,121.52856404991326,121.52856404991326,121.52856404991326,0.0
170,142.7221979975886,100.0,13.600000000000001,21.823840175367856,6626.231574249687,20,20,1995,4.0,4,5.555555555555557,48.777777777777786,1.0000000000000002,1.0000000000000002,1.0000000000000002,89.11111111111111,1.0000000000000002,1.0000000000000002,1.0000000000000002,12.903261944100247,12.903261944100247,12.903261944100247,12.903261944100247,0.0
171,134.63335659024779,100.0,12.944444444444445,20.688384645961584,4981.749244611112,17,17,2013,4.0,4,5.555555555555557,46.611111111111114,1.0000000000000002,1.0000000000000002,1.0000000000000002,86.8888888888889,1.0000000000000002,1.0000000000000002,1.0000000000000002,12.462933499894765,12.462933499894765,12.462933499894765,12.462933499894765,0.0
172,140.06179003711142,100.0,12.402777777777779,19.75019045852845,5326.329767944723,17,17,2024,4.0,4,0.0,49.00000000000001,0.9999999999999999,0.9999999999999999,0.9999999999999999,89.63636363636364,0.9999999999999999,0.9999999999999999,0.9999999999999999,12.552868908559587,12.552868908559587,12.552868908559587,12.552868908559587,0.0
173,81.39789893862432,100.0,12.999999999999998,20.78460969082653,5294.495680545713,11,11,2040,4.0,4,18.75,40.9375,1.0,1.0,1.0,76.625,1.0,1.0,1.0,12.18359781273648,12.18359781273648,12.18359781273648,12.18359781273648,0.0
174,138.81892762781945,100.0,10.984375,17.29344478182051,6513.177904062559,13,13,2055,4.0,4,13.333333333333329,48.6,1.0,1.0,1.0,84.59999999999998,1.0,1.0,1.0,25.028022866414783,25.028022866414783,25.028022866414783,25.028022866414783,0.0
175,114.91396495267139,100.0,12.9,20.61140461006964,6644.439867133527,13,13,2066,4.0,4,0.0,46.45454545454546,0.9999999999999999,0.9999999999999999,0.9999999999999999,87.18181818181819,0.9999999999999999,0.9999999999999999,0.9999999999999999,22.362555544863095,22.362555544863095,22.362555544863095,22.362555544863095,0.0
176,85.81250692323304,100.0,12.363636363636363,19.682395540555422,5914.177163636685,11,11,2082,4.0,4,0.0,47.06249999999999,1.0,1.0,1.0,87.4375,1.0,1.0,1.0,12.872641125341033,12.872641125341033,12.872641125341033,12.872641125341033,0.0
177,123.19704134908022,100.0,12.515625000000002,19.945647580910354,6064.270777874754,16,16,2094,4.0,4,0.0,48.66666666666667,0.9999999999999999,0.9999999999999999,0.9999999999999999,95.00000000000001,0.9999999999999999,0.9999999999999999,0.9999999999999999,11.4439597503709,11.4439597503709,11.4439597503709,11.4439597503709,0.0
178,87.16263064339005,100.0,12.916666666666668,20.640272123529122,4657.8973467497535,12,12,2102,4.0,4,0.0,43.875,1.0,1.0,1.0,86.00000000000001,1.0,1.0,1.0,11.657915374144068,11.657915374144068,11.657915374144068,11.657915374144068,0.0
179,64.97432504899231,100.0,11.71875,18.565419593628906,6572.544300250229,8,8,2120,4.0,4,0.0,45.83333333333333,1.0000000000000002,1.0000000000000002,1.0000000000000002,96.66666666666666,1.0000000000000002,1.0000000000000002,1.0000000000000002,11.393182000675653,11.393182000675653,11.393182000675653,11.393182000675653,0.0
180,135.21025995787807,100.0,12.208333333333336,19.413402801501167,4338.628134277921,18,18,2137,4.0,4,11.764705882352942,38.76470588235294,1.0,1.0,1.0,87.11764705882352,1.0,1.0,1.0,12.801939647247577,12.801939647247577,12.801939647247577,12.801939647247577,0.0
181,148.1237158630614,100.0,10.441176470588236,16.352597330282638,4602.265962823474,15,15,2156,4.0,4,5.26315789473685,47.78947368421053,1.0000000000000002,1.0000000000000002,1.0000000000000002,83.63157894736842,1.0000000000000002,1.0000000000000002,1.0000000000000002,11.417855052346376,11.417855052346376,11.417855052346376,11.417855052346376,0.0
182,148.80590290836082,100.0,12.697368421052635,20.260436420114893,5058.05839652672,18,18,2169,4.0,4,7.692307692307693,42.61538461538461,0.9999999999999999,0.9999999999999999,0.9999999999999999,77.0,0.9999999999999999,0.9999999999999999,0.9999999999999999,13.612876538480542,13.612876538480542,13.612876538480542,13.612876538480542,0.0
183,111.26024115428014,100.0,11.403846153846155,18.019990132591595,5387.565950538164,12,12,2181,4.0,4,0.0,39.49999999999999,0.9999999999999999,0.9999999999999999,0.9999999999999999,87.08333333333334,0.9999999999999999,0.9999999999999999,0.9999999999999999,20.001860582851805,20.001860582851805,20.001860582851805,20.001860582851805,0.0
184,104.6366533043616,100.0,10.625,16.670989022850446,7384.002348333524,12,12,2194,4.0,4,7.692307692307693,39.84615384615384,0.9999999999999999,0.9999999999999999,0.9999999999999999,81.15384615384616,0.9999999999999999,0.9999999999999999,0.9999999999999999,13.838379538635937,13.838379538635937,13.838379538635937,13.838379538635937,0.0
185,116.12969144537271,100.0,10.711538461538463,16.820878035043904,7177.138889692287,12,12,2210,4.0,4,12.5,44.3125,1.0,1.0,1.0,83.75,1.0,1.0,1.0,12.140678250034398,12.140678250034398,12.140678250034398,12.140678250034398,0.0
186,131.0397984630364,100.0,11.828125,18.75486265070675,5017.041409375679,14,14,2223,4.0,4,0.0,56.692307692307686,0.9999999999999999,0.9999999999999999,0.9999999999999999,91.76923076923079,0.9999999999999999,0.9999999999999999,0.9999999999999999,11.908440999272548,11.908440999272548,11.908440999272548,11.908440999272548,0.0
187,86.76716450990843,100.0,14.923076923076925,24.115476628458975,3620.918393152981,13,13,2238,4.0,4,6.666666666666671,48.80000000000002,1.0,1.0,1.0,90.53333333333335,1.0,1.0,1.0,15.686616466700798,15.686616466700798,15.686616466700798,15.686616466700798,0.0
188,112.44773899177427,100.0,12.950000000000001,20.698007150448085,6483.421153466527,14,14,2254,4.0,4,0.0,43.625,1.0,1.0,1.0,95.3125,1.0,1.0,1.0,45.95634512543256,45.95634512543256,45.95634512543256,45.95634512543256,0.0
189,124.97004559845284,100.0,11.656250000000002,18.45716641815585,5351.11959774963,16,16,2258,4.0,4,0.0,38.0,1.0,1.0,1.0,85.49999999999999,1.0,1.0,1.0,12.976953250472434,12.976953250472434,12.976953250472434,12.976953250472434,0.0
190,36.07927813247526,100.0,10.25,16.021469970012113,7444.105361500078,4,4,2268,4.0,4,0.0,42.300000000000004,0.9999999999999999,0.9999999999999999,0.9999999999999999,90.99999999999999,0.9999999999999999,0.9999999999999999,0.9999999999999999,14.890559500054223,14.890559500054223,14.890559500054223,14.890559500054223,0.0
191,81.41712209530911,100.0,11.325000000000001,17.883424588148657,5943.673410001065,10,10,2283,4.0,4,0.0,42.46666666666666,1.0,1.0,1.0,91.13333333333334,1.0,1.0,1.0,15.915545999935906,15.915545999935906,15.915545999935906,15.915545999935906,0.0
192,121.70078430554965,100.0,11.366666666666667,17.955593371797363,4799.599655532802,15,15,2289,4.0,4,0.0,41.83333333333333,1.0,1.0,1.0,90.33333333333334,1.0,1.0,1.0,11.615584666894089,11.615584666894089,11.615584666894089,11.615584666894089,0.0
193,49.43537769505747,100.0,11.208333333333336,17.68135199393229,4490.489086499413,6,6,2302,4.0,4,23.076923076923066,46.07692307692307,0.9999999999999999,0.9999999999999999,0.9999999999999999,76.15384615384613,0.9999999999999999,0.9999999999999999,0.9999999999999999,10.778992230580815,10.778992230580815,10.778992230580815,10.778992230580815,0.0
194,105.77191665131296,100.0,12.269230769230772,19.518880254526188,3806.008971614434,10,10,2320,4.0,4,0.0,54.222222222222214,1.0000000000000002,1.0000000000000002,1.0000000000000002,93.5,1.0000000000000002,1.0000000000000002,1.0000000000000002,10.594422333977288,10.594422333977288,10.594422333977288,10.594422333977288,0.0
195,122.33893519958762,100.0,14.305555555555557,23.045898245152564,3838.353484944188,18,18,2329,4.0,4,33.33333333333334,45.44444444444444,1.0,1.0,1.0,71.44444444444444,1.0,1.0,1.0,9.715665999667383,9.715665999667383,9.715665999667383,9.715665999667383,0.0
196,75.89562983462994,100.0,12.11111111111111,19.245008972987527,4460.629313000229,6,6,2335,4.0,4,0.0,57.666666666666664,1.0,1.0,1.0,91.33333333333333,1.0,1.0,1.0,11.91215216749697,11.91215216749697,11.91215216749697,11.91215216749697,0.0
197,39.72384389438925,100.0,15.166666666666664,24.537386440559096,4355.171494833485,6,6,2348,4.0,4,0.0,49.30769230769231,0.9999999999999999,0.9999999999999999,0.9999999999999999,94.30769230769232,0.9999999999999999,0.9999999999999999,0.9999999999999999,10.21499176875715,10.21499176875715,10.21499176875715,10.21499176875715,0.0
198,93.82807466384776,100.0,13.076923076923078,20.917844368331828,3688.577057461841,13,13,2358,4.0,4,10.0,44.8,0.9999999999999999,0.9999999999999999,0.9999999999999999,87.20000000000002,0.9999999999999999,0.9999999999999999,0.9999999999999999,10.4299513004662,10.4299513004662,10.4299513004662,10.4299513004662,0.0
199,80.22221919532168,100.0,11.950000000000001,18.965956342879203,3844.894384500367,9,9,2358,4.0,4,100.0,0.0
200,0,0,0,0,0,0,0,2373,4,4,13.333333333333329,52.99999999999999,1.0,1.0,1.0,87.46666666666668,1.0,1.0,1.0,10.72712473348171,10.72712473348171,10.72712473348171,10.72712473348171,0.0
201,108.56475892273644,100.0,14.000000000000002,22.51666049839541,4061.8084974669423,13,13,2385,4.0,4,0.0,56.166666666666664,0.9999999999999999,0.9999999999999999,0.9999999999999999,92.0,0.9999999999999999,0.9999999999999999,0.9999999999999999,10.082749833903412,10.082749833903412,10.082749833903412,10.082749833903412,0.0
202,80.95586307947075,100.0,14.791666666666666,23.887867387720764,3970.428200749666,12,12,2388,4.0,4,0.0,54.666666666666664,1.0,1.0,1.0,87.66666666666666,1.0,1.0,1.0,10.339739001210546,10.339739001210546,10.339739001210546,10.339739001210546,0.0
203,20.961479954192715,100.0,14.416666666666666,23.23834833488244,3103.907374334085,3,3,2400,4.0,4,0.0,50.5,0.9999999999999999,0.9999999999999999,0.9999999999999999,86.33333333333334,0.9999999999999999,0.9999999999999999,0.9999999999999999,10.685029917719172,10.685029917719172,10.685029917719172,10.685029917719172,0.0
204,88.89695167185194,100.0,13.375,21.43412874366485,4324.521479166833,12,12,2405,4.0,4,0.0,51.6,1.0,1.0,1.0,95.0,1.0,1.0,1.0,9.240914799738675,9.240914799738675,9.240914799738675,9.240914799738675,0.0
205,34.95369140580214,100.0,13.65,21.9104427157463,4495.020818400371,5,5,2405,4.0,4,100.0,0.0
206,0,0,0,0,0,0,0,2420,4,4,0.0,46.06666666666666,1.0,1.0,1.0,89.93333333333332,1.0,1.0,1.0,10.271627866798857,10.271627866798857,10.271627866798857,10.271627866798857,0.0
207,115.84788148989257,100.0,12.266666666666666,19.514439098609355,4099.658791066274,15,15,2425,4.0,4,20.0,46.6,1.0,1.0,1.0,80.0,1.0,1.0,1.0,9.642191800230648,9.642191800230648,9.642191800230648,9.642191800230648,0.0
208,40.07064225784189,100.0,12.4,19.7453792062852,3452.4738804000663,4,4,2437,4.0,4,0.0,51.416666666666664,0.9999999999999999,0.9999999999999999,0.9999999999999999,89.16666666666666,0.9999999999999999,0.9999999999999999,0.9999999999999999,12.440619333271266,12.440619333271266,12.440619333271266,12.440619333271266,0.0
209,86.68241303143802,100.0,13.604166666666668,21.831057053732724,5122.027867666778,12,12,2453,4.0,4,0.0,52.93750000000001,1.0,1.0,1.0,94.0,1.0,1.0,1.0,13.079779061854424,13.079779061854424,13.079779061854424,13.079779061854424,0.0
210,110.57697884875117,100.0,13.984375000000002,22.489597204527144,4742.056405812036,16,16,2459,4.0,4,0.0,49.833333333333336,1.0,1.0,1.0,96.66666666666669,1.0,1.0,1.0,10.322056332976596,10.322056332976596,10.322056332976596,10.322056332976596,0.0
211,42.62807508736655,100.0,13.208333333333332,21.145453609070042,4552.053851833989,6,6,2459,4.0,4,100.0,0.0
212,0,0,0,0,0,0,0,2472,4,4,0.0,50.92307692307691,0.9999999999999999,0.9999999999999999,0.9999999999999999,94.84615384615385,0.9999999999999999,0.9999999999999999,0.9999999999999999,10.65224192307841,10.65224192307841,10.65224192307841,10.65224192307841,0.0
213,91.69923380173854,100.0,13.48076923076923,21.617326425234637,3684.4279666150283,13,13,2472,4.0,4,100.0,0.0
214,0,0,0,0,0,0,0,2481,4,4,22.222222222222214,48.77777777777778,1.0,1.0,1.0,81.33333333333333,1.0,1.0,1.0,67.09091655607659,67.09091655607659,67.09091655607659,67.09091655607659,0.0
215,69.73770856983766,100.0,12.944444444444445,20.68838464596159,4351.926319000793,7,7,2497,4.0,4,6.25,52.5625,1.5625,1.0,1.0,87.8125,2.25,1.0,1.0,14.753660999758722,14.753660999758722,14.753660999758722,14.753660999758722,0.0
216,114.67378389218766,100.0,14.03125,22.265000655862504,4236.272673687381,15,15,2507,4.0,4,10.0,48.40000000000001,0.9999999999999999,0.9999999999999999,0.9999999999999999,86.20000000000002,0.9999999999999999,0.9999999999999999,0.9999999999999999,13.014086599287111,13.014086599287111,13.014086599287111,13.014086599287111,0.0
217,76.62911950611274,100.0,12.85,20.524802069691198,4866.881555000145,9,9,2507,4.0,4,100.0,0.0
218,0,0,0,0,0,0,0,2523,4,4,0.0,44.6875,1.0,1.0,1.0,95.1875,1.0,1.0,1.0,11.140206937398034,11.140206937398034,11.140206937398034,11.140206937398034,0.0
219,123.22537824861172,100.0,11.921875,18.917242413916334,4605.794629437469,16,16,2533,4.0,4,0.0,38.5,0.9999999999999999,0.9999999999999999,0.9999999999999999,85.50000000000001,0.9999999999999999,0.9999999999999999,0.9999999999999999,10.820252400299069,10.820252400299069,10.820252400299069,10.820252400299069,0.0
220,88.9211281949066,100.0,10.375,16.237976320958225,3881.5651672000968,10,10,2550,4.0,4,0.0,45.11764705882353,1.0,1.0,1.0,94.11764705882352,1.0,1.0,1.0,10.775193765071249,10.775193765071249,10.775193765071249,10.775193765071249,0.0
221,130.4937759738828,100.0,12.029411764705882,19.1035015540685,3327.6866832356436,17,17,2565,4.0,4,0.0,52.33333333333333,1.0,1.0,1.0,87.46666666666667,1.0,1.0,1.0,10.430855600134237,10.430855600134237,10.430855600134237,10.430855600134237,0.0
222,107.95583896332805,100.0,13.833333333333336,22.22798536380059,4479.166154399718,15,15,2571,4.0,4,0.0,59.00000000000001,1.0,1.0,1.0,97.33333333333334,1.0,1.0,1.0,10.054279500764096,10.054279500764096,10.054279500764096,10.054279500764096,0.0
223,37.94743504267035,100.0,15.5,25.114736709748726,3673.7451814994224,6,6,2576,4.0,4,0.0,56.400000000000006,1.0,1.0,1.0,93.0,1.0,1.0,1.0,10.779002199706156,10.779002199706156,10.779002199706156,10.779002199706156,0.0
224,33.27041173403688,100.0,14.850000000000001,23.988903684828948,4104.961176199868,5,5,2592,4.0,4,0.0,50.125,1.0,1.0,1.0,94.75,1.0,1.0,1.0,9.912960812016536,9.912960812016536,9.912960812016536,9.912960812016536,0.0
225,114.43591230625364,100.0,13.28125,21.271748980455275,4367.710769687392,16,16,2598,4.0,4,0.0,42.83333333333334,1.0,1.0,1.0,82.33333333333333,1.0,1.0,1.0,11.780927666526017,11.780927666526017,11.780927666526017,11.780927666526017,0.0
226,50.325020649648394,100.0,11.458333333333332,18.114364695824513,4910.062158999305,6,6,2602,4.0,4,0.0,50.0,1.0,1.0,1.0,99.0,1.0,1.0,1.0,10.5002432501351,10.5002432501351,10.5002432501351,10.5002432501351,0.0
227,27.985779129188316,100.0,13.25,21.217622392718745,3354.8440092508827,4,4,2615,4.0,4,0.0,49.92307692307693,0.9999999999999999,0.9999999999999999,0.9999999999999999,94.3076923076923,0.9999999999999999,0.9999999999999999,0.9999999999999999,10.114698538158196,10.114698538158196,10.114698538158196,10.114698538158196,0.0
228,93.30409561740228,100.0,13.230769230769232,21.184313723342424,4377.258456307923,13,13,2618,4.0,4,0.0,45.0,1.0,1.0,1.0,85.0,1.0,1.0,1.0,10.248936333179396,10.248936333179396,10.248936333179396,10.248936333179396,0.0
229,23.984552324964103,100.0,12.000000000000002,19.052558883257653,3474.869799665612,3,3,2619,4.0,4,0.0,45.0,1.0,1.0,1.0,85.0,1.0,1.0,1.0,9.716939999634633,9.716939999634633,9.716939999634633,9.716939999634633,0.0
230,7.995010373888097,100.0,12.000000000000002,19.052558883257653,3458.9317019999726,1,1,2635,4.0,4,0.0,53.37499999999999,1.0,1.0,1.0,95.5625,1.0,1.0,1.0,11.457798311766965,11.457798311766965,11.457798311766965,11.457798311766965,0.0
231,109.27933646237835,100.0,14.09375,22.67904026160499,3993.8557826249053,16,16,2639,4.0,4,0.0,51.75000000000001,1.0,1.0,1.0,82.0,1.0,1.0,1.0,10.2846085001147,10.2846085001147,10.2846085001147,10.2846085001147,0.0
232,29.736346018253652,100.0,13.687500000000002,21.97539462103013,6596.001706000607,4,4,2649,4.0,4,0.0,49.40000000000001,0.9999999999999999,0.9999999999999999,0.9999999999999999,83.6,0.9999999999999999,0.9999999999999999,0.9999999999999999,10.94367140030954,10.94367140030954,10.94367140030954,10.94367140030954,0.0
233,76.63057219304609,100.0,13.100000000000001,20.95781477158342,5175.018807899323,10,10,2664,4.0,4,0.0,45.00000000000001,1.0,1.0,1.0,92.0,1.0,1.0,1.0,10.341570533637423,10.341570533637423,10.341570533637423,10.341570533637423,0.0
234,116.22509071232176,100.0,12.000000000000005,19.052558883257653,3119.3120283998724,15,15,2668,4.0,4,0.0,35.25,1.0,1.0,1.0,85.24999999999999,1.0,1.0,1.0,9.802500499972666,9.802500499972666,9.802500499972666,9.802500499972666,0.0
235,36.84906442153931,100.0,9.562500000000002,14.830685039808511,6867.546316751032,4,4,2674,4.0,4,0.0,33.0,1.0,1.0,1.0,92.0,1.0,1.0,1.0,11.021968000325918,11.021968000325918,11.021968000325918,11.021968000325918,0.0
236,58.29824742171462,100.0,9.000000000000002,13.856406460551018,3047.9181691668296,6,6,2690,4.0,4,0.0,33.0,1.0,1.0,1.0,92.0,1.0,1.0,1.0,12.141287375015963,12.141287375015963,12.141287375015963,12.141287375015963,0.0
237,155.45662039157378,100.0,9.000000000000002,13.856406460551018,3780.3979157504273,16,16,2708,4.0,4,11.111111111111114,36.833333333333336,1.0000000000000002,1.0000000000000002,1.0000000000000002,82.72222222222223,1.0000000000000002,1.0000000000000002,1.0000000000000002,17.79487877805271,17.79487877805271,17.79487877805271,17.79487877805271,0.0
238,164.39603868654117,100.0,9.958333333333334,15.516288484471191,6525.400097499894,16,16,2712,4.0,4,0.0,43.75,1.0,1.0,1.0,88.0,1.0,1.0,1.0,10.620729499351,10.620729499351,10.620729499351,10.620729499351,0.0
239,32.16017341489756,100.0,11.6875,18.511293005892377,5106.1335917511315,4,4,2725,4.0,4,0.0,47.0,0.9999999999999999,0.9999999999999999,0.9999999999999999,93.61538461538463,0.9999999999999999,0.9999999999999999,0.9999999999999999,37.708763153484774,37.708763153484774,37.708763153484774,37.708763153484774,0.0
240,97.45946882574056,100.0,12.500000000000004,19.918584287042084,5331.078587538146,13,13,2745,4.0,4,5.0,39.300000000000004,1.0000000000000002,1.0000000000000002,1.0000000000000002,83.94999999999999,1.0000000000000002,1.0000000000000002,1.0000000000000002,30.520214149873937,30.520214149873937,30.520214149873937,30.520214149873937,0.0
241,174.42600525032103,100.0,10.574999999999998,16.584386482472002,6466.965462850021,19,19,2754,4.0,4,0.0,42.11111111111111,1.0,1.0,1.0,90.55555555555556,1.0,1.0,1.0,14.640030444651428,14.640030444651428,14.640030444651428,14.640030444651428,0.0
242,73.72461414082171,100.0,11.27777777777778,17.801633300013464,4941.4742637778145,9,9,2770,4.0,4,0.0,41.5625,1.0,1.0,1.0,89.75,1.0,1.0,1.0,11.878879937967213,11.878879937967213,11.878879937967213,11.878879937967213,0.0
243,132.91653551709743,100.0,11.140625000000002,17.564077720503146,4152.223785749811,16,16,2776,4.0,4,0.0,41.0,1.0,1.0,1.0,90.50000000000001,1.0,1.0,1.0,12.575877332589394,12.575877332589394,12.575877332589394,12.575877332589394,0.0
244,50.19004160752991,100.0,11.000000000000004,17.320508075688775,6044.704542665689,6,6,2784,4.0,4,0.0,36.0,1.0,1.0,1.0,81.74999999999999,1.0,1.0,1.0,11.669859249650472,11.669859249650472,11.669859249650472,11.669859249650472,0.0
245,73.92440646803847,100.0,9.75,15.155444566227677,4415.563502625446,8,8,2798,4.0,4,0.0,41.71428571428571,0.9999999999999999,0.9999999999999999,0.9999999999999999,91.35714285714285,0.9999999999999999,0.9999999999999999,0.9999999999999999,12.686846714132116,12.686846714132116,12.686846714132116,12.686846714132116,0.0
246,115.21706396394988,100.0,11.178571428571429,17.629802862754644,4492.9919704294925,14,14,2814,4.0,4,0.0,41.3125,1.0,1.0,1.0,88.375,1.0,1.0,1.0,14.64568268693256,14.64568268693256,14.64568268693256,14.64568268693256,0.0
247,134.59524508279236,100.0,11.078125000000002,17.45582454503009,6825.401594437608,16,16,2819,4.0,4,0.0,37.6,1.0,1.0,1.0,89.0,1.0,1.0,1.0,13.150047599629033,13.150047599629033,13.150047599629033,13.150047599629033,0.0
248,44.14681567305776,100.0,10.15,15.848264889255228,5493.1139915999665,5,5,2835,4.0,4,0.0,38.4375,1.0,1.0,1.0,85.125,1.0,1.0,1.0,16.190196561638004,16.190196561638004,16.190196561638004,16.190196561638004,0.0
249,141.67003693710035,100.0,10.359375000000002,16.210913027089962,5461.003495625846,16,16,2851,4.0,4,6.25,44.74999999999999,1.0,1.0,1.0,86.5,1.0,1.0,1.0,11.981694750829774,11.981694750829774,11.981694750829774,11.981694750829774,0.0
250,128.2385149426808,100.0,11.9375,18.944305707784597,4234.1096914999525,15,15,2869,4.0,4,11.111111111111114,50.83333333333334,1.0000000000000002,1.0000000000000002,1.0000000000000002,87.66666666666667,1.0000000000000002,1.0000000000000002,1.0000000000000002,12.58405733400044,12.58405733400044,12.58405733400044,12.58405733400044,0.0
251,133.31530049600744,100.0,13.458333333333336,21.578466310962263,4879.4800053336885,16,16,2884,4.0,4,0.0,49.733333333333334,1.0,1.0,1.0,92.4,1.0,1.0,1.0,13.791238466607561,13.791238466607561,13.791238466607561,13.791238466607561,0.0
252,108.90014733257723,100.0,13.183333333333335,21.102152338880824,5090.725148199999,15,15,2900,4.0,4,18.75,49.81250000000001,1.0,1.0,1.0,82.6875,1.0,1.0,1.0,21.057085437405476,21.057085437405476,21.057085437405476,21.057085437405476,0.0
253,121.80056558383663,100.0,13.203125000000002,21.136432511113956,7452.050038624975,13,13,2920,4.0,4,5.0,45.7,1.2000000000000002,1.4500000000000002,1.1500000000000001,84.5,1.6000000000000003,2.2500000000000004,1.4500000000000002,56.574985749830375,56.574985749830375,56.574985749830375,56.574985749830375,0.0
254,155.79309845753326,100.0,12.374999999999998,19.34032835638843,12458.31419424976,19,19,2939,4.0,4,0.0,48.05263157894736,1.0000000000000002,1.0000000000000002,1.0000000000000002,92.15789473684211,1.0000000000000002,1.0000000000000002,1.0000000000000002,15.46559505291761,15.46559505291761,15.46559505291761,15.46559505291761,0.0
255,141.2910261828552,100.0,12.76315789473684,20.37438713113916,3656.8146738948262,19,19,2944,4.0,4,20.0,43.0,1.0,1.0,1.0,70.0,1.0,1.0,1.0,15.70111699984409,15.70111699984409,15.70111699984409,15.70111699984409,0.0
256,44.870922553010445,100.0,11.500000000000002,18.186533479473212,7815.015315199707,4,4,2944,4.0,4,100.0,0.0
257,0,0,0,0,0,0,0,2960,4,4,50.0,46.62500000000001,1.0,1.0,1.0,72.875,1.0,1.0,1.0,19.580421875843967,19.580421875843967,19.580421875843967,19.580421875843967,0.0
258,133.72622692404536,100.0,12.406250000000002,19.756204523832505,7950.1130951882715,8,8,2968,4.0,4,0.0,55.25,1.0,1.0,1.0,86.75,1.0,1.0,1.0,15.186323874786467,15.186323874786467,15.186323874786467,15.186323874786467,0.0
259,55.68768477208154,100.0,14.5625,23.490939077652897,4327.816578999773,8,8,2983,4.0,4,20.0,42.199999999999996,1.0,1.0,1.0,78.66666666666667,1.0,1.0,1.0,12.74281633401794,12.74281633401794,12.74281633401794,12.74281633401794,0.0
260,128.2683386930435,100.0,11.300000000000002,17.840123317959435,4984.623036866348,12,12,2999,4.0,4,0.0,46.25,1.0,1.0,1.0,96.5,1.0,1.0,1.0,12.152786187471065,12.152786187471065,12.152786187471065,12.152786187471065,0.0
261,119.85476212183434,100.0,12.3125,19.593824760622923,4431.127996125269,16,16,3005,4.0,4,0.0,48.0,1.0,1.0,1.0,99.00000000000001,1.0,1.0,1.0,15.685923499404453,15.685923499404453,15.685923499404453,15.685923499404453,0.0
262,43.17266969526855,100.0,12.749999999999998,20.351596988934304,4380.121185834166,6,6,3020,4.0,4,0.0,44.13333333333334,1.0,1.0,1.0,86.6,1.0,1.0,1.0,18.77571193302477,18.77571193302477,18.77571193302477,18.77571193302477,0.0
263,121.00340643974181,100.0,11.783333333333331,18.677281208284395,6736.454037733832,15,15,3036,4.0,4,0.0,45.125,1.0,1.0,1.0,93.4375,1.0,1.0,1.0,18.813748187540114,18.813748187540114,18.813748187540114,18.813748187540114,0.0
264,124.16592401041899,100.0,12.03125,19.10668547099418,5700.984395125033,16,16,3056,4.0,4,10.0,49.500000000000014,1.0000000000000002,1.0000000000000002,1.0000000000000002,90.05000000000001,1.0000000000000002,1.0000000000000002,1.0000000000000002,53.28264090021548,53.28264090021548,53.28264090021548,53.28264090021548,0.0
265,148.11980374286065,100.0,13.125,21.001116041772633,5052.358063849351,18,18,3073,4.0,4,0.0,50.8235294117647,1.0,1.0,1.0,93.47058823529412,1.0,1.0,1.0,18.508416764876422,18.508416764876422,18.508416764876422,18.508416764876422,0.0
266,120.73615725409981,100.0,13.455882352941174,21.574221088394694,6265.5850208230895,17,17,3089,4.0,4,0.0,48.375,1.0,1.0,1.0,90.75,1.0,1.0,1.0,13.296753624899793,13.296753624899793,13.296753624899793,13.296753624899793,0.0
267,119.21455290730566,100.0,12.843749999999998,20.513976752143893,4389.402763937596,16,16,3094,4.0,4,20.0,41.4,1.0,1.0,1.0,71.8,1.0,1.0,1.0,20.82334019942209,20.82334019942209,20.82334019942209,20.82334019942209,0.0
268,44.5781442044982,100.0,11.100000000000001,17.49371315644566,9279.591636400437,4,4,3109,4.0,4,13.333333333333329,38.66666666666667,1.266666666666667,1.6000000000000003,1.2000000000000004,82.26666666666667,1.8000000000000005,2.666666666666667,1.6000000000000003,59.85862793362079,59.85862793362079,59.85862793362079,59.85862793362079,0.0
269,129.8520273796678,100.0,10.683333333333332,16.28969254701524,11107.625562600151,13,13,3125,4.0,4,0.0,46.75,1.0,1.0,1.0,95.0,1.0,1.0,1.0,16.368856124927333,16.368856124927333,16.368856124927333,16.368856124927333,0.0
270,120.45712986059513,100.0,12.4375,19.810331111569035,5254.489213250736,16,16,3133,4.0,4,0.0,48.5,1.0,1.0,1.0,93.875,1.0,1.0,1.0,14.81774712465267,14.81774712465267,14.81774712465267,14.81774712465267,0.0
271,58.639255695362245,100.0,12.875,20.568103339880416,4275.464044249929,8,8,3143,4.0,4,0.0,47.400000000000006,0.9999999999999999,0.9999999999999999,0.9999999999999999,88.70000000000002,0.9999999999999999,0.9999999999999999,0.9999999999999999,13.295322600606596,13.295322600606596,13.295322600606596,13.295322600606596,0.0
272,76.18501985092101,100.0,12.599999999999998,20.091789367798977,5418.789533600284,10,10,3159,4.0,4,0.0,47.06249999999999,1.0,1.0,1.0,87.87499999999999,1.0,1.0,1.0,12.546796874858046,12.546796874858046,12.546796874858046,12.546796874858046,0.0
273,123.13379934768827,100.0,12.515625,19.945647580910354,5123.768819937368,16,16,3178,4.0,4,0.0,47.73684210526316,1.0000000000000002,1.0000000000000002,1.0000000000000002,93.26315789473684,1.0000000000000002,1.0000000000000002,1.0000000000000002,15.17366510540198,15.17366510540198,15.17366510540198,15.17366510540198,0.0
274,141.55209273585768,100.0,12.684210526315788,20.23764627791004,5670.728082158396,19,19,3190,4.0,4,8.333333333333343,34.91666666666667,0.9999999999999999,0.9999999999999999,0.9999999999999999,68.75,0.9999999999999999,0.9999999999999999,0.9999999999999999,65.08882466641808,65.08882466641808,65.08882466641808,65.08882466641808,0.0
275,114.96673884817312,100.0,9.479166666666668,14.686347472511105,8186.090548500033,11,11,3206,4.0,4,6.25,47.875,1.0,1.0,1.0,93.875,1.0,1.0,1.0,13.234829500333944,13.234829500333944,13.234829500333944,13.234829500333944,0.0
276,119.1029852824221,100.0,12.71875,20.29747040119778,5026.277187812411,15,15,3211,4.0,4,0.0,49.6,1.0,1.0,1.0,90.99999999999999,1.0,1.0,1.0,12.852322399703553,12.852322399703553,12.852322399703553,12.852322399703553,0.0
277,36.63467805212751,100.0,13.15,21.04441731196186,6179.1145629984385,5,5,3220,4.0,4,0.0,44.55555555555556,1.0,1.0,1.0,83.44444444444444,1.0,1.0,1.0,14.836839222375097,14.836839222375097,14.836839222375097,14.836839222375097,0.0
278,73.2554931163433,100.0,11.88888888888889,18.86010879352778,6472.717016333465,9,9,3220,4.0,4,100.0,0.0
279,0,0,0,0,0,0,0,3226,4,4,0.0,48.666666666666664,1.0,1.0,1.0,95.0,1.0,1.0,1.0,14.76038399960089,14.76038399960089,14.76038399960089,14.76038399960089,0.0
280,43.63555210739663,100.0,12.916666666666668,20.640272123529122,5063.428839999688,6,6,3231,4.0,4,0.0,48.8,1.0,1.0,1.0,99.0,1.0,1.0,1.0,19.012296400615014,19.012296400615014,19.012296400615014,19.012296400615014,0.0
281,35.62709252199716,100.0,12.950000000000001,20.69800715044808,6295.566097799747,5,5,3246,4.0,4,6.666666666666671,40.26666666666667,1.0,1.0,1.0,91.73333333333333,1.0,1.0,1.0,11.897141333368685,11.897141333368685,11.897141333368685,11.897141333368685,0.0
282,124.85545179151795,100.0,10.816666666666666,17.002965427634482,4431.570604799587,14,14,3252,4.0,4,0.0,41.833333333333336,1.0,1.0,1.0,90.33333333333333,1.0,1.0,1.0,14.088687166804448,14.088687166804448,14.088687166804448,14.088687166804448,0.0
283,49.430926110557635,100.0,11.208333333333332,17.68135199393229,4305.537929333393,6,6,3262,4.0,4,0.0,43.49999999999999,0.9999999999999999,0.9999999999999999,0.9999999999999999,86.4,0.9999999999999999,0.9999999999999999,0.9999999999999999,18.872434499280644,18.872434499280644,18.872434499280644,18.872434499280644,0.0
284,81.70762165553293,100.0,11.625,18.40303983041932,5137.606740099727,10,10,3278,4.0,4,0.0,49.625,1.0,1.0,1.0,98.375,1.0,1.0,1.0,11.404619812310557,11.404619812310557,11.404619812310557,11.404619812310557,0.0
285,112.91419988058354,100.0,13.15625,21.055242629509163,4401.414645437626,16,16,3284,4.0,4,0.0,50.0,1.0,1.0,1.0,99.00000000000001,1.0,1.0,1.0,12.269723666274027,12.269723666274027,12.269723666274027,12.269723666274027,0.0
286,41.97548362903343,100.0,13.250000000000004,21.217622392718745,3414.00342483333,6,6,3298,4.0,4,0.0,38.28571428571429,0.9999999999999999,0.9999999999999999,0.9999999999999999,89.78571428571429,0.9999999999999999,0.9999999999999999,0.9999999999999999,12.96976371382438,12.96976371382438,12.96976371382438,12.96976371382438,0.0
287,123.20481352711722,100.0,10.32142857142857,16.14518788483846,6511.570400571664,14,14,3314,4.0,4,0.0,40.0,1.0,1.0,1.0,99.0,1.0,1.0,1.0,36.5672965003796,36.5672965003796,36.5672965003796,36.5672965003796,0.0
288,131.153637412908,100.0,10.750000000000002,16.887495373796554,4051.7337127503197,16,16,3329,4.0,4,13.333333333333329,47.06666666666667,1.0,1.0,1.0,89.53333333333335,1.0,1.0,1.0,12.721730333335776,12.721730333335776,12.721730333335776,12.721730333335776,0.0
289,114.36243922713626,100.0,12.516666666666673,19.947451800501575,4439.326981600364,13,13,3339,4.0,4,0.0,48.5,0.9999999999999999,0.9999999999999999,0.9999999999999999,87.5,0.9999999999999999,0.9999999999999999,0.9999999999999999,11.129159600022831,11.129159600022831,11.129159600022831,11.129159600022831,0.0
290,75.65407069656332,100.0,12.875,20.568103339880416,4759.8313589998725,10,10,3353,4.0,4,0.0,50.857142857142854,0.9999999999999999,0.9999999999999999,0.9999999999999999,91.57142857142858,0.9999999999999999,0.9999999999999999,0.9999999999999999,11.161035786374539,11.161035786374539,11.161035786374539,11.161035786374539,0.0
291,100.04715180441423,100.0,13.464285714285715,21.58877613719779,3771.8814146433683,14,14,3359,4.0,4,0.0,56.00000000000001,1.0,1.0,1.0,99.00000000000001,1.0,1.0,1.0,10.054162833209071,10.054162833209071,10.054162833209071,10.054162833209071,0.0
292,38.894557673633855,100.0,14.75,23.815698604072068,3876.0891946670504,6,6,3359,4.0,4,100.0,0.0
293,0,0,0,0,0,0,0,3372,4,4,0.0,50.615384615384606,0.9999999999999999,0.9999999999999999,0.9999999999999999,86.15384615384615,0.9999999999999999,0.9999999999999999,0.9999999999999999,13.911809230753883,13.911809230753883,13.911809230753883,13.911809230753883,0.0
294,96.00966689509751,100.0,13.403846153846155,21.48409174772934,5974.26705646201,13,13,3391,4.0,4,0.0,56.789473684210535,1.0000000000000002,1.0000000000000002,1.0000000000000002,94.26315789473686,1.0000000000000002,1.0000000000000002,1.0000000000000002,12.559568578389621,12.559568578389621,12.559568578389621,12.559568578389621,0.0
295,124.99218268896588,100.0,14.947368421052634,24.157550737144867,3888.6120784210157,19,19,3404,4.0,4,0.0,45.53846153846155,0.9999999999999999,0.9999999999999999,0.9999999999999999,84.46153846153847,0.9999999999999999,0.9999999999999999,0.9999999999999999,13.795167000353104,13.795167000353104,13.795167000353104,13.795167000353104,0.0
296,104.12277542545667,100.0,12.13461538461539,19.28571956889192,5137.796942769525,13,13,3420,4.0,4,0.0,45.0,1.0,1.0,1.0,92.0,1.0,1.0,1.0,11.535903125150071,11.535903125150071,11.535903125150071,11.535903125150071,0.0
297,123.96769729670393,100.0,12.000000000000002,19.052558883257653,3662.4163589999625,16,16,3435,4.0,4,6.666666666666671,40.66666666666668,1.0,1.0,1.0,83.06666666666668,1.0,1.0,1.0,36.159933200057516,36.159933200057516,36.159933200057516,36.159933200057516,0.0
298,128.9581429815158,100.0,10.916666666666664,17.176170508391365,7974.49559539964,14,14,3442,4.0,4,0.0,38.57142857142857,1.0,1.0,1.0,94.14285714285715,1.0,1.0,1.0,17.1353270000379,17.1353270000379,17.1353270000379,17.1353270000379,0.0
299,59.227538505741144,100.0,10.392857142857146,16.268905799664815,7739.128633571194,7,7,3456,4.0,4,0.0,45.714285714285715,0.9999999999999999,0.9999999999999999,0.9999999999999999,90.14285714285718,0.9999999999999999,0.9999999999999999,0.9999999999999999,23.32186457143897,23.32186457143897,23.32186457143897,23.32186457143897,0.0
300,109.30710147936557,100.0,12.17857142857143,19.36185367032352,5248.958008428807,14,14,3468,4.0,4,0.0,52.91666666666666,0.9999999999999999,0.9999999999999999,0.9999999999999999,90.91666666666669,0.9999999999999999,0.9999999999999999,0.9999999999999999,47.38267899998997,47.38267899998997,47.38267899998997,47.38267899998997,0.0
301,84.24352171401095,100.0,13.979166666666668,22.480576106571057,4385.103020332887,12,12,3482,4.0,4,0.0,54.28571428571429,0.9999999999999999,0.9999999999999999,0.9999999999999999,89.57142857142857,0.9999999999999999,0.9999999999999999,0.9999999999999999,11.917489214153777,11.917489214153777,11.917489214153777,11.917489214153777,0.0
302,96.90735617736325,100.0,14.321428571428573,23.073391115113974,5085.765189714688,14,14,3499,4.0,4,11.764705882352942,47.411764705882355,1.0,1.0,1.0,82.82352941176472,1.0,1.0,1.0,12.335196176162057,12.335196176162057,12.335196176162057,12.335196176162057,0.0
303,133.67692197552034,100.0,12.602941176470589,20.096883634880065,4357.216716234902,15,15,3513,4.0,4,0.0,50.0,0.9999999999999999,0.9999999999999999,0.9999999999999999,99.00000000000001,0.9999999999999999,0.9999999999999999,0.9999999999999999,12.078141357311065,12.078141357311065,12.078141357311065,12.078141357311065,0.0
304,97.94359978010898,100.0,13.250000000000004,21.217622392718745,3665.3146735708497,14,14,3525,4.0,4,0.0,44.83333333333333,0.9999999999999999,0.9999999999999999,0.9999999999999999,95.0,0.9999999999999999,0.9999999999999999,0.9999999999999999,11.98510591621016,11.98510591621016,11.98510591621016,11.98510591621016,0.0
305,93.09608226340141,100.0,11.958333333333334,18.980390099608947,4857.6109780836605,12,12,3541,4.0,4,0.0,39.0,1.0,1.0,1.0,92.0,1.0,1.0,1.0,11.56669450051595,11.56669450051595,11.56669450051595,11.56669450051595,0.0
306,137.22726709731097,100.0,10.500000000000002,16.454482671904337,3837.832754812098,16,16,3543,4.0,4,0.0,39.0,1.0,1.0,1.0,92.0,1.0,1.0,1.0,9.478800500801299,9.478800500801299,9.478800500801299,9.478800500801299,0.0
307,17.1546611235637,100.0,10.500000000000002,16.454482671904337,3446.385012999599,2,2,3558,4.0,4,0.0,35.86666666666666,1.0,1.0,1.0,83.53333333333333,1.0,1.0,1.0,12.303440732891127,12.303440732891127,12.303440732891127,12.303440732891127,0.0
308,135.7639932944217,100.0,9.716666666666667,15.097709539308715,4395.026629600518,15,15,3574,4.0,4,18.75,40.6875,1.0,1.0,1.0,78.875,1.0,1.0,1.0,15.931828375187251,15.931828375187251,15.931828375187251,15.931828375187251,0.0
309,142.00044011392595,100.0,10.921875,17.185191606347452,6227.217305437307,13,13,3583,4.0,4,0.0,49.666666666666664,1.0,1.0,1.0,86.66666666666667,1.0,1.0,1.0,11.928591112033851,11.928591112033851,11.928591112033851,11.928591112033851,0.0
310,67.13802954259812,100.0,13.166666666666668,21.073284825421336,4415.721074443961,9,9,3596,4.0,4,0.0,54.92307692307693,0.9999999999999999,0.9999999999999999,0.9999999999999999,90.53846153846156,0.9999999999999999,0.9999999999999999,0.9999999999999999,12.727669615672381,12.727669615672381,12.727669615672381,12.727669615672381,0.0
311,88.93037967668991,100.0,14.480769230769235,23.34937723280352,3395.511788231278,13,13,3615,4.0,4,0.0,50.78947368421053,1.0000000000000002,1.0000000000000002,1.0000000000000002,90.10526315789473,1.0000000000000002,1.0000000000000002,1.0000000000000002,35.48467557897981,35.48467557897981,35.48467557897981,35.48467557897981,0.0
312,138.25093758416037,100.0,13.447368421052634,21.559474525791554,6003.7215358421045,19,19,3620,4.0,4,60.0,47.800000000000004,1.0,1.0,1.0,73.80000000000001,1.0,1.0,1.0,18.83176179981092,18.83176179981092,18.83176179981092,18.83176179981092,0.0
313,41.160359469938435,100.0,12.7,20.264994448555868,5741.116594999767,2,2,3620,4.0,4,100.0,0.0
314,0,0,0,0,0,0,0,3636,4,4,0.0,50.375,1.0,1.0,1.0,91.875,1.0,1.0,1.0,11.257751812081551,11.257751812081551,11.257751812081551,11.257751812081551,0.0
315,115.57585290677177,100.0,13.343750000000002,21.38000215592833,3713.972696687506,16,16,3642,4.0,4,0.0,52.0,1.0,1.0,1.0,95.66666666666666,1.0,1.0,1.0,10.922840166434375,10.922840166434375,10.922840166434375,10.922840166434375,0.0
316,41.59178365346777,100.0,13.749999999999998,22.08364779650318,5255.696513000657,6,6,3647,4.0,4,20.0,45.199999999999996,1.0,1.0,1.0,78.0,1.0,1.0,1.0,10.865861600177595,10.865861600177595,10.865861600177595,10.865861600177595,0.0
317,41.76874645313503,100.0,12.05,19.139161423636093,4272.874201400555,4,4,3659,4.0,4,0.0,54.333333333333336,0.9999999999999999,0.9999999999999999,0.9999999999999999,93.33333333333336,0.9999999999999999,0.9999999999999999,0.9999999999999999,11.853702166566412,11.853702166566412,11.853702166566412,11.853702166566412,0.0
318,81.44910354603437,100.0,14.333333333333334,23.094010767585026,4499.298572416895,12,12,3671,4.0,4,0.0,53.66666666666667,0.9999999999999999,0.9999999999999999,0.9999999999999999,93.75,0.9999999999999999,0.9999999999999999,0.9999999999999999,11.217133249980785,11.217133249980785,11.217133249980785,11.217133249980785,0.0
319,82.18043861648638,100.0,14.16666666666667,22.805335632990218,3771.9951434164614,12,12,3681,4.0,4,0.0,44.1,0.9999999999999999,0.9999999999999999,0.9999999999999999,86.0,0.9999999999999999,0.9999999999999999,0.9999999999999999,11.309335399710108,11.309335399710108,11.309335399710108,11.309335399710108,0.0
320,81.03664461001246,100.0,11.774999999999999,18.66284745155465,5305.546085600872,10,10,3697,4.0,4,0.0,51.0,1.0,1.0,1.0,94.0,1.0,1.0,1.0,11.277895500143131,11.277895500143131,11.277895500143131,11.277895500143131,0.0
321,113.24050926254388,100.0,13.5,21.650635094610966,3874.612568937664,16,16,3703,4.0,4,0.0,46.833333333333336,1.0,1.0,1.0,97.33333333333333,1.0,1.0,1.0,11.3862476664508,11.3862476664508,11.3862476664508,11.3862476664508,0.0
322,44.35808008060644,100.0,12.458333333333334,19.846415503393384,4433.571687500565,6,6,3707,4.0,4,0.0,46.25,1.0,1.0,1.0,96.5,1.0,1.0,1.0,11.31673825057078,11.31673825057078,11.31673825057078,11.31673825057078,0.0
323,29.964693787982867,100.0,12.3125,19.593824760622923,4667.718034748759,4,4,3724,4.0,4,5.882352941176478,40.82352941176471,1.0,1.0,1.0,90.05882352941175,1.0,1.0,1.0,12.321448352261488,12.321448352261488,12.321448352261488,12.321448352261488,0.0
324,142.26567701617827,100.0,10.955882352941176,17.244094069472503,3890.1602508828064,16,16,3736,4.0,4,0.0,42.50000000000001,0.9999999999999999,0.9999999999999999,0.9999999999999999,93.25000000000001,0.9999999999999999,0.9999999999999999,0.9999999999999999,10.680816916040689,10.680816916040689,10.680816916040689,10.680816916040689,0.0
325,96.65411724275029,100.0,11.374999999999998,17.970027128527104,4391.6093143334365,12,12,3743,4.0,4,0.0,42.857142857142854,1.0,1.0,1.0,94.0,1.0,1.0,1.0,10.99565185774866,10.99565185774866,10.99565185774866,10.99565185774866,0.0
326,55.90619984253682,100.0,11.464285714285715,18.124674522060037,3548.314098429338,7,7,3761,4.0,4,5.555555555555557,47.77777777777777,1.0000000000000002,1.0000000000000002,1.0000000000000002,90.22222222222221,1.0000000000000002,1.0000000000000002,1.0000000000000002,10.96379111105408,10.96379111105408,10.96379111105408,10.96379111105408,0.0
327,136.02330162722367,100.0,12.694444444444445,20.25537194406937,3918.006915500074,17,17,3767,4.0,4,0.0,47.5,1.0,1.0,1.0,86.49999999999999,1.0,1.0,1.0,11.403575999793247,11.403575999793247,11.403575999793247,11.403575999793247,0.0
328,46.166216187758415,100.0,12.625,20.1350906379882,3992.5715744987733,6,6,3782,4.0,4,6.666666666666671,48.66666666666667,1.0,1.0,1.0,83.33333333333334,1.0,1.0,1.0,10.822740800116057,10.822740800116057,10.822740800116057,10.822740800116057,0.0
329,116.6770374356786,100.0,12.916666666666664,20.640272123529122,4145.174405732784,14,14,3795,4.0,4,7.692307692307693,56.6153846153846,0.9999999999999999,0.9999999999999999,0.9999999999999999,93.30769230769232,0.9999999999999999,0.9999999999999999,0.9999999999999999,10.396232538858804,10.396232538858804,10.396232538858804,10.396232538858804,0.0
330,86.42606164298083,100.0,14.903846153846153,24.082167959082664,3431.4974953846945,12,12,3801,4.0,4,0.0,57.00000000000001,1.0,1.0,1.0,94.0,1.0,1.0,1.0,11.126278666779399,11.126278666779399,11.126278666779399,11.126278666779399,0.0
331,39.467323551119215,100.0,15.000000000000002,24.248711305964278,5993.78033466625,6,6,3821,4.0,4,5.0,52.34999999999997,1.0000000000000002,1.0000000000000002,1.0000000000000002,89.6,1.0000000000000002,1.0000000000000002,1.0000000000000002,11.0157867999078,11.0157867999078,11.0157867999078,11.0157867999078,0.0
332,143.08173497524848,100.0,13.8375,22.235202242165457,4339.181744949747,19,19,3840,4.0,4,0.0,48.84210526315791,1.0000000000000002,1.0000000000000002,1.0000000000000002,96.36842105263156,1.0000000000000002,1.0000000000000002,1.0000000000000002,11.993322052340341,11.993322052340341,11.993322052340341,11.993322052340341,0.0
333,137.36769485689587,100.0,12.960526315789474,20.716239264211964,3800.282213736002,19,19,3843,4.0,4,0.0,46.0,1.0,1.0,1.0,98.99999999999999,1.0,1.0,1.0,17.58614133359515,17.58614133359515,17.58614133359515,17.58614133359515,0.0
334,22.23977382740331,100.0,12.250000000000002,19.48557158514987,6054.202494000492,3,3,3843,4.0,4,100.0,0.0
335,0,0,0,0,0,0,0,3859,4,4,0.0,42.75000000000001,1.0,1.0,1.0,91.875,1.0,1.0,1.0,15.302876124451359,15.302876124451359,15.302876124451359,15.302876124451359,0.0
336,129.13236281052036,100.0,11.437500000000002,18.07828030400016,3645.544356562368,16,16,3864,4.0,4,0.0,39.2,1.0,1.0,1.0,80.60000000000001,1.0,1.0,1.0,19.20385819976218,19.20385819976218,19.20385819976218,19.20385819976218,0.0
337,45.01232551100884,100.0,10.55,16.541085212282777,5020.875779999187,5,5,3871,4.0,4,14.285714285714292,41.85714285714286,1.0,1.0,1.0,82.42857142857142,1.0,1.0,1.0,10.642995285577074,10.642995285577074,10.642995285577074,10.642995285577074,0.0
338,59.77739046645795,100.0,11.214285714285714,17.691661820167816,3701.468154428897,6,6,3887,4.0,4,0.0,43.0,1.0,1.0,1.0,92.0,1.0,1.0,1.0,11.272651749550278,11.272651749550278,11.272651749550278,11.272651749550278,0.0
339,127.96792337700774,100.0,11.5,18.186533479473212,3498.7006302503687,16,16,3894,4.0,4,0.0,41.285714285714285,1.0,1.0,1.0,89.42857142857143,1.0,1.0,1.0,11.396765428279261,11.396765428279261,11.396765428279261,11.396765428279261,0.0
340,58.24437396978733,100.0,11.071428571428573,17.444225990515122,4190.321471714664,7,7,3910,4.0,4,0.0,47.25,1.0,1.0,1.0,89.875,1.0,1.0,1.0,10.924003561967766,10.924003561967766,10.924003561967766,10.924003561967766,0.0
341,121.49351633002775,100.0,12.562499999999998,20.026837462515143,4954.291234375205,16,16,3926,4.0,4,0.0,44.4375,1.0,1.0,1.0,89.3125,1.0,1.0,1.0,11.131444000284318,11.131444000284318,11.131444000284318,11.131444000284318,0.0
342,127.54014101750177,100.0,11.859375,18.808989238443278,4713.632131187524,16,16,3932,4.0,4,0.0,42.0,1.0,1.0,1.0,95.66666666666667,1.0,1.0,1.0,11.023435833218779,11.023435833218779,11.023435833218779,11.023435833218779,0.0
343,48.300970955014364,100.0,11.25,17.75352077758099,3616.92486916642,6,6,3932,4.0,4,100.0,0.0
344,0,0,0,0,0,0,0,3948,4,4,0.0,44.0,1.0,1.0,1.0,99.0,1.0,1.0,1.0,10.620674374422379,10.620674374422379,10.620674374422379,10.620674374422379,0.0
345,122.46472549115649,100.0,11.75,18.619546181365433,3607.1212129998003,16,16,3963,4.0,4,0.0,39.266666666666666,1.0,1.0,1.0,89.33333333333337,1.0,1.0,1.0,10.396433932813428,10.396433932813428,10.396433932813428,10.396433932813428,0.0
346,129.16989840018257,100.0,10.566666666666666,16.56995272574226,3790.8877489331644,15,15,3963,4.0,4,100.0,0.0
347,0,0,0,0,0,0,0,3978,4,4,33.33333333333334,36.00000000000001,1.0,1.0,1.0,74.73333333333333,1.0,1.0,1.0,11.645093066181289,11.645093066181289,11.645093066181289,11.645093066181289,0.0
348,136.66747576636354,100.0,9.75,15.155444566227677,4539.508808133299,10,10,3982,4.0,4,25.0,44.99999999999999,1.0,1.0,1.0,80.25,1.0,1.0,1.0,11.40408750052302,11.40408750052302,11.40408750052302,11.40408750052302,0.0
349,32.789818391096354,100.0,12.0,19.05255888325765,3932.636161749542,3,3,3994,4.0,4,0.0,46.66666666666667,0.9999999999999999,0.9999999999999999,0.9999999999999999,91.91666666666669,0.9999999999999999,0.9999999999999999,0.9999999999999999,11.029758083774746,11.029758083774746,11.029758083774746,11.029758083774746,0.0
350,91.13478790652093,100.0,12.416666666666664,19.774246719744685,3530.379461083006,12,12,4010,4.0,4,0.0,46.4375,1.0,1.0,1.0,88.75,1.0,1.0,1.0,11.499584563125609,11.499584563125609,11.499584563125609,11.499584563125609,0.0
351,124.36500452759276,100.0,12.359375,19.675014642227715,4063.8183176247367,16,16,4014,4.0,4,25.0,48.0,1.0,1.0,1.0,79.5,1.0,1.0,1.0,12.700346499514126,12.700346499514126,12.700346499514126,12.700346499514126,0.0
352,31.73338008587807,100.0,12.75,20.351596988934308,6480.549349250396,3,3,4022,4.0,4,0.0,56.00000000000001,1.0,1.0,1.0,96.0,1.0,1.0,1.0,10.929862625289388,10.929862625289388,10.929862625289388,10.929862625289388,0.0
353,52.572642850493246,100.0,14.750000000000002,23.815698604072068,3616.924648749773,8,8,4035,4.0,4,7.692307692307693,51.846153846153854,0.9999999999999999,0.9999999999999999,0.9999999999999999,89.30769230769232,0.9999999999999999,0.9999999999999999,0.9999999999999999,11.431132538396364,11.431132538396364,11.431132538396364,11.431132538396364,0.0
354,93.82566174787144,100.0,13.711538461538463,22.01703045775054,4592.540766153644,12,12,4053,4.0,4,0.0,49.27777777777778,1.0000000000000002,1.0000000000000002,1.0000000000000002,95.16666666666667,1.0000000000000002,1.0000000000000002,1.0000000000000002,11.046851611253159,11.046851611253159,11.046851611253159,11.046851611253159,0.0
355,129.45019863434118,100.0,13.069444444444445,20.9048909969077,3845.059976943756,18,18,4065,4.0,4,0.0,47.16666666666667,0.9999999999999999,0.9999999999999999,0.9999999999999999,89.50000000000001,0.9999999999999999,0.9999999999999999,0.9999999999999999,11.611670666752616,11.611670666752616,11.611670666752616,11.611670666752616,0.0
356,91.76867085915633,100.0,12.54166666666667,19.990753070690793,4019.7498155833578,12,12,4081,4.0,4,0.0,45.0625,1.0,1.0,1.0,87.0,1.0,1.0,1.0,11.785068187464276,11.785068187464276,11.785068187464276,11.785068187464276,0.0
357,127.54120822328792,100.0,12.015625,19.079622177125916,4120.023453812109,16,16,4087,4.0,4,0.0,49.00000000000001,1.0,1.0,1.0,96.0,1.0,1.0,1.0,11.194319664961464,11.194319664961464,11.194319664961464,11.194319664961464,0.0
358,43.10305295173125,100.0,13.0,20.78460969082653,3394.7883271660735,6,6,4103,4.0,4,0.0,51.5625,1.0,1.0,1.0,86.375,1.0,1.0,1.0,12.027371312342439,12.027371312342439,12.027371312342439,12.027371312342439,0.0
359,117.06138160589369,100.0,13.640625,21.894204739425337,3828.5173511872017,16,16,4118,4.0,4,0.0,54.46666666666666,1.0,1.0,1.0,89.13333333333333,1.0,1.0,1.0,10.949847400479484,10.949847400479484,10.949847400479484,10.949847400479484,0.0
360,103.92952135010279,100.0,14.366666666666669,23.151745794503995,4092.5661966660605,15,15,4124,4.0,4,0.0,47.833333333333336,1.0,1.0,1.0,86.0,1.0,1.0,1.0,13.102245832972889,13.102245832972889,13.102245832972889,13.102245832972889,0.0
361,46.06598574172925,100.0,12.708333333333336,20.27942820528561,5543.922967166509,6,6,4136,4.0,4,0.0,41.66666666666666,0.9999999999999999,0.9999999999999999,0.9999999999999999,90.25000000000001,0.9999999999999999,0.9999999999999999,0.9999999999999999,13.17938074923101,13.17938074923101,13.17938074923101,13.17938074923101,0.0
362,99.63587985489099,100.0,11.166666666666668,17.609183210283586,4555.13873900054,12,12,4152,4.0,4,0.0,41.125,1.0,1.0,1.0,93.12499999999999,1.0,1.0,1.0,16.52722906192139,16.52722906192139,16.52722906192139,16.52722906192139,0.0
363,132.1424790560511,100.0,11.03125,17.3746346634253,4027.3003259380857,16,16,4156,4.0,4,25.0,43.25,1.0,1.0,1.0,73.25,1.0,1.0,1.0,10.920783750407281,10.920783750407281,10.920783750407281,10.920783750407281,0.0
364,34.25453575928784,100.0,11.5625,18.294786654946268,5440.405158749854,3,3,4163,4.0,4,14.285714285714292,48.85714285714286,1.0,1.0,1.0,82.28571428571428,1.0,1.0,1.0,14.05031957204171,14.05031957204171,14.05031957204171,14.05031957204171,0.0
365,54.12429731167488,100.0,12.964285714285717,20.722750733413356,5250.524999000066,6,6,4179,4.0,4,12.5,55.25,1.0,1.0,1.0,90.75,1.0,1.0,1.0,11.51087925018146,11.51087925018146,11.51087925018146,11.51087925018146,0.0
366,109.69257800495697,100.0,14.5625,23.490939077652897,4996.066713625169,14,14,4187,4.0,4,0.0,51.75000000000001,1.0,1.0,1.0,90.625,1.0,1.0,1.0,13.011871375056216,13.011871375056216,13.011871375056216,13.011871375056216,0.0
367,57.09940247794455,100.0,13.687500000000002,21.97539462103013,4559.799382875099,8,8,4187,4.0,4,100.0,0.0
368,0,0,0,0,0,0,0,4203,4,4,0.0,48.9375,1.0,1.0,1.0,83.87499999999999,1.0,1.0,1.0,11.144201625256756,11.144201625256756,11.144201625256756,11.144201625256756,0.0
369,122.03207541979677,100.0,12.984374999999998,20.757546396958265,4756.768545062414,16,16,4209,4.0,4,0.0,53.333333333333336,1.0,1.0,1.0,91.66666666666666,1.0,1.0,1.0,13.275530667063626,13.275530667063626,13.275530667063626,13.275530667063626,0.0
370,41.62656026271726,100.0,14.083333333333336,22.66099806569281,4715.929915999975,6,6,4212,4.0,4,0.0,54.0,1.0,1.0,1.0,92.0,1.0,1.0,1.0,13.031682000776831,13.031682000776831,13.031682000776831,13.031682000776831,0.0
371,20.568762433105697,100.0,14.250000000000002,22.949673200287624,3819.68875433328,3,3,4228,4.0,4,0.0,49.9375,1.0,1.0,1.0,85.24999999999999,1.0,1.0,1.0,11.90726268760045,11.90726268760045,11.90726268760045,11.90726268760045,0.0
372,119.622667816103,100.0,13.234375000000002,21.190559098850482,4590.926125499664,16,16,4243,4.0,4,0.0,54.933333333333344,1.0,1.0,1.0,95.0,1.0,1.0,1.0,11.023835000135781,11.023835000135781,11.023835000135781,11.023835000135781,0.0
373,100.4451563732473,100.0,14.483333333333334,23.353818388720363,3741.2009176667198,15,15,4259,4.0,4,0.0,54.37500000000001,1.0,1.0,1.0,93.375,1.0,1.0,1.0,10.98969312488407,10.98969312488407,10.98969312488407,10.98969312488407,0.0
374,108.87340975615078,100.0,14.343750000000002,23.11205296349721,4103.646967374743,16,16,4274,4.0,4,0.0,51.200000000000024,1.0,1.0,1.0,89.93333333333334,1.0,1.0,1.0,10.525829266650058,10.525829266650058,10.525829266650058,10.525829266650058,0.0
375,108.36905825637966,100.0,13.549999999999999,21.73723763498941,4134.035036400262,15,15,4281,4.0,4,0.0,54.142857142857146,1.0,1.0,1.0,95.57142857142857,1.0,1.0,1.0,11.070699142562392,11.070699142562392,11.070699142562392,11.070699142562392,0.0
376,47.28188563942935,100.0,14.285714285714285,23.011532157700803,5943.074448571549,7,7,4291,4.0,4,0.0,41.4,0.9999999999999999,0.9999999999999999,0.9999999999999999,87.6,0.9999999999999999,0.9999999999999999,0.9999999999999999,10.69970180033124,10.69970180033124,10.69970180033124,10.69970180033124,0.0
377,84.09671088824925,100.0,11.099999999999998,17.49371315644566,4393.449713099835,10,10,4307,4.0,4,0.0,42.3125,1.0,1.0,1.0,92.625,1.0,1.0,1.0,17.57931406291391,17.57931406291391,17.57931406291391,17.57931406291391,0.0
378,129.73443578401657,100.0,11.328125000000002,17.88883724692231,3464.271565187346,16,16,4313,4.0,4,0.0,43.0,1.0,1.0,1.0,92.0,1.0,1.0,1.0,34.62906083344327,34.62906083344327,34.62906083344327,34.62906083344327,0.0
379,47.9459297300269,100.0,11.5,18.186533479473212,3231.3736465002876,6,6,4314,4.0,4,0.0,43.0,1.0,1.0,1.0,92.0,1.0,1.0,1.0,9.646642000006977,9.646642000006977,9.646642000006977,9.646642000006977,0.0
380,7.998483013987846,100.0,11.5,18.186533479473212,5336.236756997096,1,1,4330,4.0,4,12.5,46.93750000000001,1.0,1.0,1.0,80.1875,1.0,1.0,1.0,15.228674687250532,15.228674687250532,15.228674687250532,15.228674687250532,0.0
381,128.49845964938012,100.0,12.484375000000002,19.891520993173824,4199.104369625275,14,14,4346,4.0,4,0.0,54.43750000000001,1.0,1.0,1.0,91.56249999999999,1.0,1.0,1.0,11.2676810629182,11.2676810629182,11.2676810629182,11.2676810629182,0.0
382,109.57682430073532,100.0,14.359375000000002,23.139116257365473,3738.18737400029,16,16,4362,4.0,4,6.25,49.18749999999999,1.0,1.0,1.0,86.375,1.0,1.0,1.0,12.077322748837105,12.077322748837105,12.077322748837105,12.077322748837105,0.0
383,120.7592653879247,100.0,13.046875,20.86579957243132,5756.778631686984,15,15,4370,4.0,4,0.0,52.125,1.0,1.0,1.0,89.625,1.0,1.0,1.0,11.544264749318245,11.544264749318245,11.544264749318245,11.544264749318245,0.0
384,56.9480203448101,100.0,13.78125,22.137774384239712,3771.131246749974,8,8,4376,4.0,4,0.0,50.83333333333333,1.0,1.0,1.0,85.99999999999999,1.0,1.0,1.0,11.873099666142176,11.873099666142176,11.873099666142176,11.873099666142176,0.0
385,44.25658205965961,100.0,13.458333333333336,21.578466310962263,4684.045919166844,6,6,4386,4.0,4,20.0,53.400000000000006,0.9999999999999999,0.9999999999999999,0.9999999999999999,86.10000000000001,0.9999999999999999,0.9999999999999999,0.9999999999999999,10.285941600159276,10.285941600159276,10.285941600159276,10.285941600159276,0.0
386,72.46570860770822,100.0,14.100000000000001,22.689865579152297,4764.517199499824,8,8,4404,4.0,4,0.0,57.111111111111114,1.0000000000000002,1.0000000000000002,1.0000000000000002,93.77777777777777,1.0000000000000002,1.0000000000000002,1.0000000000000002,10.789306833935875,10.789306833935875,10.789306833935875,10.789306833935875,0.0
387,118.48953701397834,100.0,15.027777777777782,24.296823828396754,4529.825238222757,18,18,4410,4.0,4,16.666666666666657,44.66666666666667,1.0,1.0,1.0,72.33333333333333,1.0,1.0,1.0,11.384086833762316,11.384086833762316,11.384086833762316,11.384086833762316,0.0
388,51.355355984276386,100.0,11.91666666666667,18.908221315960247,5997.176850499575,5,5,4417,4.0,4,14.285714285714292,42.85714285714287,1.0,1.0,1.0,80.42857142857143,1.0,1.0,1.0,14.820215714280494,14.820215714280494,14.820215714280494,14.820215714280494,0.0
389,59.32259844755188,100.0,11.464285714285714,18.124674522060037,6190.592205285481,6,6,4432,4.0,4,0.0,45.79999999999999,1.0,1.0,1.0,86.66666666666669,1.0,1.0,1.0,12.123106400152514,12.123106400152514,12.123106400152514,12.123106400152514,0.0
390,117.94132171284458,100.0,12.200000000000001,19.398969044771423,3416.837689333382,15,15,4443,4.0,4,0.0,41.81818181818182,0.9999999999999999,0.9999999999999999,0.9999999999999999,83.27272727272728,0.9999999999999999,0.9999999999999999,0.9999999999999999,14.346954090631863,14.346954090631863,14.346954090631863,14.346954090631863,0.0
391,93.3955932061036,100.0,11.204545454545455,17.674791195418774,5681.565464363798,11,11,4462,4.0,4,5.26315789473685,40.421052631578945,1.0000000000000002,1.0000000000000002,1.0000000000000002,87.89473684210526,1.0000000000000002,1.0000000000000002,1.0000000000000002,12.418930316351563,12.418930316351563,12.418930316351563,12.418930316351563,0.0
392,160.30480120728276,100.0,10.855263157894738,17.06981651143538,4342.514493158792,18,18,4478,4.0,4,0.0,42.5625,1.0,1.0,1.0,91.375,1.0,1.0,1.0,11.138569500189988,11.138569500189988,11.138569500189988,11.138569500189988,0.0
393,129.41659067973546,100.0,11.390625000000002,17.997090422395367,3763.8962230623747,16,16,4494,4.0,4,6.25,40.6875,1.0,1.0,1.0,90.0625,1.0,1.0,1.0,15.507121375549104,15.507121375549104,15.507121375549104,15.507121375549104,0.0
394,134.43816782339553,100.0,10.921875,17.185191606347455,4597.845211249933,15,15,4494,4.0,4,100.0,0.0
395,0,0,0,0,0,0,0,4509,4,4,0.0,46.733333333333334,1.0,1.0,1.0,91.66666666666666,1.0,1.0,1.0,15.002701066744825,15.002701066744825,15.002701066744825,15.002701066744825,0.0
396,114.05218168723115,100.0,12.433333333333335,19.803114233204163,4183.729473932908,15,15,4516,4.0,4,0.0,48.142857142857146,1.0,1.0,1.0,95.57142857142857,1.0,1.0,1.0,10.323017857964649,10.323017857964649,10.323017857964649,10.323017857964649,0.0
397,51.199175775954004,100.0,12.785714285714286,20.413455946347483,4862.49689214258,7,7,4517,4.0,4,0.0,50.0,1.0,1.0,1.0,99.0,1.0,1.0,1.0,9.425863001524704,9.425863001524704,9.425863001524704,9.425863001524704,0.0
398,6.996767096371663,100.0,13.25,21.217622392718745,6100.394117001997,1,1,4532,4.0,4,0.0,53.86666666666665,1.0,1.0,1.0,87.33333333333331,1.0,1.0,1.0,14.781741866560575,14.781741866560575,14.781741866560575,14.781741866560575,0.0
399,106.19368002071127,100.0,14.216666666666669,22.89193817336867,4484.100140799758,15,15,4533,4.0,4,0.0,54.0,1.0,1.0,1.0,89.0,1.0,1.0,1.0,12.497617997723864,12.497617997723864,12.497617997723864,12.497617997723864,0.0
400,6.957930383457507,100.0,14.250000000000002,22.949673200287624,2704.5273080002517,1,1,4537,4.0,4,0.0,54.0,1.0,1.0,1.0,89.0,1.0,1.0,1.0,10.014795250754105,10.014795250754105,10.014795250754105,10.014795250754105,0.0
401,27.834700921126394,100.0,14.250000000000002,22.949673200287624,3041.1014049996083,4,4,4549,4.0,4,8.333333333333343,47.66666666666667,0.9999999999999999,0.9999999999999999,0.9999999999999999,82.25000000000001,0.9999999999999999,0.9999999999999999,0.9999999999999999,10.912524000256477,10.912524000256477,10.912524000256477,10.912524000256477,0.0
402,94.88419785090348,100.0,12.666666666666668,20.207259421636902,5242.516397084121,11,11,4551,4.0,4,0.0,34.5,1.0,1.0,1.0,61.5,1.0,1.0,1.0,13.799386499158572,13.799386499158572,13.799386499158572,13.799386499158572,0.0
403,20.0,100.0,9.375,14.505925513389345,8245.586356000786,2,2,4555,4.0,4,50.0,37.25000000000001,1.0,1.0,1.0,62.5,1.0,1.0,1.0,13.878238249162678,13.878238249162678,13.878238249162678,13.878238249162678,0.0
404,37.74323135532018,100.0,10.062500000000002,15.69671044359295,4992.372427250302,2,2,4571,4.0,4,0.0,47.5625,1.0,1.0,1.0,90.1875,1.0,1.0,1.0,12.208831374664442,12.208831374664442,12.208831374664442,12.208831374664442,0.0
405,120.90296266361685,100.0,12.640625,20.162153931856462,3727.5496759373254,16,16,4583,4.0,4,0.0,46.25,0.9999999999999999,0.9999999999999999,0.9999999999999999,92.25,0.9999999999999999,0.9999999999999999,0.9999999999999999,12.309419916164188,12.309419916164188,12.309419916164188,12.309419916164188,0.0
406,91.51208331790437,100.0,12.3125,19.593824760622926,3560.9660774161966,12,12,4592,4.0,4,0.0,44.33333333333333,1.0,1.0,1.0,88.66666666666667,1.0,1.0,1.0,10.939728888236763,10.939728888236763,10.939728888236763,10.939728888236763,0.0
407,71.80923807415444,100.0,11.833333333333334,18.763883748662835,5144.7244792216225,9,9,4606,4.0,4,0.0,43.571428571428584,0.9999999999999999,0.9999999999999999,0.9999999999999999,98.28571428571429,0.9999999999999999,0.9999999999999999,0.9999999999999999,11.148918856633827,11.148918856633827,11.148918856633827,11.148918856633827,0.0
408,108.34312811116489,100.0,11.642857142857142,18.433969309125906,3782.463834999362,14,14,4619,4.0,4,7.692307692307693,49.0,0.9999999999999999,0.9999999999999999,0.9999999999999999,93.30769230769232,0.9999999999999999,0.9999999999999999,0.9999999999999999,11.339621615031948,11.339621615031948,11.339621615031948,11.339621615031948,0.0
409,95.86643450105711,100.0,13.000000000000004,20.784609690826528,3687.3164859224253,12,12,4619,4.0,4,100.0,0.0
410,0,0,0,0,0,0,0,4635,4,4,0.0,56.6875,1.0,1.0,1.0,93.12499999999999,1.0,1.0,1.0,10.734436625170929,10.734436625170929,10.734436625170929,10.734436625170929,0.0
411,106.05350669539474,100.0,14.921875000000002,24.113394836622962,3793.4304402506314,16,16,4639,4.0,4,25.0,50.5,1.0,1.0,1.0,78.5,1.0,1.0,1.0,11.437713750638068,11.437713750638068,11.437713750638068,11.437713750638068,0.0
412,31.541260197852115,100.0,13.375,21.434128743664857,8370.609863251957,3,3,4652,4.0,4,23.076923076923066,50.30769230769232,0.9999999999999999,0.9999999999999999,0.9999999999999999,81.0,0.9999999999999999,0.9999999999999999,0.9999999999999999,12.956198307690032,12.956198307690032,12.956198307690032,12.956198307690032,0.0
413,99.66150877066877,100.0,13.32692307692308,21.35085707022405,5520.91560676882,10,10,4667,4.0,4,0.0,51.33333333333333,1.0,1.0,1.0,89.80000000000001,1.0,1.0,1.0,18.583402133178122,18.583402133178122,18.583402133178122,18.583402133178122,0.0
414,108.19174418547091,100.0,13.583333333333334,21.794972661908364,6126.754563465754,15,15,4677,4.0,4,0.0,38.9,0.9999999999999999,0.9999999999999999,0.9999999999999999,77.5,0.9999999999999999,0.9999999999999999,0.9999999999999999,58.60320680003497,58.60320680003497,58.60320680003497,58.60320680003497,0.0
415,90.96684128297119,100.0,10.475000000000001,16.41118140171511,4799.136403898592,10,10,4688,4.0,4,0.0,45.36363636363637,0.9999999999999999,0.9999999999999999,0.9999999999999999,91.0,0.9999999999999999,0.9999999999999999,0.9999999999999999,10.983018545878373,10.983018545878373,10.983018545878373,10.983018545878373,0.0
416,85.80419272724514,100.0,12.090909090909092,19.210018047582093,4311.87357236327,11,11,4703,4.0,4,0.0,51.800000000000004,1.0,1.0,1.0,88.93333333333332,1.0,1.0,1.0,11.390612397129493,11.390612397129493,11.390612397129493,11.390612397129493,0.0
417,108.2415727249618,100.0,13.700000000000001,21.997045256124746,4231.578512733297,15,15,4714,4.0,4,0.0,60.36363636363635,0.9999999999999999,0.9999999999999999,0.9999999999999999,95.36363636363636,0.9999999999999999,0.9999999999999999,0.9999999999999999,12.691525364061818,12.691525364061818,12.691525364061818,12.691525364061818,0.0
418,69.24154301081649,100.0,15.840909090909092,25.705208575965386,5355.046157728462,11,11,4714,4.0,4,100.0,0.0
419,0,0,0,0,0,0,0,4730,4,4,0.0,49.625,1.0,1.0,1.0,92.875,1.0,1.0,1.0,11.872469062836899,11.872469062836899,11.872469062836899,11.872469062836899,0.0
420,116.0340710921657,100.0,13.15625,21.055242629509163,5325.076268937664,16,16,4743,4.0,4,0.0,45.61538461538463,0.9999999999999999,0.9999999999999999,0.9999999999999999,96.92307692307693,0.9999999999999999,0.9999999999999999,0.9999999999999999,12.220428307885483,12.220428307885483,12.220428307885483,12.220428307885483,0.0
421,97.83915848346092,100.0,12.153846153846153,19.319028238268253,5377.554404615904,13,13,4757,4.0,4,14.285714285714292,48.214285714285715,0.9999999999999999,0.9999999999999999,0.9999999999999999,85.92857142857143,0.9999999999999999,0.9999999999999999,0.9999999999999999,12.538789714848722,12.538789714848722,12.538789714848722,12.538789714848722,0.0
422,107.39178084933674,100.0,12.80357142857143,20.44438542505407,4920.994151928296,12,12,4772,4.0,4,0.0,54.46666666666666,1.0,1.0,1.0,93.0,1.0,1.0,1.0,11.919681133197932,11.919681133197932,11.919681133197932,11.919681133197932,0.0
423,102.04427695585919,100.0,14.366666666666669,23.151745794503988,3951.737743866397,15,15,4778,4.0,4,0.0,52.83333333333333,1.0,1.0,1.0,90.66666666666666,1.0,1.0,1.0,15.416806335755004,15.416806335755004,15.416806335755004,15.416806335755004,0.0
424,42.14316169256507,100.0,13.958333333333334,22.444491714746704,6766.1547543333045,6,6,4792,4.0,4,0.0,50.99999999999999,0.9999999999999999,0.9999999999999999,0.9999999999999999,92.0,0.9999999999999999,0.9999999999999999,0.9999999999999999,48.653797999577364,48.653797999577364,48.653797999577364,48.653797999577364,0.0
425,99.49812764405715,100.0,13.5,21.65063509461097,3881.4537029294506,14,14,4807,4.0,4,0.0,45.33333333333333,1.0,1.0,1.0,96.33333333333334,1.0,1.0,1.0,16.514299266661208,16.514299266661208,16.514299266661208,16.514299266661208,0.0
426,113.90048993598148,100.0,12.083333333333336,19.196896450555055,4891.074784066586,15,15,4814,4.0,4,0.0,44.857142857142854,1.0,1.0,1.0,96.14285714285715,1.0,1.0,1.0,11.0565265713376,11.0565265713376,11.0565265713376,11.0565265713376,0.0
427,53.6903786691755,100.0,11.964285714285715,18.990699925844478,4064.1244259989303,7,7,4816,4.0,4,0.0,46.0,1.0,1.0,1.0,99.0,1.0,1.0,1.0,13.084288500976982,13.084288500976982,13.084288500976982,13.084288500976982,0.0
428,14.829216996635111,100.0,12.250000000000002,19.48557158514987,4217.325321500539,2,2,4831,4.0,4,13.333333333333329,50.866666666666646,1.0,1.0,1.0,86.06666666666668,1.0,1.0,1.0,11.003555933226986,11.003555933226986,11.003555933226986,11.003555933226986,0.0
429,112.22015377484091,100.0,13.466666666666665,21.592900067692007,3887.598232466553,13,13,4837,4.0,4,0.0,53.83333333333334,1.0,1.0,1.0,86.33333333333334,1.0,1.0,1.0,10.357187834112361,10.357187834112361,10.357187834112361,10.357187834112361,0.0
430,42.933365155435084,100.0,14.208333333333334,22.877504416638924,3992.499344333434,6,6,4855,4.0,4,0.0,53.888888888888886,1.0000000000000002,1.0000000000000002,1.0000000000000002,96.22222222222221,1.0000000000000002,1.0000000000000002,1.0000000000000002,10.561499610856925,10.561499610856925,10.561499610856925,10.561499610856925,0.0
431,122.82455475475167,100.0,14.222222222222225,22.901560677855155,4632.113537945163,18,18,4871,4.0,4,6.25,49.625,1.0,1.0,1.0,88.25,1.0,1.0,1.0,32.90207156305769,32.90207156305769,32.90207156305769,32.90207156305769,0.0
432,119.17001025526226,100.0,13.156250000000004,21.055242629509166,7140.1198404391835,15,15,4891,4.0,4,15.0,48.64999999999999,1.0000000000000002,1.0000000000000002,1.0000000000000002,83.80000000000001,1.0000000000000002,1.0000000000000002,1.0000000000000002,341.59855840043747,341.59855840043747,341.59855840043747,341.59855840043747,0.0
433,153.09371500808882,100.0,12.912500000000001,20.63305524516425,12119.30561224981,17,17,4905,4.0,4,0.0,40.57142857142856,0.9999999999999999,0.9999999999999999,0.9999999999999999,92.21428571428572,0.9999999999999999,0.9999999999999999,0.9999999999999999,12.675799999020196,12.675799999020196,12.675799999020196,12.675799999020196,0.0
434,116.47891583298949,100.0,10.892857142857144,17.13493120344925,4173.2340662154975,14,14,4921,4.0,4,6.25,43.1875,1.0,1.0,1.0,84.6875,1.0,1.0,1.0,12.607312437012297,12.607312437012297,12.607312437012297,12.607312437012297,0.0
435,132.5815970758487,100.0,11.546875,18.267723361078005,3970.295827874452,15,15,4928,4.0,4,0.0,49.00000000000001,1.0,1.0,1.0,87.85714285714285,1.0,1.0,1.0,12.356806712757264,12.356806712757264,12.356806712757264,12.356806712757264,0.0
436,52.33878026758475,100.0,13.0,20.784609690826525,3956.9272095728334,7,7,4934,4.0,4,0.0,47.333333333333336,1.0,1.0,1.0,77.33333333333334,1.0,1.0,1.0,11.720524834042104,11.720524834042104,11.720524834042104,11.720524834042104,0.0
437,48.20465421374246,100.0,12.583333333333336,20.0629218543395,4497.012627499013,6,6,4950,4.0,4,6.25,51.31250000000001,1.0,5.375,1.0,92.875,1.0,9.125000000000002,1.0,11.734954500752792,11.734954500752792,11.734954500752792,11.734954500752792,0.0
438,116.68649208577959,100.0,14.671875,21.27031011992101,4034.930733312194,15,15,4961,4.0,4,0.0,47.545454545454554,0.9999999999999999,7.999999999999999,0.9999999999999999,86.72727272727273,0.9999999999999999,14.000000000000004,0.9999999999999999,12.88538981911684,12.88538981911684,12.88538981911684,12.88538981911684,0.0
439,85.42550328718791,100.0,14.386363636363637,19.367269714963577,6283.366581545455,11,11,4974,4.0,4,15.384615384615387,44.6923076923077,0.9999999999999999,0.9999999999999999,0.9999999999999999,88.15384615384617,0.9999999999999999,0.9999999999999999,0.9999999999999999,14.264024998947907,14.264024998947907,14.264024998947907,14.264024998947907,0.0
440,103.80921087348781,100.0,11.923076923076923,18.919324205752357,5030.073584999347,11,11,4990,4.0,4,6.25,46.25,1.0,1.3750000000000002,1.0,90.75,1.0,1.625,1.0,58.0796331264537,58.0796331264537,58.0796331264537,58.0796331264537,0.0
441,119.75346424246118,100.0,12.40625,19.567606370391026,6463.947713873949,15,15,5010,4.0,4,20.0,44.74999999999999,1.0000000000000002,7.000000000000002,1.0000000000000002,86.24999999999999,1.0000000000000002,11.000000000000002,1.0000000000000002,14.381504149059765,14.381504149059765,14.381504149059765,14.381504149059765,0.0
442,162.9519070917522,100.0,13.4375,18.251620159996445,5005.974168101238,16,16,5027,4.0,4,0.0,48.0,1.0,2.4117647058823533,1.0,86.11764705882354,1.0,3.352941176470588,1.0,13.514840529002386,13.514840529002386,13.514840529002386,13.514840529002386,0.0
443,131.65581733053767,100.0,13.102941176470589,20.18223078393988,5306.375661528471,17,17,5043,4.0,4,6.25,47.8125,1.0,1.0,1.0,89.9375,1.0,1.0,1.0,12.60855506234293,12.60855506234293,12.60855506234293,12.60855506234293,0.0
444,120.80760143018401,100.0,12.703125000000002,20.27040710732952,4814.304000000902,15,15,5047,4.0,4,0.0,50.0,1.0,1.0,1.0,82.0,1.0,1.0,1.0,10.080721751364763,10.080721751364763,10.080721751364763,10.080721751364763,0.0
445,30.416891067446777,100.0,13.25,21.21762239271875,3565.551864750887,4,4,5062,4.0,4,0.0,54.93333333333334,1.0,1.0,1.0,94.4,1.0,1.0,1.0,11.341370399168227,11.341370399168227,11.341370399168227,11.341370399168227,0.0
446,100.83590886820733,100.0,14.483333333333334,23.35381838872036,4011.47149833317,15,15,5077,4.0,4,0.0,53.80000000000001,1.0,1.0,1.0,92.93333333333334,1.0,1.0,1.0,12.30883559959087,12.30883559959087,12.30883559959087,12.30883559959087,0.0
447,102.99678010788725,100.0,14.2,22.863070659909184,4425.896191534896,15,15,5083,4.0,4,0.0,55.166666666666664,1.0,1.0,1.0,96.5,1.0,1.0,1.0,15.161938999275057,15.161938999275057,15.161938999275057,15.161938999275057,0.0
448,39.72123564019477,100.0,14.541666666666666,23.45485468582855,5129.10471383293,6,6,5091,4.0,4,0.0,55.00000000000001,1.0,1.0,1.0,96.0,1.0,1.0,1.0,10.121992499989574,10.121992499989574,10.121992499989574,10.121992499989574,0.0
449,53.19664258216727,100.0,14.500000000000002,23.382685902179844,3890.2027973745135,8,8,5107,4.0,4,0.0,53.8125,1.0,1.0,1.0,88.625,1.0,1.0,1.0,10.959527624891052,10.959527624891052,10.959527624891052,10.959527624891052,0.0
450,112.32444392194397,100.0,14.203125,22.868483318682834,3931.3436605616516,16,16,5112,4.0,4,0.0,41.0,1.0,1.0,1.0,68.0,1.0,1.0,1.0,11.799375798727851,11.799375798727851,11.799375798727851,11.799375798727851,0.0
451,46.08414852879211,100.0,11.000000000000002,17.320508075688775,3764.9301584009663,5,5,5119,4.0,4,28.57142857142857,47.42857142857142,1.0,1.0,1.0,79.71428571428572,1.0,1.0,1.0,10.318207286348168,10.318207286348168,10.318207286348168,10.318207286348168,0.0
452,55.79403766367427,100.0,12.607142857142858,20.104161159281613,3867.718064858179,5,5,5135,4.0,4,12.5,52.87500000000001,1.0,1.0,1.0,87.625,1.0,1.0,1.0,46.21312693643631,46.21312693643631,46.21312693643631,46.21312693643631,0.0
453,114.8265268007061,100.0,13.968750000000002,22.46253391065888,4831.709137937651,14,14,5145,4.0,4,0.0,53.500000000000014,0.9999999999999999,0.9999999999999999,0.9999999999999999,88.1,0.9999999999999999,0.9999999999999999,0.9999999999999999,18.39062470025965,18.39062470025965,18.39062470025965,18.39062470025965,0.0
454,70.59533538609226,100.0,14.125000000000002,22.733166849341515,4357.944959199085,10,10,5159,4.0,4,0.0,54.85714285714286,0.9999999999999999,0.9999999999999999,0.9999999999999999,92.5,0.9999999999999999,0.9999999999999999,0.9999999999999999,10.878233644949173,10.878233644949173,10.878233644949173,10.878233644949173,0.0
455,94.90895459486042,100.0,14.464285714285715,23.320826944766665,3660.2448506419023,14,14,5175,4.0,4,0.0,49.8125,1.0,1.0,1.0,95.125,1.0,1.0,1.0,11.680442812576075,11.680442812576075,11.680442812576075,11.680442812576075,0.0
456,114.53058776959804,100.0,13.203125000000002,21.136432511113956,4671.255941687832,16,16,5186,4.0,4,0.0,40.18181818181818,0.9999999999999999,0.9999999999999999,0.9999999999999999,77.90909090909092,0.9999999999999999,0.9999999999999999,0.9999999999999999,10.794825545665596,10.794825545665596,10.794825545665596,10.794825545665596,0.0
457,96.47923048037904,100.0,10.795454545454545,16.966224955958776,4767.645343091731,11,11,5187,4.0,4,100.0,43.0,1.0,1.0,1.0,75.0,1.0,1.0,1.0,10.029689001385123,10.029689001385123,10.029689001385123,10.029689001385123,0.0
458,8.616376951733772,100.0,11.5,18.186533479473212,3274.720077002712,0,0,5203,4.0,4,0.0,43.75,1.0,1.0,1.0,85.5,1.0,1.0,1.0,11.447484249401896,11.447484249401896,11.447484249401896,11.447484249401896,0.0
459,130.1228262285495,100.0,11.6875,18.511293005892377,3758.524307812422,16,16,5212,4.0,4,0.0,50.0,1.0,1.0,1.0,99.0,1.0,1.0,1.0,10.386564888499883,10.386564888499883,10.386564888499883,10.386564888499883,0.0
460,62.96830997225013,100.0,13.25,21.217622392718745,3333.2993360001838,9,9,5215,4.0,4,0.0,47.333333333333336,1.0,1.0,1.0,91.0,1.0,1.0,1.0,10.710134331020527,10.710134331020527,10.710134331020527,10.710134331020527,0.0
461,22.65369711188164,100.0,12.583333333333332,20.062921854339496,6909.844537668202,3,3,5233,4.0,4,5.555555555555557,49.111111111111114,1.0000000000000002,1.0000000000000002,1.0000000000000002,84.22222222222221,1.0000000000000002,1.0000000000000002,1.0000000000000002,11.710293944310656,11.710293944310656,11.710293944310656,11.710293944310656,0.0
462,137.3725797787159,100.0,13.027777777777777,20.832722213258993,3815.667683167299,17,17,5245,4.0,4,0.0,49.500000000000014,0.9999999999999999,0.9999999999999999,0.9999999999999999,94.16666666666667,0.9999999999999999,0.9999999999999999,0.9999999999999999,11.49417183296464,11.49417183296464,11.49417183296464,11.49417183296464,0.0
463,87.32919188542094,100.0,13.124999999999998,21.00111604177264,4498.798358832573,12,12,5249,4.0,4,0.0,44.0,1.0,1.0,1.0,99.0,1.0,1.0,1.0,11.113120503068785,11.113120503068785,11.113120503068785,11.113120503068785,0.0
464,30.615590437434744,100.0,11.75,18.619546181365433,2948.9934567482123,4,4,5256,4.0,4,0.0,42.285714285714285,1.0,1.0,1.0,96.14285714285715,1.0,1.0,1.0,16.688985142016982,16.688985142016982,16.688985142016982,16.688985142016982,0.0
465,55.94299781622552,100.0,11.321428571428573,17.877238692407342,4881.910621142846,7,7,5265,4.0,4,0.0,42.0,1.0,1.0,1.0,95.66666666666666,1.0,1.0,1.0,11.107126668017978,11.107126668017978,11.107126668017978,11.107126668017978,0.0
466,72.45123046726758,100.0,11.249999999999998,17.753520777580995,3632.829745111748,9,9,5265,4.0,4,100.0,0.0
467,0,0,0,0,0,0,0,5278,4,4,0.0,46.461538461538474,0.9999999999999999,0.9999999999999999,0.9999999999999999,88.61538461538463,0.9999999999999999,0.9999999999999999,0.9999999999999999,11.192315000628765,11.192315000628765,11.192315000628765,11.192315000628765,0.0
468,101.2375939555392,100.0,12.365384615384615,19.685423601407813,3904.34231461572,13,13,5293,4.0,4,0.0,46.199999999999996,1.0,1.0,1.0,87.33333333333334,1.0,1.0,1.0,12.188858733861707,12.188858733861707,12.188858733861707,12.188858733861707,0.0
469,116.90539510666396,100.0,12.3,19.572174125528317,4060.2852718662084,15,15,5310,4.0,4,0.0,37.470588235294116,1.0,1.0,1.0,86.70588235294119,1.0,1.0,1.0,13.985722118591452,13.985722118591452,13.985722118591452,13.985722118591452,0.0
470,151.64472641994405,100.0,10.11764705882353,15.792227951363294,5962.475680940877,17,17,5326,4.0,4,0.0,41.8125,1.0,1.0,1.0,89.0625,1.0,1.0,1.0,13.02536300090651,13.02536300090651,13.02536300090651,13.02536300090651,0.0
471,132.5126531273275,100.0,11.203125000000002,17.672330895976202,4999.189959748946,16,16,5345,4.0,4,0.0,43.0,1.0000000000000002,1.0000000000000002,1.0000000000000002,90.84210526315788,1.0000000000000002,1.0000000000000002,1.0000000000000002,11.479852736029946,11.479852736029946,11.479852736029946,11.479852736029946,0.0
472,153.81443423712633,100.0,11.5,18.186533479473216,3560.1873534197744,19,19,5349,4.0,4,25.0,39.0,1.0,1.0,1.0,72.00000000000001,1.0,1.0,1.0,11.489855500258273,11.489855500258273,11.489855500258273,11.489855500258273,0.0
473,35.94380507840246,100.0,10.500000000000002,16.454482671904337,5701.806821249193,3,3,5365,4.0,4,0.0,48.875,1.0,1.0,1.0,97.125,1.0,1.0,1.0,19.393422186567477,19.393422186567477,19.393422186567477,19.393422186567477,0.0
474,114.82670237184452,100.0,12.968750000000002,20.73048310309,3671.0175895000248,16,16,5385,4.0,4,0.0,45.900000000000006,1.0000000000000002,1.0000000000000002,1.0000000000000002,92.94999999999997,1.0000000000000002,1.0000000000000002,1.0000000000000002,28.033345750009175,28.033345750009175,28.033345750009175,28.033345750009175,0.0
475,153.59952888239013,100.0,12.225,19.44227031496065,5178.12198949905,20,20,5398,4.0,4,0.0,44.38461538461539,0.9999999999999999,0.9999999999999999,0.9999999999999999,95.76923076923076,0.9999999999999999,0.9999999999999999,0.9999999999999999,11.53635623016341,11.53635623016341,11.53635623016341,11.53635623016341,0.0
476,100.62031947689647,100.0,11.846153846153847,18.786089528247054,3579.5009704620147,13,13,5412,4.0,4,7.142857142857139,41.85714285714287,0.9999999999999999,9.642857142857144,0.9999999999999999,88.85714285714286,0.9999999999999999,37.92857142857143,0.9999999999999999,11.073385714553297,11.073385714553297,11.073385714553297,11.073385714553297,0.0
477,120.66458620895929,100.0,13.375,16.921602708623094,4176.225960428773,13,13,5424,4.0,4,0.0,45.166666666666664,0.9999999999999999,12.000000000000004,0.9999999999999999,92.66666666666667,0.9999999999999999,48.000000000000014,0.9999999999999999,10.22970591657213,10.22970591657213,10.22970591657213,10.22970591657213,0.0
478,97.710234084322,100.0,14.791666666666666,18.10751510060995,4159.8817610835495,12,12,5436,4.0,4,0.0,51.16666666666666,0.9999999999999999,7.416666666666667,0.9999999999999999,97.08333333333336,0.9999999999999999,28.41666666666666,0.9999999999999999,10.687286584167547,10.687286584167547,10.687286584167547,10.687286584167547,0.0
479,86.04088783989533,100.0,15.145833333333334,21.092458645775057,4283.876192165432,12,12,5451,4.0,4,0.0,56.666666666666664,1.0,1.0,1.0,94.13333333333337,1.0,1.0,1.0,11.233300133123217,11.233300133123217,11.233300133123217,11.233300133123217,0.0
480,99.19388943630399,100.0,14.91666666666667,24.10437373866687,4141.780803399645,15,15,5456,4.0,4,0.0,55.00000000000001,1.0,1.0,1.0,96.0,1.0,1.0,1.0,11.560517999168951,11.560517999168951,11.560517999168951,11.560517999168951,0.0
481,33.24574382560578,100.0,14.500000000000002,23.382685902179844,3880.24899919983,5,5,5471,4.0,4,6.666666666666671,47.0,1.0,1.7333333333333332,1.0,95.66666666666667,1.0,4.133333333333333,1.0,11.168318000272848,11.168318000272848,11.168318000272848,11.168318000272848,0.0
482,112.16000806396713,100.0,12.683333333333335,19.849722320515156,5467.402852001639,14,14,5484,4.0,4,0.0,49.30769230769231,0.9999999999999999,12.000000000000004,0.9999999999999999,95.15384615384616,0.9999999999999999,48.000000000000014,0.9999999999999999,11.87582361532035,11.87582361532035,11.87582361532035,11.87582361532035,0.0
483,98.52281221987393,100.0,15.826923076923077,19.847825814287017,4233.020063538928,13,13,5497,4.0,4,0.0,58.153846153846146,0.9999999999999999,6.076923076923077,0.9999999999999999,96.38461538461539,0.9999999999999999,22.692307692307683,0.9999999999999999,12.317835692486439,12.317835692486439,12.317835692486439,12.317835692486439,0.0
484,85.32123030645128,100.0,16.557692307692307,24.218909216251802,4325.611503692926,13,13,5512,4.0,4,26.66666666666667,54.73333333333332,1.0,15.8,1.0,91.2,1.0,26.999999999999996,1.0,11.372983332936807,11.372983332936807,11.372983332936807,11.372983332936807,0.0
485,107.1342679881718,100.0,18.133333333333333,22.284006182341873,4408.941505333253,11,11,5532,4.0,4,15.0,53.25000000000001,1.0000000000000002,22.549999999999997,1.0000000000000002,93.65,1.0000000000000002,55.59999999999998,1.0000000000000002,11.843595049140276,11.843595049140276,11.843595049140276,11.843595049140276,0.0
486,141.58841410522638,100.0,19.45,21.620218148640962,5488.215920950097,17,17,5550,4.0,4,0.0,44.833333333333336,1.0000000000000002,21.000000000000004,1.0000000000000002,86.11111111111111,1.0000000000000002,71.05555555555556,1.0000000000000002,12.907657998665753,12.907657998665753,12.907657998665753,12.907657998665753,0.0
487,144.95616292300167,100.0,16.958333333333332,18.14205704660596,4779.41102183225,18,18,5562,4.0,4,16.666666666666657,36.41666666666667,0.9999999999999999,34.0,0.9999999999999999,69.41666666666667,0.9999999999999999,82.24999999999999,0.9999999999999999,15.923736334419422,15.923736334419422,15.923736334419422,15.923736334419422,0.0
488,96.16293626596142,100.0,18.104166666666664,17.842868558731727,7625.511103500685,10,10,5578,4.0,4,31.25,41.25,1.0,25.0625,1.0,70.0,1.0,69.375,1.0,17.138262126081827,17.138262126081827,17.138262126081827,17.138262126081827,0.0
489,134.11555629242548,100.0,17.078125000000004,17.63621825353089,6788.108003749585,11,11,5596,4.0,4,22.222222222222214,50.66666666666666,1.0000000000000002,19.500000000000004,1.0000000000000002,89.44444444444444,1.0000000000000002,56.55555555555556,1.0000000000000002,13.341183276578603,13.341183276578603,13.341183276578603,13.341183276578603,0.0
490,133.95765185725816,100.0,18.041666666666668,20.57160348624417,5495.753011278187,14,14,5613,4.0,4,5.882352941176478,35.647058823529406,1.0,28.11764705882353,1.0,85.3529411764706,1.0,69.76470588235294,1.0,13.574349705509924,13.574349705509924,13.574349705509924,13.574349705509924,0.0
491,151.2739693075536,100.0,16.441176470588236,15.768352397120141,4718.453201999449,16,16,5629,4.0,4,18.75,40.3125,1.0,35.5,1.0,90.375,1.0,77.9375,1.0,12.529887751043134,12.529887751043134,12.529887751043134,12.529887751043134,0.0
492,123.50076750008395,100.0,19.453125,18.6491006777586,4284.740702187719,13,13,5639,4.0,4,10.0,44.00000000000001,0.9999999999999999,22.5,0.9999999999999999,99.0,0.9999999999999999,59.69999999999999,0.9999999999999999,19.516968399693724,19.516968399693724,19.516968399693724,19.516968399693724,0.0
493,78.92238467445952,100.0,17.125,17.931759372776916,5780.6218716999865,9,9,5646,4.0,4,14.285714285714292,39.42857142857142,1.0,10.999999999999998,1.0,86.42857142857144,1.0,23.0,1.0,16.773810428276192,16.773810428276192,16.773810428276192,16.773810428276192,0.0
494,62.81327005952653,100.0,13.107142857142856,15.80154706983708,6040.207746714129,6,6,5663,4.0,4,5.882352941176478,41.529411764705884,1.0,16.058823529411764,1.0,94.88235294117646,1.0,49.52941176470587,1.0,38.467488353917894,38.467488353917894,38.467488353917894,38.467488353917894,0.0
495,141.45504276642185,100.0,14.897058823529413,16.864759546616227,3861.212562352354,16,16,5683,4.0,4,0.0,48.150000000000006,1.0000000000000002,23.000000000000007,1.0000000000000002,91.45,1.0000000000000002,96.00000000000001,1.0000000000000002,11.488279849072569,11.488279849072569,11.488279849072569,11.488279849072569,0.0
496,145.14713523033507,100.0,18.287500000000005,19.473230087556104,3766.56383794907,20,20,5698,4.0,4,13.333333333333329,42.80000000000001,1.0,14.533333333333331,1.0,77.13333333333331,1.0,35.26666666666666,1.0,11.693521865042081,11.693521865042081,11.693521865042081,11.693521865042081,0.0
497,133.0649092641338,100.0,14.833333333333337,17.19495873323717,5597.926711666029,13,13,5714,4.0,4,18.75,46.8125,1.0,34.375,1.0,82.18749999999999,1.0,83.0625,1.0,12.394817498716293,12.394817498716293,12.394817498716293,12.394817498716293,0.0
498,117.37968967904739,100.0,20.796874999999996,20.510984019836915,5080.728119125524,13,13,5720,4.0,4,0.0,47.16666666666667,1.0,38.99999999999999,1.0,90.99999999999999,1.0,94.0,1.0,12.244653167726938,12.244653167726938,12.244653167726938,12.244653167726938,0.0
499,40.82508268502353,100.0,22.041666666666668,21.313693760057838,4612.187511498632,6,6,5720,4.0,4,100.0,0.0
500,0,0,0,0,0,0,0,5735,4,4,13.333333333333329,42.0,1.0,37.866666666666674,1.0,72.80000000000003,1.0,87.79999999999998,1.0,10.960887133842334,10.960887133842334,10.960887133842334,10.960887133842334,0.0
501,113.40319640536859,100.0,20.46666666666667,19.670363248058184,5701.74001873432,13,13,5754,4.0,4,5.26315789473685,44.94736842105262,1.0000000000000002,39.73684210526316,1.0000000000000002,79.52631578947368,1.0000000000000002,94.6315789473684,1.0000000000000002,11.915361683733002,11.915361683733002,11.915361683733002,11.915361683733002,0.0
502,133.71727409038496,100.0,21.671052631578945,20.87757943493567,4550.0782371573705,18,18,5757,4.0,4,0.0,38.33333333333333,1.0,38.666666666666664,1.0,78.33333333333333,1.0,87.66666666666666,1.0,12.2151703350634,12.2151703350634,12.2151703350634,12.2151703350634,0.0
503,22.88726593939537,100.0,19.75,18.965297181849134,5416.39992066727,3,3,5772,4.0,4,6.666666666666671,32.866666666666674,1.0,41.199999999999996,1.0,67.80000000000001,1.0,94.2666666666667,1.0,11.199849933715692,11.199849933715692,11.199849933715692,11.199849933715692,0.0
504,116.31065187682492,100.0,19.01666666666667,18.496021029195937,4332.528294000561,14,14,5775,4.0,4,33.33333333333334,26.0,1.0,35.66666666666667,1.0,44.333333333333336,1.0,80.33333333333333,1.0,13.099837667444566,13.099837667444566,13.099837667444566,13.099837667444566,0.0
505,28.240241238857003,100.0,15.916666666666668,15.548763533503488,6109.183540999463,2,2,5790,4.0,4,13.333333333333329,32.866666666666674,1.0,35.93333333333332,1.0,58.266666666666666,1.0,91.39999999999998,1.0,11.382394332516318,11.382394332516318,11.382394332516318,11.382394332516318,0.0
506,125.97969866323312,100.0,17.700000000000003,17.07292213363111,3931.156383199656,13,13,5805,4.0,4,0.0,44.400000000000006,1.0,34.53333333333333,1.0,90.66666666666666,1.0,90.66666666666666,1.0,11.134366066835355,11.134366066835355,11.134366066835355,11.134366066835355,0.0
507,109.11414693832697,100.0,20.233333333333334,19.568300726915275,4009.0637093337136,15,15,5810,4.0,4,0.0,41.6,1.0,33.6,1.0,89.39999999999999,1.0,84.80000000000001,1.0,83.83175460039638,83.83175460039638,83.83175460039638,83.83175460039638,0.0
508,38.22895354483105,100.0,19.3,18.616005585697827,7006.506653597171,5,5,5822,4.0,4,41.666666666666664,33.75000000000001,0.9999999999999999,31.33333333333333,0.9999999999999999,65.08333333333333,0.9999999999999999,69.41666666666667,0.9999999999999999,839.3522253336414,839.3522253336414,839.3522253336414,839.3522253336414,0.0
509,104.80881528118394,100.0,16.770833333333336,16.234187589674494,8369.560157333277,7,7,5837,4.0,4,26.66666666666667,36.8,1.0,44.800000000000004,1.0,61.66666666666667,1.0,92.86666666666665,1.0,12.734544333458567,12.734544333458567,12.734544333458567,12.734544333458567,0.0
510,111.61486949016599,100.0,20.899999999999995,20.24482190559721,4238.461792466599,11,11,5855,4.0,4,5.555555555555557,35.44444444444445,1.0000000000000002,39.33333333333333,1.0000000000000002,80.50000000000001,1.0000000000000002,77.72222222222221,1.0000000000000002,11.3449292782914,11.3449292782914,11.3449292782914,11.3449292782914,0.0
511,142.47602309111247,100.0,19.194444444444443,18.518216553093414,5507.575951778159,17,17,5872,4.0,4,29.411764705882348,29.117647058823533,1.0,34.23529411764706,1.0,62.1764705882353,1.0,77.70588235294117,1.0,13.684125529835,13.684125529835,13.684125529835,13.684125529835,0.0
512,154.56666242454008,100.0,16.33823529411765,15.62915485979576,5776.186629352998,12,12,5887,4.0,4,20.0,24.066666666666674,1.2666666666666666,36.33333333333333,1.2,37.73333333333334,1.8000000000000003,85.2,1.6,39.935886467477154,39.935886467477154,39.935886467477154,39.935886467477154,0.0
513,133.81751992097497,100.0,15.71666666666667,15.341483538005962,8037.531532400074,12,12,5907,4.0,4,5.0,14.399999999999997,1.0000000000000002,26.749999999999996,1.0000000000000002,18.099999999999998,1.0000000000000002,86.9,1.0000000000000002,264.2052176510333,264.2052176510333,264.2052176510333,264.2052176510333,0.0
514,198.7608762034991,100.0,10.787499999999998,11.20564116903806,10599.23463465093,19,19,5907,4.0,4,100.0,0.0
515,0,0,0,0,0,0,0,5923,4,4,6.25,11.0,1.0,36.25,1.0,11.0,1.0,87.5,1.0,12.840168501043081,12.840168501043081,12.840168501043081,12.840168501043081,0.0
516,149.44853326679095,100.0,12.312500000000002,14.424202066318431,4844.59103918698,15,15,5939,4.0,4,18.75,12.75,1.0,36.1875,1.0,13.5,1.0,85.75,1.0,11.529056686413242,11.529056686413242,11.529056686413242,11.529056686413242,0.0
517,145.28853478162296,100.0,12.734375000000004,14.51733157293052,4522.472826437479,13,13,5939,4.0,4,100.0,0.0
518,0,0,0,0,0,0,0,5958,4,4,5.26315789473685,23.684210526315788,1.0000000000000002,40.26315789473684,1.0000000000000002,35.73684210526316,1.0000000000000002,96.3157894736842,1.0000000000000002,12.1577552636154,12.1577552636154,12.1577552636154,12.1577552636154,0.0
519,162.12290875519582,100.0,16.486842105263158,16.642670224767052,4523.457403421114,18,18,5975,4.0,4,0.0,14.705882352941174,1.0,33.41176470588235,1.0,19.235294117647058,1.0,89.99999999999999,1.0,46.78131346993135,46.78131346993135,46.78131346993135,46.78131346993135,0.0
520,163.7655372140349,100.0,12.52941176470588,13.496577684030061,6055.668015058259,17,17,5989,4.0,4,0.0,11.000000000000004,0.9999999999999999,46.85714285714285,0.9999999999999999,11.000000000000004,0.9999999999999999,90.78571428571428,0.9999999999999999,43.32556278625686,43.32556278625686,43.32556278625686,43.32556278625686,0.0
521,112.17758924123736,100.0,14.964285714285714,18.868282526454895,4480.114962426991,14,14,6005,4.0,4,12.5,13.5,1.0,44.8125,1.0,15.0625,1.0,79.18749999999999,1.0,12.690931123870541,12.690931123870541,12.690931123870541,12.690931123870541,0.0
522,138.6784167537109,100.0,15.078125,18.014742419467332,5982.378246563712,14,14,6011,4.0,4,0.0,18.999999999999996,1.0,49.833333333333336,1.0,24.0,1.0,90.0,1.0,12.458361834433163,12.458361834433163,12.458361834433163,12.458361834433163,0.0
523,46.44941247892808,100.0,17.708333333333336,19.95338547311244,5643.683595499169,6,6,6025,4.0,4,7.142857142857139,20.0,0.9999999999999999,49.14285714285714,0.9999999999999999,26.000000000000007,0.9999999999999999,90.5,0.9999999999999999,13.48582278712586,13.48582278712586,13.48582278712586,13.48582278712586,0.0
524,109.2946462737037,100.0,17.78571428571429,19.720827935874834,4189.063095428407,13,13,6041,4.0,4,6.25,11.0,1.0,45.6875,1.0,11.0,1.0,91.8125,1.0,14.425527876028355,14.425527876028355,14.425527876028355,14.425527876028355,0.0
525,128.05855729904124,100.0,14.671875,18.373677471692183,5521.552982624144,15,15,6047,4.0,4,0.0,11.0,1.0,48.0,1.0,11.0,1.0,99.00000000000001,1.0,13.468561668560142,13.468561668560142,13.468561668560142,13.468561668560142,0.0
526,45.138236543283426,100.0,15.25,19.343926695477318,3506.1012566669283,6,6,6047,4.0,4,100.0,0.0
527,0,0,0,0,0,0,0,6063,4,4,6.25,11.0,1.0,37.125,1.0,11.0,1.0,83.31249999999999,1.0,13.596292874808569,13.596292874808569,13.596292874808569,13.596292874808569,0.0
528,151.49327189263622,100.0,12.53125,14.787369899148405,5930.716773000768,15,15,6076,4.0,4,7.692307692307693,11.000000000000004,0.9999999999999999,38.92307692307693,0.9999999999999999,11.000000000000004,0.9999999999999999,87.07692307692311,0.9999999999999999,17.145996461644806,17.145996461644806,17.145996461644806,17.145996461644806,0.0
529,115.28420331732052,100.0,12.980769230769232,15.534140311422892,5287.663223231973,12,12,6090,4.0,4,0.0,11.000000000000004,0.9999999999999999,37.35714285714286,0.9999999999999999,11.000000000000004,0.9999999999999999,92.35714285714288,0.9999999999999999,20.81207428584873,20.81207428584873,20.81207428584873,20.81207428584873,0.0
530,126.58716206666767,100.0,12.589285714285714,14.884525167268267,4005.307786999765,14,14,6106,4.0,4,18.75,11.0,1.0,38.24999999999999,1.0,11.0,1.0,86.125,1.0,12.980855874502595,12.980855874502595,12.980855874502595,12.980855874502595,0.0
531,144.92149917700357,100.0,12.812499999999998,15.256627966590752,4595.942306812503,13,13,6111,4.0,4,0.0,11.000000000000002,1.0,41.0,1.0,11.000000000000002,1.0,86.0,1.0,11.794186798215378,11.794186798215378,11.794186798215378,11.794186798215378,0.0
532,44.50292027569648,100.0,13.5,16.393596310755,4031.4979917980963,5,5,6126,4.0,4,13.333333333333329,11.000000000000004,1.0,41.26666666666665,1.0,11.000000000000004,1.0,83.99999999999999,1.0,12.02067313279258,12.02067313279258,12.02067313279258,12.02067313279258,0.0
533,130.74729544146032,100.0,13.566666666666668,16.51987858395095,5152.856416998354,13,13,6142,4.0,4,0.0,11.0,1.0,41.875,1.0,11.0,1.0,93.0,1.0,18.115081874384487,18.115081874384487,18.115081874384487,18.115081874384487,0.0
534,136.92748091878437,100.0,13.718750000000002,16.765106169596525,6625.047547688155,16,16,6159,4.0,4,0.0,11.0,1.0,38.05882352941176,1.0,11.0,1.0,93.88235294117646,1.0,11.588449235954185,11.588449235954185,11.588449235954185,11.588449235954185,0.0
535,153.16566378067606,100.0,12.764705882352946,15.172913772631414,4759.334683940859,17,17,6159,4.0,4,100.0,0.0
536,0,0,0,0,0,0,0,6174,4,4,6.666666666666671,11.000000000000004,1.0,46.86666666666666,1.0,11.000000000000004,1.0,91.66666666666669,1.0,11.69650386630868,11.69650386630868,11.69650386630868,11.69650386630868,0.0
537,118.75026451273547,100.0,14.966666666666667,18.874286292574375,4993.457914599276,14,14,6183,4.0,4,0.0,11.0,1.0,50.0,1.0,11.0,1.0,85.88888888888889,1.0,66.71464444419446,66.71464444419446,66.71464444419446,66.71464444419446,0.0
538,70.21524618995036,100.0,15.75,20.195730678850094,5538.853706998958,9,9,6192,4.0,4,0.0,11.0,1.0,47.333333333333336,1.0,11.0,1.0,83.66666666666667,1.0,15.483009890077584,15.483009890077584,15.483009890077584,15.483009890077584,0.0
539,74.00734432212816,100.0,15.083333333333334,19.06763883800764,6986.414749665225,9,9,6208,4.0,4,0.0,11.0,1.0,49.75,1.0,11.0,1.0,90.9375,1.0,46.36148806366691,46.36148806366691,46.36148806366691,46.36148806366691,0.0
540,121.93464684544188,100.0,15.687500000000002,20.08730749341599,3912.165095751334,16,16,6218,4.0,4,10.0,11.000000000000002,0.9999999999999999,42.00000000000001,0.9999999999999999,11.000000000000002,0.9999999999999999,79.0,0.9999999999999999,11.535532299603801,11.535532299603801,11.535532299603801,11.535532299603801,0.0
541,89.48942843990775,100.0,13.750000000000002,16.821264127030933,5770.817924099538,9,9,6220,4.0,4,0.0,11.0,1.0,49.5,1.0,11.0,1.0,92.5,1.0,10.600710502330912,10.600710502330912,10.600710502330912,10.600710502330912,0.0
542,15.219944721931137,100.0,15.625,19.981699333675802,3309.801769501064,2,2,6238,4.0,4,5.555555555555557,23.000000000000004,1.0000000000000002,46.5,1.0000000000000002,57.99999999999999,1.0000000000000002,93.16666666666666,1.0000000000000002,11.224620222492376,11.224620222492376,11.224620222492376,11.224620222492376,0.0
543,141.5795436016973,100.0,17.875000000000004,18.836981282973195,4622.4756580005405,17,17,6247,4.0,4,0.0,23.000000000000004,1.0,42.88888888888888,1.0,57.99999999999999,1.0,92.0,1.0,10.273209557959085,10.273209557959085,10.273209557959085,10.273209557959085,0.0
544,74.55555402101189,100.0,16.97222222222222,17.463296707596186,4757.3589388897135,9,9,6255,4.0,4,12.5,11.0,1.0,42.875,1.0,11.0,1.0,87.375,1.0,12.21083475229534,12.21083475229534,12.21083475229534,12.21083475229534,0.0
545,69.0148385833449,100.0,13.96875,17.184877690006335,5273.146575248575,7,7,6271,4.0,4,0.0,11.0,1.0,44.49999999999999,1.0,11.0,1.0,92.5,1.0,10.377783248713968,10.377783248713968,10.377783248713968,10.377783248713968,0.0
546,131.39980506888537,100.0,14.374999999999998,17.86876150311616,3323.433780501091,16,16,6278,4.0,4,28.57142857142857,11.0,1.0,34.85714285714286,1.0,11.0,1.0,73.71428571428572,1.0,11.659667714931336,11.659667714931336,11.659667714931336,11.659667714931336,0.0
547,67.53486269543798,100.0,11.964285714285715,13.849591833724952,6213.207325998935,5,5,6286,4.0,4,37.5,11.0,1.0,37.75,1.0,11.0,1.0,77.5,1.0,10.743498250121775,10.743498250121775,10.743498250121775,10.743498250121775,0.0
548,74.39212502103973,100.0,12.687500000000002,15.047108965331846,4298.175403377172,5,5,6302,4.0,4,37.5,11.0,1.0,40.5,1.0,11.0,1.0,73.25,1.0,10.881775811867556,10.881775811867556,10.881775811867556,10.881775811867556,0.0
549,145.22493390803993,100.0,13.375,16.208761660824745,4852.069473563461,10,10,6306,4.0,4,0.0,11.0,1.0,42.75,1.0,11.0,1.0,88.00000000000001,1.0,9.22356675073388,9.22356675073388,9.22356675073388,9.22356675073388,0.0
550,34.011867051243584,100.0,13.937500000000004,17.13430333370261,3939.2077254997275,4,4,6309,4.0,4,33.33333333333334,11.0,1.0,46.666666666666664,1.0,11.0,1.0,88.0,1.0,10.287084999921111,10.287084999921111,10.287084999921111,10.287084999921111,0.0
551,24.308537977236412,100.0,14.916666666666668,18.78335187693254,3643.5274399991613,2,2,6325,4.0,4,0.0,11.0,1.0,50.74999999999999,1.0,11.0,1.0,95.75,1.0,9.896061748349894,9.896061748349894,9.896061748349894,9.896061748349894,0.0
552,117.43334005498916,100.0,15.937500000000002,20.50989834781186,3463.319139124451,16,16,6331,4.0,4,0.0,11.0,1.0,47.333333333333336,1.0,11.0,1.0,88.66666666666667,1.0,10.16147816699231,10.16147816699231,10.16147816699231,10.16147816699231,0.0
553,48.06371758008597,100.0,15.083333333333334,19.069705386050458,5684.698115999102,6,6,6331,4.0,4,100.0,0.0
554,0,0,0,0,0,0,0,6342,4,4,9.090909090909093,21.90909090909091,0.9999999999999999,37.09090909090909,0.9999999999999999,53.72727272727273,0.9999999999999999,73.54545454545452,0.9999999999999999,66.85066863759526,66.85066863759526,66.85066863759526,66.85066863759526,0.0
555,104.52300917938679,100.0,15.250000000000002,15.319239134499393,5789.29738227188,10,10,6362,4.0,4,10.0,14.6,1.0000000000000002,42.00000000000001,1.0000000000000002,25.100000000000005,1.0000000000000002,85.85,1.0000000000000002,14.5053004987858,14.5053004987858,14.5053004987858,14.5053004987858,0.0
556,173.7194914621165,100.0,14.650000000000002,16.984049054747533,3839.4555572482204,18,18,6363,4.0,4,0.0,11.0,1.0,43.0,1.0,11.0,1.0,82.0,1.0,20.570205997501034,20.570205997501034,20.570205997501034,20.570205997501034,0.0
557,8.74822551372031,100.0,14.000000000000002,17.233687939614086,3696.412457000406,1,1,6379,4.0,4,0.0,11.0,1.0,44.9375,1.0,11.0,1.0,84.1875,1.0,10.430092499063903,10.430092499063903,10.430092499063903,10.430092499063903,0.0
558,135.2130066028648,100.0,14.484375,18.05292177589489,3617.6931811241957,16,16,6389,4.0,4,30.0,11.000000000000002,0.9999999999999999,36.1,0.9999999999999999,11.000000000000002,0.9999999999999999,73.4,0.9999999999999999,11.560488500253996,11.560488500253996,11.560488500253996,11.560488500253996,0.0
559,96.52327915566455,100.0,12.275,14.35717081163334,6668.52904900079,7,7,6403,4.0,4,21.42857142857143,11.000000000000004,0.9999999999999999,39.357142857142854,0.9999999999999999,11.000000000000004,0.9999999999999999,80.35714285714286,0.9999999999999999,11.341448784410854,11.341448784410854,11.341448784410854,11.341448784410854,0.0
560,127.57138924188503,100.0,13.089285714285715,15.71834800630289,4818.851736428769,11,11,6419,4.0,4,0.0,11.0,1.0,49.0625,1.0,11.0,1.0,94.4375,1.0,10.444109686886804,10.444109686886804,10.444109686886804,10.444109686886804,0.0
561,121.24618301081424,100.0,15.515625,19.79563654584328,3544.615482000154,16,16,6433,4.0,4,14.285714285714292,11.000000000000004,0.9999999999999999,46.57142857142857,0.9999999999999999,11.000000000000004,0.9999999999999999,83.00000000000001,0.9999999999999999,11.711991928937746,11.711991928937746,11.711991928937746,11.711991928937746,0.0
562,116.52970397961796,100.0,14.892857142857144,18.7438587269845,6315.168896143795,12,12,6448,4.0,4,0.0,11.000000000000004,1.0,49.60000000000001,1.0,11.000000000000004,1.0,92.93333333333335,1.0,12.44908673397731,12.44908673397731,12.44908673397731,12.44908673397731,0.0
563,114.12665833562762,100.0,15.65,20.02593111155648,4542.263193999922,15,15,6464,4.0,4,0.0,11.0,1.0,42.62499999999999,1.0,11.0,1.0,89.25,1.0,12.320112187808263,12.320112187808263,12.320112187808263,12.320112187808263,0.0
564,135.7141098769823,100.0,13.90625,17.085818478386088,5224.589551000918,16,16,6470,4.0,4,16.666666666666657,11.0,1.0,35.0,1.0,11.0,1.0,80.49999999999999,1.0,10.837091500434326,10.837091500434326,10.837091500434326,10.837091500434326,0.0
565,58.647185130315464,100.0,12.0,13.897328066133113,3445.928057499259,5,5,6477,4.0,4,0.0,11.0,1.0,38.0,1.0,11.0,1.0,89.57142857142858,1.0,10.232445715311249,10.232445715311249,10.232445715311249,10.232445715311249,0.0
566,63.55239134955424,100.0,12.749999999999998,15.147848411278867,4792.155697858626,7,7,6493,4.0,4,0.0,11.0,1.0,42.37499999999999,1.0,11.0,1.0,88.0625,1.0,13.457327624564641,13.457327624564641,13.457327624564641,13.457327624564641,0.0
567,138.6519988249333,100.0,13.843750000000002,16.974359160398496,4185.231870311782,16,16,6500,4.0,4,0.0,11.0,1.0,43.85714285714286,1.0,11.0,1.0,88.28571428571428,1.0,11.736982429283671,11.736982429283671,11.736982429283671,11.736982429283671,0.0
568,58.97679149152743,100.0,14.214285714285715,17.596587038221383,4664.289691570697,7,7,6508,4.0,4,0.0,11.0,1.0,43.75,1.0,11.0,1.0,91.75,1.0,13.870763124941732,13.870763124941732,13.870763124941732,13.870763124941732,0.0
569,65.85573634194124,100.0,14.187500000000004,17.55325454589079,4194.955216873495,8,8,6522,4.0,4,0.0,11.000000000000004,0.9999999999999999,42.78571428571429,0.9999999999999999,11.000000000000004,0.9999999999999999,91.42857142857143,0.9999999999999999,11.26059371329445,11.26059371329445,11.26059371329445,11.26059371329445,0.0
570,117.40823443595448,100.0,13.946428571428573,17.151655701454278,4549.142525000726,14,14,6528,4.0,4,0.0,11.0,1.0,42.0,1.0,11.0,1.0,96.0,1.0,11.342247498153787,11.342247498153787,11.342247498153787,11.342247498153787,0.0
571,50.37234350913326,100.0,13.749999999999998,16.81331317736037,2905.3014914982973,6,6,6528,4.0,4,100.0,0.0
572,0,0,0,0,0,0,0,6542,4,4,7.142857142857139,11.000000000000004,0.9999999999999999,42.57142857142856,0.9999999999999999,11.000000000000004,0.9999999999999999,90.14285714285715,0.9999999999999999,10.974131428416253,10.974131428416253,10.974131428416253,10.974131428416253,0.0
573,118.50657596382673,100.0,13.892857142857142,17.058654742001718,4051.03390678622,13,13,6548,4.0,4,0.0,11.0,1.0,43.83333333333333,1.0,11.0,1.0,91.83333333333333,1.0,9.271201000956353,9.271201000956353,9.271201000956353,9.271201000956353,0.0
574,49.8134805262547,100.0,14.208333333333334,17.586812587133323,5080.723318164625,6,6,6568,4.0,4,0.0,11.000000000000002,1.0000000000000002,38.85,1.0000000000000002,11.000000000000002,1.0000000000000002,85.0,1.0000000000000002,10.386823398221168,10.386823398221168,10.386823398221168,10.386823398221168,0.0
575,183.75774159240072,100.0,12.962500000000002,15.501136571292356,3789.8697328491835,20,20,6584,4.0,4,6.25,11.0,1.0,45.3125,1.0,11.0,1.0,87.75,1.0,11.905952624147176,11.905952624147176,11.905952624147176,11.905952624147176,0.0
576,131.6746988242467,100.0,14.578125000000004,18.222494512180656,5504.8172484375755,15,15,6599,4.0,4,6.666666666666671,18.466666666666665,1.0,40.33333333333333,1.0,23.133333333333344,1.0,87.0,1.0,12.126632066307744,12.126632066307744,12.126632066307744,12.126632066307744,0.0
577,134.8708796057615,100.0,15.200000000000003,16.25779732433998,5658.075052800511,14,14,6610,4.0,4,0.0,13.181818181818183,0.9999999999999999,34.27272727272727,0.9999999999999999,14.545454545454547,0.9999999999999999,92.63636363636365,0.9999999999999999,11.36717863648135,11.36717863648135,11.36717863648135,11.36717863648135,0.0
578,105.60994864572555,100.0,12.363636363636363,13.676015970557332,3505.244304727636,11,11,6624,4.0,4,21.42857142857143,19.499999999999996,0.9999999999999999,35.214285714285715,0.9999999999999999,31.64285714285714,0.9999999999999999,91.85714285714288,0.9999999999999999,11.63296835667487,11.63296835667487,11.63296835667487,11.63296835667487,0.0
579,130.4274218087507,100.0,14.178571428571427,14.644563405302117,3709.7650262138422,11,11,6639,4.0,4,20.0,32.53333333333334,1.0,40.26666666666666,1.0,48.66666666666667,1.0,84.26666666666668,1.0,11.023642400687095,11.023642400687095,11.023642400687095,11.023642400687095,0.0
580,126.08354783469423,100.0,18.699999999999996,18.060531933303558,4959.5650338655105,12,12,6639,4.0,4,100.0,0.0
581,0,0,0,0,0,0,0,6654,4,4,13.333333333333329,26.466666666666665,1.0,36.133333333333326,1.0,46.466666666666676,1.0,76.8,1.0,15.915054200740997,15.915054200740997,15.915054200740997,15.915054200740997,0.0
582,134.74951625378776,100.0,16.149999999999995,15.66588003697286,6658.2047666005865,13,13,6668,4.0,4,7.142857142857139,36.142857142857146,0.9999999999999999,30.85714285714286,0.9999999999999999,90.42857142857144,0.9999999999999999,81.85714285714286,0.9999999999999999,10.260111073876033,10.260111073876033,10.260111073876033,10.260111073876033,0.0
583,118.94113607789205,100.0,17.25,16.4207153514,3597.661797786194,13,13,6683,4.0,4,20.0,28.800000000000004,1.0,37.8,1.0,62.33333333333332,1.0,88.86666666666669,1.0,13.113021067692898,13.113021067692898,13.113021067692898,13.113021067692898,0.0
584,123.22008113470434,100.0,17.15,17.11053826648847,5436.4119389341795,12,12,6700,4.0,4,0.0,34.29411764705882,1.0,38.0,1.0,80.3529411764706,1.0,91.64705882352942,1.0,12.741765882631572,12.741765882631572,12.741765882631572,12.741765882631572,0.0
585,135.08140190613432,100.0,18.573529411764707,17.75188286992244,4402.860997528478,17,17,6712,4.0,4,8.333333333333343,20.5,0.9999999999999999,39.083333333333336,0.9999999999999999,33.33333333333333,0.9999999999999999,84.66666666666667,0.9999999999999999,11.179598166563665,11.179598166563665,11.179598166563665,11.179598166563665,0.0
586,107.87267382594614,100.0,15.395833333333334,16.172174411200167,5976.2623880008805,11,11,6715,4.0,4,0.0,11.0,1.0,42.66666666666667,1.0,11.0,1.0,89.33333333333334,1.0,12.597656333430981,12.597656333430981,12.597656333430981,12.597656333430981,0.0
587,25.710181272601673,100.0,13.91666666666667,17.097131607417708,4015.38675166618,3,3,6732,4.0,4,5.882352941176478,11.0,1.0,39.23529411764706,1.0,11.0,1.0,86.41176470588235,1.0,11.313567118657588,11.313567118657588,11.313567118657588,11.313567118657588,0.0
588,155.41150670550851,100.0,13.058823529411768,15.662366602947685,4618.761428411852,16,16,6737,4.0,4,20.0,15.8,1.0,35.0,1.0,18.8,1.0,93.0,1.0,12.29637779906625,12.29637779906625,12.29637779906625,12.29637779906625,0.0
589,48.4746572786068,100.0,13.200000000000001,14.063445723034619,3661.964692598849,4,4,6753,4.0,4,31.25,14.750000000000002,1.0,32.99999999999999,1.0,23.75,1.0,82.625,1.0,12.049454936914117,12.049454936914117,12.049454936914117,12.049454936914117,0.0
590,156.6781775808978,100.0,12.4375,13.422715879393374,4504.83749493651,11,11,6769,4.0,4,6.25,21.749999999999996,1.0,50.875,1.0,47.9375,1.0,88.4375,1.0,28.41595593781676,28.41595593781676,28.41595593781676,28.41595593781676,0.0
591,122.05709396385454,100.0,18.65625,20.548050773141874,4498.732031936925,15,15,6784,4.0,4,6.666666666666671,11.000000000000004,1.0,44.46666666666667,1.0,11.000000000000004,1.0,91.00000000000001,1.0,11.060192400570182,11.060192400570182,11.060192400570182,11.060192400570182,0.0
592,124.69150106514999,100.0,14.366666666666667,17.858613440474404,4566.821707468383,14,14,6784,4.0,4,100.0,0.0
593,0,0,0,0,0,0,0,6800,4,4,0.0,11.0,1.0,46.68750000000001,1.0,11.0,1.0,96.0625,1.0,10.752607500307931,10.752607500307931,10.752607500307931,10.752607500307931,0.0
594,124.88087474168525,100.0,14.921875000000002,18.801036978811236,3904.9858154362482,16,16,6806,4.0,4,0.0,11.0,1.0,37.99999999999999,1.0,11.0,1.0,93.0,1.0,9.533670665405225,9.533670665405225,9.533670665405225,9.533670665405225,0.0
595,54.91565270498954,100.0,12.749999999999998,15.138939857202685,3244.4400146644816,6,6,6825,4.0,4,0.0,11.000000000000002,1.0000000000000002,36.05263157894736,1.0000000000000002,11.000000000000002,1.0000000000000002,89.36842105263159,1.0000000000000002,10.42923320959457,10.42923320959457,10.42923320959457,10.42923320959457,0.0
596,178.98131431514193,100.0,12.263157894736839,14.333487744830869,4062.4055952637145,19,19,6840,4.0,4,13.333333333333329,11.000000000000004,1.0,41.66666666666667,1.0,11.000000000000004,1.0,86.53333333333335,1.0,11.626670667222546,11.626670667222546,11.626670667222546,11.626670667222546,0.0
597,131.70920496512025,100.0,13.666666666666668,16.686006260909984,5145.302496335353,13,13,6846,4.0,4,0.0,11.0,1.0,48.0,1.0,11.0,1.0,96.0,1.0,11.227956500079017,11.227956500079017,11.227956500079017,11.227956500079017,0.0
598,45.7040307187372,100.0,15.25,19.343926695477318,3450.9453881667773,6,6,6861,4.0,4,0.0,11.000000000000004,1.0,51.0,1.0,11.000000000000004,1.0,95.0,1.0,11.335123066965025,11.335123066965025,11.335123066965025,11.335123066965025,0.0
599,110.3477334758402,100.0,16.0,20.617351735891674,5295.739653999044,15,15,6877,4.0,4,12.5,11.0,1.0,46.6875,1.0,11.0,1.0,82.875,1.0,10.919204750734934,10.919204750734934,10.919204750734934,10.919204750734934,0.0
600,131.36668557768598,100.0,14.921875000000002,18.799605171052747,4640.098608563676,14,14,6894,4.0,4,5.882352941176478,13.823529411764707,1.0,43.1764705882353,1.0,22.058823529411764,1.0,94.35294117647058,1.0,11.416510882982573,11.416510882982573,11.416510882982573,11.416510882982573,0.0
601,140.05291943226658,100.0,14.750000000000005,17.362452605091068,3961.163468352906,16,16,6894,4.0,4,100.0,0.0
602,0,0,0,0,0,0,0,6909,4,4,13.333333333333329,23.0,1.0,42.86666666666667,1.0,57.99999999999999,1.0,85.26666666666665,1.0,11.703938200662378,11.703938200662378,11.703938200662378,11.703938200662378,0.0
603,127.1336545386547,100.0,16.96666666666666,17.490403324756628,4691.299988600076,13,13,6915,4.0,4,0.0,21.000000000000004,1.0,50.99999999999999,1.0,50.16666666666666,1.0,96.0,1.0,10.85709733403443,10.85709733403443,10.85709733403443,10.85709733403443,0.0
604,43.75229519515166,100.0,18.499999999999996,20.55478684149317,4829.531232501419,6,6,6915,4.0,4,100.0,0.0
605,0,0,0,0,0,0,0,6927,4,4,8.333333333333343,15.666666666666664,0.9999999999999999,42.58333333333333,0.9999999999999999,18.583333333333332,0.9999999999999999,88.74999999999999,0.9999999999999999,10.005879499658477,10.005879499658477,10.005879499658477,10.005879499658477,0.0
606,101.64230164595708,100.0,15.062500000000004,17.18474815034311,5590.860861750116,11,11,6935,4.0,4,0.0,19.0,1.0,35.0,1.0,24.0,1.0,93.0,1.0,11.364243502612226,11.364243502612226,11.364243502612226,11.364243502612226,0.0
607,77.29756293557236,100.0,14.000000000000002,14.177446878757824,3056.194882251475,8,8,6935,4.0,4,100.0,0.0
608,0,0,0,0,0,0,0,6951,4,4,6.25,19.0,1.0,33.375,1.0,24.0,1.0,86.8125,1.0,10.97559456320596,10.97559456320596,10.97559456320596,10.97559456320596,0.0
609,155.6106906285627,100.0,13.593750000000002,13.624347573002721,4251.894545187042,15,15,6963,4.0,4,25.0,11.000000000000004,0.9999999999999999,33.0,0.9999999999999999,11.000000000000004,0.9999999999999999,75.99999999999999,0.9999999999999999,15.66629624903726,15.66629624903726,15.66629624903726,15.66629624903726,0.0
610,115.52379848174952,100.0,11.5,13.097824992183835,7464.41521841795,9,9,6978,4.0,4,0.0,11.000000000000004,1.0,47.73333333333334,1.0,11.000000000000004,1.0,94.19999999999999,1.0,39.54357999949328,39.54357999949328,39.54357999949328,39.54357999949328,0.0
611,116.3754063980099,100.0,15.183333333333335,19.23516352480735,4028.3967261338453,15,15,6994,4.0,4,6.25,11.0,1.0,43.625,1.0,11.0,1.0,84.8125,1.0,10.68532962426616,10.68532962426616,10.68532962426616,10.68532962426616,0.0
612,135.66218636685485,100.0,14.15625,17.506803823497176,4208.149503438108,15,15,6998,4.0,4,0.0,11.0,1.0,47.0,1.0,11.0,1.0,93.0,1.0,10.703210000428953,10.703210000428953,10.703210000428953,10.703210000428953,0.0
613,31.32775982716648,100.0,15.0,18.9208879284245,3193.5448149997683,4,4,7000,4.0,4,0.0,11.0,1.0,47.0,1.0,11.0,1.0,93.0,1.0,10.842707499250537,10.842707499250537,10.842707499250537,10.842707499250537,0.0
614,15.663796215083948,100.0,15.0,18.9208879284245,3522.3717505032255,2,2,7015,4.0,4,0.0,11.000000000000004,1.0,40.80000000000001,1.0,11.000000000000004,1.0,91.13333333333333,1.0,10.167768933267022,10.167768933267022,10.167768933267022,10.167768933267022,0.0
615,131.21016419741892,100.0,13.450000000000001,16.309794887923193,4411.155784266884,15,15,7021,4.0,4,0.0,11.0,1.0,38.99999999999999,1.0,11.0,1.0,85.33333333333334,1.0,12.014896667096764,12.014896667096764,12.014896667096764,12.014896667096764,0.0
616,54.4893219855241,100.0,13.0,15.565726873755972,4548.035861498647,6,6,7038,4.0,4,5.882352941176478,11.0,1.0,48.35294117647058,1.0,11.0,1.0,88.52941176470588,1.0,11.048027294129819,11.048027294129819,11.048027294129819,11.048027294129819,0.0
617,134.19927603012582,100.0,15.338235294117647,19.496830353344528,3763.199903705219,16,16,7057,4.0,4,5.26315789473685,11.000000000000002,1.0000000000000002,49.21052631578948,1.0000000000000002,11.000000000000002,1.0000000000000002,92.78947368421052,1.0000000000000002,10.343033948677322,10.343033948677322,10.343033948677322,10.343033948677322,0.0
618,145.02835742774744,100.0,15.55263157894737,19.86038333887474,3529.4284159995427,18,18,7067,4.0,4,0.0,11.000000000000002,0.9999999999999999,49.9,0.9999999999999999,11.000000000000002,0.9999999999999999,90.0,0.9999999999999999,10.77934689965332,10.77934689965332,10.77934689965332,10.77934689965332,0.0
619,76.56120610266777,100.0,15.725000000000003,20.151449098587815,4637.788923901098,10,10,7079,4.0,4,0.0,11.000000000000004,0.9999999999999999,55.08333333333334,0.9999999999999999,11.000000000000004,0.9999999999999999,96.08333333333333,0.9999999999999999,12.200284834155658,12.200284834155658,12.200284834155658,12.200284834155658,0.0
620,83.25068030752013,100.0,17.020833333333332,22.352500568659224,5428.852443250435,12,12,7095,4.0,4,0.0,11.0,1.0,44.49999999999999,1.0,11.0,1.0,81.6875,1.0,12.182768750335526,12.182768750335526,12.182768750335526,12.182768750335526,0.0
621,137.735812510411,100.0,14.375000000000002,17.869649507659886,5647.170429061589,16,16,7114,4.0,4,10.526315789473685,12.894736842105264,1.0000000000000002,36.21052631578948,1.0000000000000002,18.421052631578945,1.0000000000000002,88.42105263157896,1.0000000000000002,36.41267210562211,36.41267210562211,36.41267210562211,36.41267210562211,0.0
622,175.65484608802626,100.0,12.776315789473683,14.62362771302755,4130.148680316204,17,17,7127,4.0,4,7.692307692307693,23.0,0.9999999999999999,28.53846153846154,0.9999999999999999,57.99999999999999,0.9999999999999999,80.23076923076923,0.9999999999999999,40.19869500189088,40.19869500189088,40.19869500189088,40.19869500189088,0.0
623,127.77861841792128,100.0,13.384615384615383,12.606750717845062,6762.476748769516,12,12,7146,4.0,4,21.05263157894737,12.263157894736839,9.947368421052632,26.947368421052637,1.0000000000000002,15.94736842105263,25.947368421052637,87.21052631578947,1.0000000000000002,12.241696314671763,12.241696314671763,12.241696314671763,12.241696314671763,0.0
624,190.0,100.0,12.539473684210527,10.206222260155354,4299.029210051996,15,15,7163,4.0,4,0.0,11.0,10.647058823529413,34.35294117647059,1.0,11.0,25.23529411764706,88.41176470588235,1.0,11.873845883254784,11.873845883254784,11.873845883254784,11.873845883254784,0.0
625,163.32271450327772,100.0,14.250000000000002,12.706399773484698,5389.12773270653,17,17,7183,4.0,4,25.0,16.2,5.950000000000001,38.2,1.0000000000000002,30.85,12.0,77.99999999999999,1.0000000000000002,24.441058600132237,24.441058600132237,24.441058600132237,24.441058600132237,0.0
626,188.49931690524562,100.0,15.337499999999999,14.537632805970771,6828.723050549888,15,15,7203,4.0,4,35.0,14.799999999999999,3.3000000000000003,28.6,1.3000000000000003,23.650000000000002,7.549999999999998,70.30000000000001,1.9000000000000004,237.67260655149585,237.67260655149585,237.67260655149585,237.67260655149585,0.0
627,198.16599286471947,100.0,12.0,11.170980229828361,15504.530642750251,13,13,7220,4.0,4,0.0,11.0,12.0,38.94117647058823,1.0,11.0,48.0,93.47058823529412,1.0,24.838514706489686,24.838514706489686,24.838514706489686,24.838514706489686,0.0
628,160.73439162247237,100.0,15.735294117647058,14.088434645878708,5546.270462470762,17,17,7234,4.0,4,0.0,11.000000000000004,0.9999999999999999,37.42857142857143,0.9999999999999999,11.000000000000004,0.9999999999999999,89.42857142857143,0.9999999999999999,14.203151356923627,14.203151356923627,14.203151356923627,14.203151356923627,0.0
629,129.56098046372782,100.0,12.607142857142858,14.907055585952852,5633.5129394283285,14,14,7250,4.0,4,12.5,12.875,1.0,42.0,1.0,17.375,1.0,86.6875,1.0,16.765420437423018,16.765420437423018,16.765420437423018,16.765420437423018,0.0
630,139.40125775305984,100.0,14.218750000000002,16.894946075308024,6377.118157188306,14,14,7264,4.0,4,7.142857142857139,21.0,0.9999999999999999,39.07142857142857,0.9999999999999999,45.00000000000001,0.9999999999999999,88.85714285714288,0.9999999999999999,51.212064215568326,51.212064215568326,51.212064215568326,51.212064215568326,0.0
631,124.83124456377621,100.0,15.517857142857144,15.903022821832021,4540.39468085674,13,13,7275,4.0,4,27.272727272727266,21.0,3.727272727272727,39.36363636363636,0.9999999999999999,45.0,10.272727272727272,79.0909090909091,0.9999999999999999,15.127477726888504,15.127477726888504,15.127477726888504,15.127477726888504,0.0
632,102.80214613968955,100.0,16.272727272727273,15.50962250464201,5056.527925545445,8,8,7292,4.0,4,17.64705882352942,11.0,25.76470588235294,41.64705882352941,1.0,11.0,84.35294117647058,77.23529411764706,1.0,18.19173458866049,18.19173458866049,18.19173458866049,18.19173458866049,0.0
633,150.43965811657077,100.0,19.852941176470587,15.651721509300184,6588.2528837058035,14,14,7295,4.0,4,0.0,11.0,18.000000000000004,41.66666666666667,1.0,11.0,48.0,83.33333333333334,1.0,10.469326334714424,10.469326334714424,10.469326334714424,10.469326334714424,0.0
634,27.310598393000703,100.0,17.916666666666668,15.040495498715579,8738.858287334248,3,3,7307,4.0,4,25.0,13.499999999999998,15.333333333333336,39.416666666666664,0.9999999999999999,19.499999999999996,42.66666666666667,92.33333333333333,0.9999999999999999,11.894164332261425,11.894164332261425,11.894164332261425,11.894164332261425,0.0
635,113.10779797724672,100.0,17.3125,14.268489721981787,4766.756331583868,9,9,7323,4.0,4,25.0,17.875000000000004,24.25,36.8125,1.0,34.375,65.5625,79.0,1.0,23.77309443818376,23.77309443818376,23.77309443818376,23.77309443818376,0.0
636,158.6665699795658,100.0,19.984375,13.23164615100064,7903.340374187337,12,12,7340,4.0,4,29.411764705882348,12.411764705882353,9.352941176470589,38.94117647058823,1.0,13.294117647058822,30.529411764705877,79.6470588235294,1.0,17.413381823965157,17.413381823965157,17.413381823965157,17.413381823965157,0.0
637,161.71859636248416,100.0,15.426470588235293,14.725959940776137,6242.656963117256,12,12,7360,4.0,4,10.0,11.000000000000002,5.650000000000001,39.6,1.0000000000000002,11.000000000000002,13.100000000000001,86.1,1.0000000000000002,36.19927009931416,36.19927009931416,36.19927009931416,36.19927009931416,0.0
638,186.5837102266018,100.0,14.3125,15.148506975310513,5653.895239600024,18,18,7376,4.0,4,12.5,18.875,12.25,40.43750000000001,1.0,28.500000000000004,32.625,84.9375,1.0,13.771541000096477,13.771541000096477,13.771541000096477,13.771541000096477,0.0
639,153.95756025803257,100.0,18.140625,14.551927045715718,6887.8375956255695,14,14,7392,4.0,4,0.0,13.8125,9.125,38.5625,1.0,17.25,28.625,86.4375,1.0,12.880506187229912,12.880506187229912,12.880506187229912,12.880506187229912,0.0
640,156.89973681275762,100.0,15.625,14.182766330931601,5146.735124375937,16,16,7396,4.0,4,25.0,11.0,2.5,36.0,1.0,11.0,3.5000000000000004,86.5,1.0,14.016989249284961,14.016989249284961,14.016989249284961,14.016989249284961,0.0
641,36.60051517222806,100.0,12.625,14.081110210555462,5855.548694751633,3,3,7412,4.0,4,25.0,11.0,7.000000000000001,38.0,1.0,11.0,20.75,81.0,1.0,11.920189437660156,11.920189437660156,11.920189437660156,11.920189437660156,0.0
642,151.07166906225345,100.0,14.250000000000002,14.31802387535992,5865.314452750681,12,12,7418,4.0,4,33.33333333333334,19.333333333333332,12.666666666666668,41.66666666666667,1.0,39.33333333333333,40.666666666666664,80.0,1.0,12.385896831498636,12.385896831498636,12.385896831498636,12.385896831498636,0.0
643,58.683973576076404,100.0,18.666666666666668,14.952562158460747,4756.394399999408,4,4,7433,4.0,4,13.333333333333329,21.0,24.00000000000001,39.86666666666666,1.0,45.00000000000001,83.13333333333331,87.19999999999999,1.0,15.234801667490197,15.234801667490197,15.234801667490197,15.234801667490197,0.0
644,143.4350018703935,100.0,21.466666666666665,14.12529382913455,5582.692199134423,13,13,7451,4.0,4,22.222222222222214,25.5,22.388888888888893,43.05555555555556,1.0000000000000002,43.222222222222214,72.11111111111111,83.33333333333334,1.0000000000000002,13.586102611346481,13.586102611346481,13.586102611346481,13.586102611346481,0.0
645,166.89433598417935,100.0,22.986111111111114,15.764811100973509,4985.731672444268,14,14,7461,4.0,4,10.0,37.8,17.599999999999998,45.300000000000004,0.9999999999999999,89.39999999999999,46.0,95.0,0.9999999999999999,13.438897800369887,13.438897800369887,13.438897800369887,13.438897800369887,0.0
646,82.27197225085746,100.0,25.424999999999997,17.48742570548156,5011.7845507011225,9,9,7461,4.0,4,100.0,0.0
647,0,0,0,0,0,0,0,7478,4,4,41.17647058823529,19.88235294117647,24.411764705882355,31.000000000000007,1.0,42.705882352941174,65.11764705882354,67.58823529411767,1.0,13.01598647114588,13.01598647114588,13.01598647114588,13.01598647114588,0.0
648,165.25625261090448,100.0,19.073529411764707,12.930279006421424,6652.709619353974,10,10,7487,4.0,4,0.0,21.0,35.0,44.00000000000001,1.0,44.99999999999999,93.00000000000001,94.55555555555554,1.0,11.943499334544564,11.943499334544564,11.943499334544564,11.943499334544564,0.0
649,77.94011060205634,100.0,25.25,16.257608610450724,3659.801326666234,9,9,7487,4.0,4,100.0,0.0
650,0,0,0,0,0,0,0,7504,4,4,17.64705882352942,18.41176470588235,29.70588235294118,43.647058823529406,1.0,34.529411764705884,70.17647058823529,90.82352941176471,1.0,11.1330736467875,11.1330736467875,11.1330736467875,11.1330736467875,0.0
651,152.2844899365562,100.0,23.191176470588236,16.058188015440603,5539.21371558938,14,14,7520,4.0,4,31.25,13.25,26.25,32.3125,1.0,16.0,65.625,82.18749999999999,1.0,13.769893624157703,13.769893624157703,13.769893624157703,13.769893624157703,0.0
652,158.0483338430496,100.0,18.203124999999996,13.013511879143817,5566.921318499681,11,11,7530,4.0,4,80.0,34.0,20.299999999999997,24.4,0.9999999999999999,65.4,36.7,47.199999999999996,0.9999999999999999,14.011257300444413,14.011257300444413,14.011257300444413,14.011257300444413,0.0
653,99.74705235491783,100.0,19.925,12.853381904580985,6340.214620099869,2,2,7546,4.0,4,31.25,35.0,14.500000000000002,31.3125,1.0,69.75,33.75,81.5625,1.0,14.692809876578394,14.692809876578394,14.692809876578394,14.692809876578394,0.0
654,150.77239784543087,100.0,20.453125,14.247889521626236,6290.559769688571,11,11,7564,4.0,4,38.888888888888886,25.555555555555554,29.055555555555546,17.88888888888889,1.0000000000000002,62.94444444444446,76.38888888888889,44.5,1.0000000000000002,11.888405666670426,11.888405666670426,11.888405666670426,11.888405666670426,0.0
655,179.59484899554914,100.0,18.374999999999996,11.813652959373663,4431.565363279434,11,11,7569,4.0,4,40.0,31.0,27.0,25.0,1.0,79.0,79.0,74.2,1.0,13.896564801689237,13.896564801689237,13.896564801689237,13.896564801689237,0.0
656,49.98729583517294,100.0,21.000000000000004,12.009625671822329,6607.786851201672,3,3,7585,4.0,4,6.25,26.875,17.25,34.81249999999999,1.0,47.75,56.25,89.625,1.0,12.517039374870365,12.517039374870365,12.517039374870365,12.517039374870365,0.0
657,157.65401474432446,100.0,19.984375,13.101749889407769,4983.024095749897,15,15,7591,4.0,4,33.33333333333334,21.499999999999996,4.0,35.833333333333336,1.0,34.333333333333336,7.666666666666666,74.33333333333333,1.0,12.050723998981994,12.050723998981994,12.050723998981994,12.050723998981994,0.0
658,56.40980472575489,100.0,15.583333333333336,14.245266606188881,6802.326160333905,4,4,7601,4.0,4,60.0,24.900000000000002,10.0,40.6,9.0,37.6,21.000000000000004,83.10000000000001,28.200000000000003,12.016606998804491,12.016606998804491,12.016606998804491,12.016606998804491,0.0
659,100.0,100.0,21.125000000000004,13.04327159830846,4638.882453599945,4,4,7618,4.0,4,23.529411764705884,37.58823529411765,14.941176470588232,41.94117647058824,11.0,57.76470588235294,41.17647058823529,84.76470588235296,35.0,12.411556058128447,12.411556058128447,12.411556058128447,12.411556058128447,0.0
660,168.00823093602145,100.0,26.36764705882353,14.143845696442945,4339.311676058381,13,13,7633,4.0,4,40.0,37.199999999999996,4.333333333333334,28.066666666666666,3.0000000000000004,64.86666666666669,12.333333333333332,62.2,7.800000000000002,14.784407399323149,14.784407399323149,14.784407399323149,14.784407399323149,0.0
661,142.83248756019142,100.0,18.150000000000002,15.152935321041191,7272.151849865622,9,9,7644,4.0,4,18.181818181818173,34.0,2.909090909090909,38.090909090909086,0.9999999999999999,65.00000000000001,4.545454545454546,88.45454545454547,0.9999999999999999,43.978384818977,43.978384818977,43.978384818977,43.978384818977,0.0
662,92.59659345913572,100.0,18.999999999999996,17.237764067196316,4045.9464679992047,9,9,7659,4.0,4,0.0,17.799999999999997,8.0,38.73333333333333,1.0,27.66666666666666,14.000000000000007,89.46666666666668,1.0,13.052868132460086,13.052868132460086,13.052868132460086,13.052868132460086,0.0
663,139.3379369882634,100.0,16.383333333333333,14.73341271925039,4747.2336344678,15,15,7676,4.0,4,5.882352941176478,11.0,5.823529411764706,35.35294117647059,1.0,11.0,13.588235294117649,92.35294117647058,1.0,11.984913116868805,11.984913116868805,11.984913116868805,11.984913116868805,0.0
664,167.4195709322007,100.0,13.294117647058826,13.329437522398063,4267.879082588479,16,16,7692,4.0,4,0.0,11.0,11.0,36.6875,1.0,11.0,35.0,86.9375,1.0,12.37096762542933,12.37096762542933,12.37096762542933,12.37096762542933,0.0
665,158.8408019735835,100.0,14.921875000000002,13.226828669907803,5067.497485686999,16,16,7709,4.0,4,17.64705882352942,11.0,11.882352941176473,40.05882352941176,1.0,11.0,31.058823529411768,90.52941176470588,1.0,12.89128994112081,12.89128994112081,12.89128994112081,12.89128994112081,0.0
666,157.54198581386078,100.0,15.985294117647062,15.041523245972785,5006.916393234432,14,14,7723,4.0,4,21.42857142857143,11.000000000000004,15.357142857142852,38.42857142857142,0.9999999999999999,11.000000000000004,47.92857142857142,76.99999999999999,0.9999999999999999,16.896433714074583,16.896433714074583,16.896433714074583,16.896433714074583,0.0
667,133.7583393758114,100.0,16.44642857142857,14.202960004940394,8140.6406951427925,11,11,7740,4.0,4,11.764705882352942,10.764705882352942,6.411764705882353,42.76470588235294,1.1764705882352942,12.0,23.82352941176471,83.29411764705883,1.5294117647058825,61.35833182334489,61.35833182334489,61.35833182334489,61.35833182334489,0.0
668,148.84447859143486,100.0,15.27941176470588,16.374051582414143,7884.389998177699,15,15,7756,4.0,4,0.0,11.0,9.9375,50.75000000000001,1.0,11.0,39.1875,93.125,1.0,11.43693293852266,11.43693293852266,11.43693293852266,11.43693293852266,0.0
669,126.42182539374835,100.0,18.171875,19.288716122166537,4769.017777437057,16,16,7759,4.0,4,0.0,11.0,1.0,45.666666666666664,1.0,11.0,1.0,83.66666666666667,1.0,13.185697333634986,13.185697333634986,13.185697333634986,13.185697333634986,0.0
670,25.131172432447524,100.0,14.66666666666667,18.360968002438824,3088.075197665603,3,3,7759,4.0,4,100.0,0.0
671,0,0,0,0,0,0,0,7775,4,4,0.0,11.0,1.0,45.9375,1.0,11.0,1.0,91.4375,1.0,11.212467311906948,11.212467311906948,11.212467311906948,11.212467311906948,0.0
672,128.7985819193215,100.0,14.734375000000002,18.474813445901383,3946.0572998114003,16,16,7788,4.0,4,23.076923076923066,11.000000000000004,0.9999999999999999,33.76923076923077,0.9999999999999999,11.000000000000004,0.9999999999999999,75.53846153846153,0.9999999999999999,11.983854232732064,11.983854232732064,11.983854232732064,11.983854232732064,0.0
673,126.55728585256188,100.0,11.692307692307692,13.401581641843812,4868.520721537957,10,10,7797,4.0,4,0.0,11.0,1.0,41.333333333333336,1.0,11.0,1.0,88.1111111111111,1.0,11.836627666424546,11.836627666424546,11.836627666424546,11.836627666424546,0.0
674,79.40158071166891,100.0,13.583333333333336,16.537549235156234,3946.7636990003584,9,9,7813,4.0,4,6.25,11.0,2.875,42.00000000000001,1.0,11.0,7.375000000000001,88.375,1.0,12.0017800622918,12.0017800622918,12.0017800622918,12.0017800622918,0.0
675,141.12808104954888,100.0,14.218750000000002,16.55553757117977,4721.010245936213,15,15,7820,4.0,4,14.285714285714292,11.0,11.0,37.85714285714285,1.0,11.0,35.0,73.85714285714285,1.0,13.009907856550333,13.009907856550333,13.009907856550333,13.009907856550333,0.0
676,69.19013823744376,100.0,15.214285714285714,13.70615412936231,8124.350144997671,6,6,7822,4.0,4,0.0,11.0,6.0,33.5,1.0,11.0,18.0,70.5,1.0,20.583801502652932,20.583801502652932,20.583801502652932,20.583801502652932,0.0
677,20.0,100.0,12.875,12.596166684719662,14973.044470501918,2,2,7842,4.0,4,10.0,11.000000000000002,1.0000000000000002,42.8,1.0000000000000002,11.000000000000002,1.0000000000000002,80.7,1.0000000000000002,26.012284450189327,26.012284450189327,26.012284450189327,26.012284450189327,0.0
678,175.6726622020825,100.0,13.950000000000001,17.162026157166835,5083.288643749984,18,18,7861,4.0,4,0.0,11.000000000000002,1.0000000000000002,32.578947368421055,1.0000000000000002,11.000000000000002,1.0000000000000002,85.73684210526315,1.0000000000000002,41.41408005288165,41.41408005288165,41.41408005288165,41.41408005288165,0.0
679,182.0394907861469,100.0,11.394736842105264,12.925548674416731,6029.752759210839,19,19,7875,4.0,4,0.0,11.000000000000004,0.9999999999999999,36.0,0.9999999999999999,11.000000000000004,0.9999999999999999,96.00000000000003,0.9999999999999999,11.082240999842595,11.082240999842595,11.082240999842595,11.082240999842595,0.0
680,132.12406463674108,100.0,12.250000000000002,14.306903927824496,3195.4704389998888,14,14,7891,4.0,4,6.25,11.0,1.0,37.6875,1.0,11.0,1.0,88.625,1.0,12.949162312906992,12.949162312906992,12.949162312906992,12.949162312906992,0.0
681,144.67126266808805,100.0,12.671875,15.025482248205416,5817.906563875567,15,15,7899,4.0,4,0.0,11.0,1.0,42.0,1.0,11.0,1.0,99.0,1.0,11.864934624099988,11.864934624099988,11.864934624099988,11.864934624099988,0.0
682,66.41285544820806,100.0,13.750000000000002,16.813313177360374,3416.078447999098,8,8,7912,4.0,4,0.0,11.000000000000004,0.9999999999999999,39.00000000000001,0.9999999999999999,11.000000000000004,0.9999999999999999,91.3076923076923,0.9999999999999999,11.487888076002351,11.487888076002351,11.487888076002351,11.487888076002351,0.0
683,115.62979040302518,100.0,13.0,15.562834409466356,4666.979128230126,13,13,7927,4.0,4,33.33333333333334,11.000000000000004,1.0,35.13333333333333,1.0,11.000000000000004,1.0,70.13333333333333,1.0,14.334726133286798,14.334726133286798,14.334726133286798,14.334726133286798,0.0
684,142.74510461052805,100.0,12.033333333333333,13.988205597900397,5886.586881000646,10,10,7941,4.0,4,0.0,11.000000000000004,0.9999999999999999,45.0,0.9999999999999999,11.000000000000004,0.9999999999999999,87.35714285714286,0.9999999999999999,14.356962214930848,14.356962214930848,14.356962214930848,14.356962214930848,0.0
685,115.50415852853226,100.0,14.500000000000002,18.082557650705876,4687.496379857163,14,14,7954,4.0,4,15.384615384615387,11.000000000000004,0.9999999999999999,38.230769230769226,0.9999999999999999,11.000000000000004,0.9999999999999999,83.46153846153848,0.9999999999999999,16.3887054620248,16.3887054620248,16.3887054620248,16.3887054620248,0.0
686,117.8087575457085,100.0,12.807692307692307,15.245432109197152,6854.428722999448,11,11,7970,4.0,4,0.0,11.0,1.0,34.375,1.0,11.0,1.0,89.5625,1.0,36.21529912516053,36.21529912516053,36.21529912516053,36.21529912516053,0.0
687,152.88105812913187,100.0,11.84375,13.646153556535424,8408.369096624938,16,16,7990,4.0,4,15.0,11.000000000000002,1.0000000000000002,38.4,1.0000000000000002,11.000000000000002,1.0000000000000002,82.40000000000002,1.0000000000000002,16.436412400435074,16.436412400435074,16.436412400435074,16.436412400435074,0.0
688,178.50535983480168,100.0,12.850000000000003,15.363447813349454,5096.397767349481,17,17,8005,4.0,4,0.0,11.000000000000004,1.0,50.0,1.0,11.000000000000004,1.0,93.06666666666666,1.0,14.514270400104579,14.514270400104579,14.514270400104579,14.514270400104579,0.0
689,113.18022916355505,100.0,15.750000000000004,20.194066658380798,6472.420228599124,15,15,8021,4.0,4,0.0,11.0,1.0,55.187499999999986,1.0,11.0,1.0,96.1875,1.0,13.495551999767486,13.495551999767486,13.495551999767486,13.495551999767486,0.0
690,110.79288490377141,100.0,17.046875,22.396820748826094,4830.170868312962,16,16,8035,4.0,4,0.0,11.000000000000004,0.9999999999999999,42.285714285714285,0.9999999999999999,11.000000000000004,0.9999999999999999,94.21428571428572,0.9999999999999999,13.1509262137115,13.1509262137115,13.1509262137115,13.1509262137115,0.0
691,119.57277548834051,100.0,13.821428571428573,16.947614643777477,6075.948430000738,14,14,8035,4.0,4,100.0,0.0
692,0,0,0,0,0,0,0,8051,4,4,0.0,11.0,1.0,37.0,1.0,11.0,1.0,89.625,1.0,13.750940248428378,13.750940248428378,13.750940248428378,13.750940248428378,0.0
693,148.8870293198201,100.0,12.5,14.726331429450967,4816.436979187074,16,16,8066,4.0,4,0.0,11.000000000000004,1.0,36.6,1.0,11.000000000000004,1.0,90.66666666666666,1.0,15.064735067426227,15.064735067426227,15.064735067426227,15.064735067426227,0.0
694,139.04822404773515,100.0,12.400000000000002,14.562276843200278,5204.34046840043,15,15,8081,4.0,4,6.666666666666671,11.000000000000004,1.0,41.13333333333333,1.0,11.000000000000004,1.0,88.86666666666669,1.0,16.913564867475845,16.913564867475845,16.913564867475845,16.913564867475845,0.0
695,131.07637656800247,100.0,13.533333333333333,16.46334827867609,5269.028977331861,14,14,8096,4.0,4,0.0,11.000000000000004,1.0,40.00000000000001,1.0,11.000000000000004,1.0,90.73333333333333,1.0,14.079878332267981,14.079878332267981,14.079878332267981,14.079878332267981,0.0
696,132.35533793868328,100.0,13.25,15.981049492533442,4524.28429100061,15,15,8102,4.0,4,0.0,11.0,1.0,36.666666666666664,1.0,11.0,1.0,85.16666666666667,1.0,15.567448335787049,15.567448335787049,15.567448335787049,15.567448335787049,0.0
697,57.29030691212898,100.0,12.416666666666666,14.588609822538567,4456.165328167117,6,6,8102,4.0,4,100.0,0.0
698,0,0,0,0,0,0,0,8115,4,4,0.0,11.000000000000004,0.9999999999999999,40.15384615384615,0.9999999999999999,11.000000000000004,0.9999999999999999,85.38461538461539,0.9999999999999999,13.6507643071057,13.6507643071057,13.6507643071057,13.6507643071057,0.0
699,118.23235909489192,100.0,13.288461538461538,16.04306976018535,4218.956032538979,13,13,8120,4.0,4,40.0,11.000000000000002,1.0,39.6,1.0,11.000000000000002,1.0,73.6,1.0,12.690651199955028,12.690651199955028,12.690651199955028,12.690651199955028,0.0
700,47.715994695457994,100.0,13.15,15.810235893020351,5725.439276000543,3,3,8139,4.0,4,5.26315789473685,11.000000000000002,1.0000000000000002,48.94736842105264,1.0000000000000002,11.000000000000002,1.0000000000000002,88.31578947368422,1.0000000000000002,12.790696788885581,12.790696788885581,12.790696788885581,12.790696788885581,0.0
701,148.2203948785193,100.0,15.48684210526316,19.746942940800203,4306.5551823149835,18,18,8154,4.0,4,0.0,11.000000000000004,1.0,39.73333333333333,1.0,11.000000000000004,1.0,86.66666666666667,1.0,28.97685366818526,28.97685366818526,28.97685366818526,28.97685366818526,0.0
702,137.60311034264853,100.0,13.183333333333335,15.87513897381863,8440.526526800144,15,15,8160,4.0,4,0.0,11.0,1.0,43.0,1.0,11.0,1.0,99.16666666666667,1.0,29.24961533305274,29.24961533305274,29.24961533305274,29.24961533305274,0.0
703,48.97013354159294,100.0,14.000000000000002,17.23508209704653,5780.732591333314,6,6,8160,4.0,4,100.0,0.0
